1.0,1.0,1.0,840,grid,27
1.0,1.0,2.0,840,grid,172
1.0,1.0,3.0,840,grid,34
1.0,1.0,4.0,840,grid,12
1.0,1.0,5.0,840,grid,19
1.0,1.0,6.0,840,grid,200
1.0,1.0,7.0,840,grid,43
1.0,1.0,8.0,840,grid,88
1.0,1.0,9.0,840,grid,28
1.0,1.0,10.0,840,grid,26
1.0,1.0,11.0,840,grid,170
1.0,1.0,12.0,840,grid,2
1.0,2.0,1.0,840,grid,205
1.0,2.0,2.0,840,grid,68
1.0,2.0,3.0,840,grid,34
1.0,2.0,4.0,840,grid,37
1.0,2.0,5.0,840,grid,27
1.0,2.0,6.0,840,grid,23
1.0,2.0,7.0,840,grid,120
1.0,2.0,8.0,840,grid,28
1.0,2.0,9.0,840,grid,50
1.0,2.0,10.0,840,grid,41
1.0,2.0,11.0,840,grid,52
1.0,2.0,12.0,840,grid,46
1.0,3.0,1.0,840,grid,18
1.0,3.0,2.0,840,grid,128
1.0,3.0,3.0,840,grid,142
1.0,3.0,4.0,840,grid,8
1.0,3.0,5.0,840,grid,34
1.0,3.0,6.0,840,grid,103
1.0,3.0,7.0,840,grid,9
1.0,3.0,8.0,840,grid,10
1.0,3.0,9.0,840,grid,11
1.0,3.0,10.0,840,grid,43
1.0,3.0,11.0,840,grid,3
1.0,3.0,12.0,840,grid,30
1.0,4.0,1.0,840,grid,64
1.0,4.0,2.0,840,grid,144
1.0,4.0,3.0,840,grid,52
1.0,4.0,4.0,840,grid,24
1.0,4.0,5.0,840,grid,134
1.0,4.0,6.0,840,grid,45
1.0,4.0,7.0,840,grid,20
1.0,4.0,8.0,840,grid,39
1.0,4.0,9.0,840,grid,74
1.0,4.0,10.0,840,grid,16
1.0,4.0,11.0,840,grid,75
1.0,4.0,12.0,840,grid,33
1.0,5.0,1.0,840,grid,83
1.0,5.0,2.0,840,grid,52
1.0,5.0,3.0,840,grid,17
1.0,5.0,4.0,840,grid,87
1.0,5.0,5.0,840,grid,32
1.0,5.0,6.0,840,grid,57
1.0,5.0,7.0,840,grid,35
1.0,5.0,8.0,840,grid,47
1.0,5.0,9.0,840,grid,9
1.0,5.0,10.0,840,grid,47
1.0,5.0,11.0,840,grid,61
1.0,5.0,12.0,840,grid,26
2.0,1.0,1.0,840,grid,194
2.0,1.0,2.0,840,grid,66
2.0,1.0,3.0,840,grid,34
2.0,1.0,4.0,840,grid,104
2.0,1.0,5.0,840,grid,70
2.0,1.0,6.0,840,grid,91
2.0,1.0,7.0,840,grid,10
2.0,1.0,8.0,840,grid,37
2.0,1.0,9.0,840,grid,53
2.0,1.0,10.0,840,grid,51
2.0,1.0,11.0,840,grid,5
2.0,1.0,12.0,840,grid,27
2.0,2.0,1.0,840,grid,31
2.0,2.0,2.0,840,grid,178
2.0,2.0,3.0,840,grid,2
2.0,2.0,4.0,840,grid,58
2.0,2.0,5.0,840,grid,39
2.0,2.0,6.0,840,grid,126
2.0,2.0,7.0,840,grid,77
2.0,2.0,8.0,840,grid,31
2.0,2.0,9.0,840,grid,11
2.0,2.0,10.0,840,grid,8
2.0,2.0,11.0,840,grid,21
2.0,2.0,12.0,840,grid,37
2.0,3.0,1.0,840,grid,51
2.0,3.0,2.0,840,grid,24
2.0,3.0,3.0,840,grid,4
2.0,3.0,4.0,840,grid,14
2.0,3.0,5.0,840,grid,62
2.0,3.0,6.0,840,grid,87
2.0,3.0,7.0,840,grid,127
2.0,3.0,8.0,840,grid,65
2.0,3.0,9.0,840,grid,8
2.0,3.0,10.0,840,grid,17
2.0,3.0,11.0,840,grid,126
2.0,3.0,12.0,840,grid,16
2.0,4.0,1.0,840,grid,322
2.0,4.0,2.0,840,grid,3
2.0,4.0,3.0,840,grid,88
2.0,4.0,4.0,840,grid,28
2.0,4.0,5.0,840,grid,5
2.0,4.0,6.0,840,grid,137
2.0,4.0,7.0,840,grid,17
2.0,4.0,8.0,840,grid,46
2.0,4.0,9.0,840,grid,1
2.0,4.0,10.0,840,grid,14
2.0,4.0,11.0,840,grid,76
2.0,4.0,12.0,840,grid,19
2.0,5.0,1.0,840,grid,2
2.0,5.0,2.0,840,grid,7
2.0,5.0,3.0,840,grid,119
2.0,5.0,4.0,840,grid,4
2.0,5.0,5.0,840,grid,176
2.0,5.0,6.0,840,grid,39
2.0,5.0,7.0,840,grid,114
2.0,5.0,8.0,840,grid,47
2.0,5.0,9.0,840,grid,94
2.0,5.0,10.0,840,grid,38
2.0,5.0,11.0,840,grid,12
2.0,5.0,12.0,840,grid,15
3.0,1.0,1.0,840,grid,46
3.0,1.0,2.0,840,grid,18
3.0,1.0,3.0,840,grid,15
3.0,1.0,4.0,840,grid,6
3.0,1.0,5.0,840,grid,26
3.0,1.0,6.0,840,grid,155
3.0,1.0,7.0,840,grid,7
3.0,1.0,8.0,840,grid,68
3.0,1.0,9.0,840,grid,27
3.0,1.0,10.0,840,grid,61
3.0,1.0,11.0,840,grid,7
3.0,1.0,12.0,840,grid,37
3.0,2.0,1.0,840,grid,56
3.0,2.0,2.0,840,grid,96
3.0,2.0,3.0,840,grid,12
3.0,2.0,4.0,840,grid,23
3.0,2.0,5.0,840,grid,99
3.0,2.0,6.0,840,grid,69
3.0,2.0,7.0,840,grid,10
3.0,2.0,8.0,840,grid,97
3.0,2.0,9.0,840,grid,57
3.0,2.0,10.0,840,grid,91
3.0,2.0,11.0,840,grid,17
3.0,2.0,12.0,840,grid,38
3.0,3.0,1.0,840,grid,31
3.0,3.0,2.0,840,grid,54
3.0,3.0,3.0,840,grid,28
3.0,3.0,4.0,840,grid,6
3.0,3.0,5.0,840,grid,26
3.0,3.0,6.0,840,grid,55
3.0,3.0,7.0,840,grid,6
3.0,3.0,8.0,840,grid,1
3.0,3.0,9.0,840,grid,27
3.0,3.0,10.0,840,grid,30
3.0,3.0,11.0,840,grid,26
3.0,3.0,12.0,840,grid,2
3.0,4.0,1.0,840,grid,20
3.0,4.0,2.0,840,grid,38
3.0,4.0,3.0,840,grid,58
3.0,4.0,4.0,840,grid,4
3.0,4.0,5.0,840,grid,161
3.0,4.0,6.0,840,grid,103
3.0,4.0,7.0,840,grid,28
3.0,4.0,8.0,840,grid,88
3.0,4.0,9.0,840,grid,137
3.0,4.0,10.0,840,grid,15
3.0,4.0,11.0,840,grid,19
3.0,4.0,12.0,840,grid,43
3.0,5.0,1.0,840,grid,95
3.0,5.0,2.0,840,grid,82
3.0,5.0,3.0,840,grid,36
3.0,5.0,4.0,840,grid,10
3.0,5.0,5.0,840,grid,22
3.0,5.0,6.0,840,grid,31
3.0,5.0,7.0,840,grid,111
3.0,5.0,8.0,840,grid,52
3.0,5.0,9.0,840,grid,72
3.0,5.0,10.0,840,grid,133
3.0,5.0,11.0,840,grid,61
3.0,5.0,12.0,840,grid,80
4.0,1.0,1.0,840,grid,85
4.0,1.0,2.0,840,grid,12
4.0,1.0,3.0,840,grid,48
4.0,1.0,4.0,840,grid,76
4.0,1.0,5.0,840,grid,96
4.0,1.0,6.0,840,grid,46
4.0,1.0,7.0,840,grid,167
4.0,1.0,8.0,840,grid,10
4.0,1.0,9.0,840,grid,65
4.0,1.0,10.0,840,grid,29
4.0,1.0,11.0,840,grid,30
4.0,1.0,12.0,840,grid,59
4.0,2.0,1.0,840,grid,6
4.0,2.0,2.0,840,grid,17
4.0,2.0,3.0,840,grid,39
4.0,2.0,4.0,840,grid,2
4.0,2.0,5.0,840,grid,11
4.0,2.0,6.0,840,grid,37
4.0,2.0,7.0,840,grid,4
4.0,2.0,8.0,840,grid,99
4.0,2.0,9.0,840,grid,28
4.0,2.0,10.0,840,grid,6
4.0,2.0,11.0,840,grid,64
4.0,2.0,12.0,840,grid,9
4.0,3.0,1.0,840,grid,148
4.0,3.0,2.0,840,grid,59
4.0,3.0,3.0,840,grid,93
4.0,3.0,4.0,840,grid,31
4.0,3.0,5.0,840,grid,29
4.0,3.0,6.0,840,grid,1
4.0,3.0,7.0,840,grid,62
4.0,3.0,8.0,840,grid,76
4.0,3.0,9.0,840,grid,55
4.0,3.0,10.0,840,grid,19
4.0,3.0,11.0,840,grid,9
4.0,3.0,12.0,840,grid,85
4.0,4.0,1.0,840,grid,20
4.0,4.0,2.0,840,grid,1
4.0,4.0,3.0,840,grid,106
4.0,4.0,4.0,840,grid,18
4.0,4.0,5.0,840,grid,24
4.0,4.0,6.0,840,grid,3
4.0,4.0,7.0,840,grid,13
4.0,4.0,8.0,840,grid,2
4.0,4.0,9.0,840,grid,6
4.0,4.0,10.0,840,grid,56
4.0,4.0,11.0,840,grid,38
4.0,4.0,12.0,840,grid,31
4.0,5.0,1.0,840,grid,156
4.0,5.0,2.0,840,grid,74
4.0,5.0,3.0,840,grid,65
4.0,5.0,4.0,840,grid,16
4.0,5.0,5.0,840,grid,73
4.0,5.0,6.0,840,grid,174
4.0,5.0,7.0,840,grid,49
4.0,5.0,8.0,840,grid,144
4.0,5.0,9.0,840,grid,6
4.0,5.0,10.0,840,grid,49
4.0,5.0,11.0,840,grid,37
4.0,5.0,12.0,840,grid,118
5.0,1.0,1.0,840,grid,10
5.0,1.0,2.0,840,grid,58
5.0,1.0,3.0,840,grid,2
5.0,1.0,4.0,840,grid,7
5.0,1.0,5.0,840,grid,139
5.0,1.0,6.0,840,grid,23
5.0,1.0,7.0,840,grid,55
5.0,1.0,8.0,840,grid,59
5.0,1.0,9.0,840,grid,20
5.0,1.0,10.0,840,grid,103
5.0,1.0,11.0,840,grid,96
5.0,1.0,12.0,840,grid,43
5.0,2.0,1.0,840,grid,176
5.0,2.0,2.0,840,grid,63
5.0,2.0,3.0,840,grid,160
5.0,2.0,4.0,840,grid,10
5.0,2.0,5.0,840,grid,35
5.0,2.0,6.0,840,grid,37
5.0,2.0,7.0,840,grid,10
5.0,2.0,8.0,840,grid,39
5.0,2.0,9.0,840,grid,6
5.0,2.0,10.0,840,grid,6
5.0,2.0,11.0,840,grid,113
5.0,2.0,12.0,840,grid,32
5.0,3.0,1.0,840,grid,22
5.0,3.0,2.0,840,grid,28
5.0,3.0,3.0,840,grid,10
5.0,3.0,4.0,840,grid,37
5.0,3.0,5.0,840,grid,35
5.0,3.0,6.0,840,grid,36
5.0,3.0,7.0,840,grid,56
5.0,3.0,8.0,840,grid,53
5.0,3.0,9.0,840,grid,49
5.0,3.0,10.0,840,grid,65
5.0,3.0,11.0,840,grid,83
5.0,3.0,12.0,840,grid,1
5.0,4.0,1.0,840,grid,76
5.0,4.0,2.0,840,grid,1
5.0,4.0,3.0,840,grid,23
5.0,4.0,4.0,840,grid,114
5.0,4.0,5.0,840,grid,85
5.0,4.0,6.0,840,grid,65
5.0,4.0,7.0,840,grid,186
5.0,4.0,8.0,840,grid,77
5.0,4.0,9.0,840,grid,4
5.0,4.0,10.0,840,grid,106
5.0,4.0,11.0,840,grid,80
5.0,4.0,12.0,840,grid,36
5.0,5.0,1.0,840,grid,76
5.0,5.0,2.0,840,grid,17
5.0,5.0,3.0,840,grid,21
5.0,5.0,4.0,840,grid,23
5.0,5.0,5.0,840,grid,174
5.0,5.0,6.0,840,grid,2
5.0,5.0,7.0,840,grid,26
5.0,5.0,8.0,840,grid,46
5.0,5.0,9.0,840,grid,2
5.0,5.0,10.0,840,grid,25
5.0,5.0,11.0,840,grid,14
5.0,5.0,12.0,840,grid,53
6.0,1.0,1.0,840,grid,108
6.0,1.0,2.0,840,grid,12
6.0,1.0,3.0,840,grid,86
6.0,1.0,4.0,840,grid,67
6.0,1.0,5.0,840,grid,18
6.0,1.0,6.0,840,grid,41
6.0,1.0,7.0,840,grid,109
6.0,1.0,8.0,840,grid,6
6.0,1.0,9.0,840,grid,44
6.0,1.0,10.0,840,grid,17
6.0,1.0,11.0,840,grid,92
6.0,1.0,12.0,840,grid,1
6.0,2.0,1.0,840,grid,89
6.0,2.0,2.0,840,grid,15
6.0,2.0,3.0,840,grid,15
6.0,2.0,4.0,840,grid,52
6.0,2.0,5.0,840,grid,26
6.0,2.0,6.0,840,grid,2
6.0,2.0,7.0,840,grid,7
6.0,2.0,8.0,840,grid,26
6.0,2.0,9.0,840,grid,8
6.0,2.0,10.0,840,grid,129
6.0,2.0,11.0,840,grid,143
6.0,2.0,12.0,840,grid,73
6.0,3.0,1.0,840,grid,35
6.0,3.0,2.0,840,grid,69
6.0,3.0,3.0,840,grid,123
6.0,3.0,4.0,840,grid,21
6.0,3.0,5.0,840,grid,75
6.0,3.0,6.0,840,grid,138
6.0,3.0,7.0,840,grid,22
6.0,3.0,8.0,840,grid,81
6.0,3.0,9.0,840,grid,27
6.0,3.0,10.0,840,grid,66
6.0,3.0,11.0,840,grid,124
6.0,3.0,12.0,840,grid,24
6.0,4.0,1.0,840,grid,25
6.0,4.0,2.0,840,grid,41
6.0,4.0,3.0,840,grid,140
6.0,4.0,4.0,840,grid,61
6.0,4.0,5.0,840,grid,1
6.0,4.0,6.0,840,grid,27
6.0,4.0,7.0,840,grid,36
6.0,4.0,8.0,840,grid,23
6.0,4.0,9.0,840,grid,7
6.0,4.0,10.0,840,grid,163
6.0,4.0,11.0,840,grid,111
6.0,4.0,12.0,840,grid,7
6.0,5.0,1.0,840,grid,2
6.0,5.0,2.0,840,grid,77
6.0,5.0,3.0,840,grid,106
6.0,5.0,4.0,840,grid,25
6.0,5.0,5.0,840,grid,97
6.0,5.0,6.0,840,grid,58
6.0,5.0,7.0,840,grid,37
6.0,5.0,8.0,840,grid,50
6.0,5.0,9.0,840,grid,56
6.0,5.0,10.0,840,grid,99
6.0,5.0,11.0,840,grid,26
6.0,5.0,12.0,840,grid,15
7.0,1.0,1.0,840,grid,31
7.0,1.0,2.0,840,grid,56
7.0,1.0,3.0,840,grid,19
7.0,1.0,4.0,840,grid,42
7.0,1.0,5.0,840,grid,16
7.0,1.0,6.0,840,grid,116
7.0,1.0,7.0,840,grid,27
7.0,1.0,8.0,840,grid,21
7.0,1.0,9.0,840,grid,111
7.0,1.0,10.0,840,grid,101
7.0,1.0,11.0,840,grid,99
7.0,1.0,12.0,840,grid,42
7.0,2.0,1.0,840,grid,12
7.0,2.0,2.0,840,grid,18
7.0,2.0,3.0,840,grid,16
7.0,2.0,4.0,840,grid,141
7.0,2.0,5.0,840,grid,36
7.0,2.0,6.0,840,grid,58
7.0,2.0,7.0,840,grid,41
7.0,2.0,8.0,840,grid,49
7.0,2.0,9.0,840,grid,7
7.0,2.0,10.0,840,grid,1
7.0,2.0,11.0,840,grid,46
7.0,2.0,12.0,840,grid,56
7.0,3.0,1.0,840,grid,34
7.0,3.0,2.0,840,grid,102
7.0,3.0,3.0,840,grid,5
7.0,3.0,4.0,840,grid,36
7.0,3.0,5.0,840,grid,41
7.0,3.0,6.0,840,grid,62
7.0,3.0,7.0,840,grid,73
7.0,3.0,8.0,840,grid,34
7.0,3.0,9.0,840,grid,130
7.0,3.0,10.0,840,grid,71
7.0,3.0,11.0,840,grid,53
7.0,3.0,12.0,840,grid,39
7.0,4.0,1.0,840,grid,89
7.0,4.0,2.0,840,grid,164
7.0,4.0,3.0,840,grid,11
7.0,4.0,4.0,840,grid,90
7.0,4.0,5.0,840,grid,53
7.0,4.0,6.0,840,grid,16
7.0,4.0,7.0,840,grid,213
7.0,4.0,8.0,840,grid,93
7.0,4.0,9.0,840,grid,110
7.0,4.0,10.0,840,grid,55
7.0,4.0,11.0,840,grid,20
7.0,4.0,12.0,840,grid,119
7.0,5.0,1.0,840,grid,121
7.0,5.0,2.0,840,grid,41
7.0,5.0,3.0,840,grid,140
7.0,5.0,4.0,840,grid,74
7.0,5.0,5.0,840,grid,15
7.0,5.0,6.0,840,grid,155
7.0,5.0,7.0,840,grid,5
7.0,5.0,8.0,840,grid,5
7.0,5.0,9.0,840,grid,94
7.0,5.0,10.0,840,grid,54
7.0,5.0,11.0,840,grid,49
7.0,5.0,12.0,840,grid,80
8.0,1.0,1.0,840,grid,17
8.0,1.0,2.0,840,grid,18
8.0,1.0,3.0,840,grid,16
8.0,1.0,4.0,840,grid,183
8.0,1.0,5.0,840,grid,30
8.0,1.0,6.0,840,grid,18
8.0,1.0,7.0,840,grid,56
8.0,1.0,8.0,840,grid,268
8.0,1.0,9.0,840,grid,25
8.0,1.0,10.0,840,grid,19
8.0,1.0,11.0,840,grid,40
8.0,1.0,12.0,840,grid,73
8.0,2.0,1.0,840,grid,6
8.0,2.0,2.0,840,grid,109
8.0,2.0,3.0,840,grid,12
8.0,2.0,4.0,840,grid,40
8.0,2.0,5.0,840,grid,87
8.0,2.0,6.0,840,grid,53
8.0,2.0,7.0,840,grid,113
8.0,2.0,8.0,840,grid,90
8.0,2.0,9.0,840,grid,61
8.0,2.0,10.0,840,grid,12
8.0,2.0,11.0,840,grid,34
8.0,2.0,12.0,840,grid,25
8.0,3.0,1.0,840,grid,35
8.0,3.0,2.0,840,grid,4
8.0,3.0,3.0,840,grid,25
8.0,3.0,4.0,840,grid,7
8.0,3.0,5.0,840,grid,35
8.0,3.0,6.0,840,grid,28
8.0,3.0,7.0,840,grid,6
8.0,3.0,8.0,840,grid,8
8.0,3.0,9.0,840,grid,23
8.0,3.0,10.0,840,grid,115
8.0,3.0,11.0,840,grid,27
8.0,3.0,12.0,840,grid,27
8.0,4.0,1.0,840,grid,44
8.0,4.0,2.0,840,grid,49
8.0,4.0,3.0,840,grid,11
8.0,4.0,4.0,840,grid,125
8.0,4.0,5.0,840,grid,32
8.0,4.0,6.0,840,grid,42
8.0,4.0,7.0,840,grid,2
8.0,4.0,8.0,840,grid,14
8.0,4.0,9.0,840,grid,39
8.0,4.0,10.0,840,grid,9
8.0,4.0,11.0,840,grid,106
8.0,4.0,12.0,840,grid,14
8.0,5.0,1.0,840,grid,70
8.0,5.0,2.0,840,grid,75
8.0,5.0,3.0,840,grid,14
8.0,5.0,4.0,840,grid,38
8.0,5.0,5.0,840,grid,21
8.0,5.0,6.0,840,grid,6
8.0,5.0,7.0,840,grid,9
8.0,5.0,8.0,840,grid,8
8.0,5.0,9.0,840,grid,25
8.0,5.0,10.0,840,grid,73
8.0,5.0,11.0,840,grid,88
8.0,5.0,12.0,840,grid,3
9.0,1.0,1.0,840,grid,59
9.0,1.0,2.0,840,grid,23
9.0,1.0,3.0,840,grid,28
9.0,1.0,4.0,840,grid,25
9.0,1.0,5.0,840,grid,39
9.0,1.0,6.0,840,grid,112
9.0,1.0,7.0,840,grid,117
9.0,1.0,8.0,840,grid,43
9.0,1.0,9.0,840,grid,9
9.0,1.0,10.0,840,grid,14
9.0,1.0,11.0,840,grid,98
9.0,1.0,12.0,840,grid,23
9.0,2.0,1.0,840,grid,35
9.0,2.0,2.0,840,grid,30
9.0,2.0,3.0,840,grid,17
9.0,2.0,4.0,840,grid,6
9.0,2.0,5.0,840,grid,39
9.0,2.0,6.0,840,grid,71
9.0,2.0,7.0,840,grid,23
9.0,2.0,8.0,840,grid,32
9.0,2.0,9.0,840,grid,9
9.0,2.0,10.0,840,grid,49
9.0,2.0,11.0,840,grid,166
9.0,2.0,12.0,840,grid,43
9.0,3.0,1.0,840,grid,12
9.0,3.0,2.0,840,grid,106
9.0,3.0,3.0,840,grid,102
9.0,3.0,4.0,840,grid,31
9.0,3.0,5.0,840,grid,185
9.0,3.0,6.0,840,grid,85
9.0,3.0,7.0,840,grid,74
9.0,3.0,8.0,840,grid,5
9.0,3.0,9.0,840,grid,40
9.0,3.0,10.0,840,grid,20
9.0,3.0,11.0,840,grid,16
9.0,3.0,12.0,840,grid,58
9.0,4.0,1.0,840,grid,9
9.0,4.0,2.0,840,grid,6
9.0,4.0,3.0,840,grid,57
9.0,4.0,4.0,840,grid,73
9.0,4.0,5.0,840,grid,30
9.0,4.0,6.0,840,grid,125
9.0,4.0,7.0,840,grid,20
9.0,4.0,8.0,840,grid,3
9.0,4.0,9.0,840,grid,85
9.0,4.0,10.0,840,grid,29
9.0,4.0,11.0,840,grid,38
9.0,4.0,12.0,840,grid,33
9.0,5.0,1.0,840,grid,41
9.0,5.0,2.0,840,grid,53
9.0,5.0,3.0,840,grid,38
9.0,5.0,4.0,840,grid,7
9.0,5.0,5.0,840,grid,36
9.0,5.0,6.0,840,grid,90
9.0,5.0,7.0,840,grid,44
9.0,5.0,8.0,840,grid,54
9.0,5.0,9.0,840,grid,27
9.0,5.0,10.0,840,grid,189
9.0,5.0,11.0,840,grid,5
9.0,5.0,12.0,840,grid,7
10.0,1.0,1.0,840,grid,9
10.0,1.0,2.0,840,grid,167
10.0,1.0,3.0,840,grid,80
10.0,1.0,4.0,840,grid,7
10.0,1.0,5.0,840,grid,45
10.0,1.0,6.0,840,grid,98
10.0,1.0,7.0,840,grid,125
10.0,1.0,8.0,840,grid,100
10.0,1.0,9.0,840,grid,14
10.0,1.0,10.0,840,grid,54
10.0,1.0,11.0,840,grid,4
10.0,1.0,12.0,840,grid,15
10.0,2.0,1.0,840,grid,12
10.0,2.0,2.0,840,grid,30
10.0,2.0,3.0,840,grid,68
10.0,2.0,4.0,840,grid,7
10.0,2.0,5.0,840,grid,2
10.0,2.0,6.0,840,grid,17
10.0,2.0,7.0,840,grid,5
10.0,2.0,8.0,840,grid,32
10.0,2.0,9.0,840,grid,28
10.0,2.0,10.0,840,grid,14
10.0,2.0,11.0,840,grid,16
10.0,2.0,12.0,840,grid,33
10.0,3.0,1.0,840,grid,34
10.0,3.0,2.0,840,grid,134
10.0,3.0,3.0,840,grid,14
10.0,3.0,4.0,840,grid,184
10.0,3.0,5.0,840,grid,3
10.0,3.0,6.0,840,grid,140
10.0,3.0,7.0,840,grid,7
10.0,3.0,8.0,840,grid,139
10.0,3.0,9.0,840,grid,46
10.0,3.0,10.0,840,grid,160
10.0,3.0,11.0,840,grid,55
10.0,3.0,12.0,840,grid,137
10.0,4.0,1.0,840,grid,57
10.0,4.0,2.0,840,grid,20
10.0,4.0,3.0,840,grid,3
10.0,4.0,4.0,840,grid,38
10.0,4.0,5.0,840,grid,120
10.0,4.0,6.0,840,grid,174
10.0,4.0,7.0,840,grid,24
10.0,4.0,8.0,840,grid,10
10.0,4.0,9.0,840,grid,29
10.0,4.0,10.0,840,grid,4
10.0,4.0,11.0,840,grid,90
10.0,4.0,12.0,840,grid,54
10.0,5.0,1.0,840,grid,60
10.0,5.0,2.0,840,grid,59
10.0,5.0,3.0,840,grid,40
10.0,5.0,4.0,840,grid,16
10.0,5.0,5.0,840,grid,27
10.0,5.0,6.0,840,grid,60
10.0,5.0,7.0,840,grid,51
10.0,5.0,8.0,840,grid,53
10.0,5.0,9.0,840,grid,231
10.0,5.0,10.0,840,grid,6
10.0,5.0,11.0,840,grid,96
10.0,5.0,12.0,840,grid,59
11.0,1.0,1.0,840,grid,1
11.0,1.0,2.0,840,grid,27
11.0,1.0,3.0,840,grid,133
11.0,1.0,4.0,840,grid,50
11.0,1.0,5.0,840,grid,54
11.0,1.0,6.0,840,grid,14
11.0,1.0,7.0,840,grid,49
11.0,1.0,8.0,840,grid,5
11.0,1.0,9.0,840,grid,18
11.0,1.0,10.0,840,grid,91
11.0,1.0,11.0,840,grid,140
11.0,1.0,12.0,840,grid,8
11.0,2.0,1.0,840,grid,3
11.0,2.0,2.0,840,grid,30
11.0,2.0,3.0,840,grid,69
11.0,2.0,4.0,840,grid,60
11.0,2.0,5.0,840,grid,49
11.0,2.0,6.0,840,grid,7
11.0,2.0,7.0,840,grid,127
11.0,2.0,8.0,840,grid,38
11.0,2.0,9.0,840,grid,4
11.0,2.0,10.0,840,grid,10
11.0,2.0,11.0,840,grid,47
11.0,2.0,12.0,840,grid,8
11.0,3.0,1.0,840,grid,6
11.0,3.0,2.0,840,grid,42
11.0,3.0,3.0,840,grid,106
11.0,3.0,4.0,840,grid,34
11.0,3.0,5.0,840,grid,51
11.0,3.0,6.0,840,grid,61
11.0,3.0,7.0,840,grid,27
11.0,3.0,8.0,840,grid,79
11.0,3.0,9.0,840,grid,60
11.0,3.0,10.0,840,grid,47
11.0,3.0,11.0,840,grid,43
11.0,3.0,12.0,840,grid,44
11.0,4.0,1.0,840,grid,79
11.0,4.0,2.0,840,grid,19
11.0,4.0,3.0,840,grid,119
11.0,4.0,4.0,840,grid,8
11.0,4.0,5.0,840,grid,10
11.0,4.0,6.0,840,grid,65
11.0,4.0,7.0,840,grid,86
11.0,4.0,8.0,840,grid,12
11.0,4.0,9.0,840,grid,68
11.0,4.0,10.0,840,grid,34
11.0,4.0,11.0,840,grid,73
11.0,4.0,12.0,840,grid,37
11.0,5.0,1.0,840,grid,60
11.0,5.0,2.0,840,grid,38
11.0,5.0,3.0,840,grid,299
11.0,5.0,4.0,840,grid,48
11.0,5.0,5.0,840,grid,6
11.0,5.0,6.0,840,grid,24
11.0,5.0,7.0,840,grid,7
11.0,5.0,8.0,840,grid,25
11.0,5.0,9.0,840,grid,54
11.0,5.0,10.0,840,grid,23
11.0,5.0,11.0,840,grid,10
11.0,5.0,12.0,840,grid,7
12.0,1.0,1.0,840,grid,139
12.0,1.0,2.0,840,grid,69
12.0,1.0,3.0,840,grid,7
12.0,1.0,4.0,840,grid,7
12.0,1.0,5.0,840,grid,185
12.0,1.0,6.0,840,grid,107
12.0,1.0,7.0,840,grid,7
12.0,1.0,8.0,840,grid,163
12.0,1.0,9.0,840,grid,13
12.0,1.0,10.0,840,grid,91
12.0,1.0,11.0,840,grid,28
12.0,1.0,12.0,840,grid,14
12.0,2.0,1.0,840,grid,31
12.0,2.0,2.0,840,grid,92
12.0,2.0,3.0,840,grid,85
12.0,2.0,4.0,840,grid,79
12.0,2.0,5.0,840,grid,33
12.0,2.0,6.0,840,grid,21
12.0,2.0,7.0,840,grid,81
12.0,2.0,8.0,840,grid,328
12.0,2.0,9.0,840,grid,74
12.0,2.0,10.0,840,grid,3
12.0,2.0,11.0,840,grid,35
12.0,2.0,12.0,840,grid,12
12.0,3.0,1.0,840,grid,54
12.0,3.0,2.0,840,grid,78
12.0,3.0,3.0,840,grid,48
12.0,3.0,4.0,840,grid,16
12.0,3.0,5.0,840,grid,33
12.0,3.0,6.0,840,grid,10
12.0,3.0,7.0,840,grid,92
12.0,3.0,8.0,840,grid,41
12.0,3.0,9.0,840,grid,40
12.0,3.0,10.0,840,grid,50
12.0,3.0,11.0,840,grid,62
12.0,3.0,12.0,840,grid,15
12.0,4.0,1.0,840,grid,3
12.0,4.0,2.0,840,grid,32
12.0,4.0,3.0,840,grid,23
12.0,4.0,4.0,840,grid,15
12.0,4.0,5.0,840,grid,164
12.0,4.0,6.0,840,grid,40
12.0,4.0,7.0,840,grid,56
12.0,4.0,8.0,840,grid,17
12.0,4.0,9.0,840,grid,14
12.0,4.0,10.0,840,grid,73
12.0,4.0,11.0,840,grid,146
12.0,4.0,12.0,840,grid,31
12.0,5.0,1.0,840,grid,28
12.0,5.0,2.0,840,grid,42
12.0,5.0,3.0,840,grid,36
12.0,5.0,4.0,840,grid,7
12.0,5.0,5.0,840,grid,159
12.0,5.0,6.0,840,grid,47
12.0,5.0,7.0,840,grid,59
12.0,5.0,8.0,840,grid,65
12.0,5.0,9.0,840,grid,32
12.0,5.0,10.0,840,grid,53
12.0,5.0,11.0,840,grid,22
12.0,5.0,12.0,840,grid,18
13.0,1.0,1.0,840,grid,13
13.0,1.0,2.0,840,grid,27
13.0,1.0,3.0,840,grid,61
13.0,1.0,4.0,840,grid,22
13.0,1.0,5.0,840,grid,108
13.0,1.0,6.0,840,grid,158
13.0,1.0,7.0,840,grid,51
13.0,1.0,8.0,840,grid,20
13.0,1.0,9.0,840,grid,9
13.0,1.0,10.0,840,grid,33
13.0,1.0,11.0,840,grid,26
13.0,1.0,12.0,840,grid,132
13.0,2.0,1.0,840,grid,58
13.0,2.0,2.0,840,grid,88
13.0,2.0,3.0,840,grid,138
13.0,2.0,4.0,840,grid,159
13.0,2.0,5.0,840,grid,48
13.0,2.0,6.0,840,grid,117
13.0,2.0,7.0,840,grid,25
13.0,2.0,8.0,840,grid,57
13.0,2.0,9.0,840,grid,12
13.0,2.0,10.0,840,grid,16
13.0,2.0,11.0,840,grid,2
13.0,2.0,12.0,840,grid,24
13.0,3.0,1.0,840,grid,105
13.0,3.0,2.0,840,grid,55
13.0,3.0,3.0,840,grid,19
13.0,3.0,4.0,840,grid,26
13.0,3.0,5.0,840,grid,195
13.0,3.0,6.0,840,grid,70
13.0,3.0,7.0,840,grid,26
13.0,3.0,8.0,840,grid,59
13.0,3.0,9.0,840,grid,63
13.0,3.0,10.0,840,grid,14
13.0,3.0,11.0,840,grid,42
13.0,3.0,12.0,840,grid,71
13.0,4.0,1.0,840,grid,4
13.0,4.0,2.0,840,grid,212
13.0,4.0,3.0,840,grid,145
13.0,4.0,4.0,840,grid,32
13.0,4.0,5.0,840,grid,5
13.0,4.0,6.0,840,grid,89
13.0,4.0,7.0,840,grid,107
13.0,4.0,8.0,840,grid,30
13.0,4.0,9.0,840,grid,10
13.0,4.0,10.0,840,grid,111
13.0,4.0,11.0,840,grid,56
13.0,4.0,12.0,840,grid,92
13.0,5.0,1.0,840,grid,19
13.0,5.0,2.0,840,grid,26
13.0,5.0,3.0,840,grid,38
13.0,5.0,4.0,840,grid,59
13.0,5.0,5.0,840,grid,46
13.0,5.0,6.0,840,grid,3
13.0,5.0,7.0,840,grid,10
13.0,5.0,8.0,840,grid,25
13.0,5.0,9.0,840,grid,84
13.0,5.0,10.0,840,grid,154
13.0,5.0,11.0,840,grid,37
13.0,5.0,12.0,840,grid,56
14.0,1.0,1.0,840,grid,7
14.0,1.0,2.0,840,grid,78
14.0,1.0,3.0,840,grid,77
14.0,1.0,4.0,840,grid,114
14.0,1.0,5.0,840,grid,28
14.0,1.0,6.0,840,grid,74
14.0,1.0,7.0,840,grid,12
14.0,1.0,8.0,840,grid,183
14.0,1.0,9.0,840,grid,85
14.0,1.0,10.0,840,grid,121
14.0,1.0,11.0,840,grid,123
14.0,1.0,12.0,840,grid,6
14.0,2.0,1.0,840,grid,14
14.0,2.0,2.0,840,grid,21
14.0,2.0,3.0,840,grid,6
14.0,2.0,4.0,840,grid,106
14.0,2.0,5.0,840,grid,71
14.0,2.0,6.0,840,grid,26
14.0,2.0,7.0,840,grid,2
14.0,2.0,8.0,840,grid,149
14.0,2.0,9.0,840,grid,9
14.0,2.0,10.0,840,grid,121
14.0,2.0,11.0,840,grid,82
14.0,2.0,12.0,840,grid,2
14.0,3.0,1.0,840,grid,27
14.0,3.0,2.0,840,grid,40
14.0,3.0,3.0,840,grid,25
14.0,3.0,4.0,840,grid,21
14.0,3.0,5.0,840,grid,12
14.0,3.0,6.0,840,grid,50
14.0,3.0,7.0,840,grid,76
14.0,3.0,8.0,840,grid,73
14.0,3.0,9.0,840,grid,51
14.0,3.0,10.0,840,grid,1
14.0,3.0,11.0,840,grid,16
14.0,3.0,12.0,840,grid,97
14.0,4.0,1.0,840,grid,19
14.0,4.0,2.0,840,grid,5
14.0,4.0,3.0,840,grid,29
14.0,4.0,4.0,840,grid,24
14.0,4.0,5.0,840,grid,38
14.0,4.0,6.0,840,grid,12
14.0,4.0,7.0,840,grid,117
14.0,4.0,8.0,840,grid,99
14.0,4.0,9.0,840,grid,9
14.0,4.0,10.0,840,grid,24
14.0,4.0,11.0,840,grid,42
14.0,4.0,12.0,840,grid,168
14.0,5.0,1.0,840,grid,176
14.0,5.0,2.0,840,grid,43
14.0,5.0,3.0,840,grid,28
14.0,5.0,4.0,840,grid,36
14.0,5.0,5.0,840,grid,34
14.0,5.0,6.0,840,grid,77
14.0,5.0,7.0,840,grid,40
14.0,5.0,8.0,840,grid,81
14.0,5.0,9.0,840,grid,13
14.0,5.0,10.0,840,grid,158
14.0,5.0,11.0,840,grid,27
14.0,5.0,12.0,840,grid,21
1.0,1.0,1.0,715,grid,9
1.0,1.0,2.0,715,grid,37
1.0,1.0,3.0,715,grid,23
1.0,1.0,4.0,715,grid,42
1.0,1.0,5.0,715,grid,27
1.0,1.0,6.0,715,grid,49
1.0,1.0,7.0,715,grid,23
1.0,1.0,8.0,715,grid,21
1.0,1.0,9.0,715,grid,17
1.0,1.0,10.0,715,grid,91
1.0,1.0,11.0,715,grid,16
1.0,2.0,1.0,715,grid,12
1.0,2.0,2.0,715,grid,46
1.0,2.0,3.0,715,grid,60
1.0,2.0,4.0,715,grid,2
1.0,2.0,5.0,715,grid,50
1.0,2.0,6.0,715,grid,32
1.0,2.0,7.0,715,grid,18
1.0,2.0,8.0,715,grid,16
1.0,2.0,9.0,715,grid,7
1.0,2.0,10.0,715,grid,58
1.0,2.0,11.0,715,grid,52
1.0,3.0,1.0,715,grid,38
1.0,3.0,2.0,715,grid,83
1.0,3.0,3.0,715,grid,4
1.0,3.0,4.0,715,grid,98
1.0,3.0,5.0,715,grid,11
1.0,3.0,6.0,715,grid,33
1.0,3.0,7.0,715,grid,59
1.0,3.0,8.0,715,grid,8
1.0,3.0,9.0,715,grid,40
1.0,3.0,10.0,715,grid,60
1.0,3.0,11.0,715,grid,74
1.0,4.0,1.0,715,grid,135
1.0,4.0,2.0,715,grid,184
1.0,4.0,3.0,715,grid,8
1.0,4.0,4.0,715,grid,58
1.0,4.0,5.0,715,grid,3
1.0,4.0,6.0,715,grid,108
1.0,4.0,7.0,715,grid,99
1.0,4.0,8.0,715,grid,1
1.0,4.0,9.0,715,grid,21
1.0,4.0,10.0,715,grid,53
1.0,4.0,11.0,715,grid,35
1.0,5.0,1.0,715,grid,57
1.0,5.0,2.0,715,grid,13
1.0,5.0,3.0,715,grid,38
1.0,5.0,4.0,715,grid,7
1.0,5.0,5.0,715,grid,98
1.0,5.0,6.0,715,grid,87
1.0,5.0,7.0,715,grid,195
1.0,5.0,8.0,715,grid,29
1.0,5.0,9.0,715,grid,8
1.0,5.0,10.0,715,grid,9
1.0,5.0,11.0,715,grid,20
2.0,1.0,1.0,715,grid,17
2.0,1.0,2.0,715,grid,60
2.0,1.0,3.0,715,grid,18
2.0,1.0,4.0,715,grid,19
2.0,1.0,5.0,715,grid,124
2.0,1.0,6.0,715,grid,42
2.0,1.0,7.0,715,grid,35
2.0,1.0,8.0,715,grid,31
2.0,1.0,9.0,715,grid,22
2.0,1.0,10.0,715,grid,12
2.0,1.0,11.0,715,grid,112
2.0,2.0,1.0,715,grid,48
2.0,2.0,2.0,715,grid,136
2.0,2.0,3.0,715,grid,43
2.0,2.0,4.0,715,grid,38
2.0,2.0,5.0,715,grid,50
2.0,2.0,6.0,715,grid,86
2.0,2.0,7.0,715,grid,25
2.0,2.0,8.0,715,grid,88
2.0,2.0,9.0,715,grid,6
2.0,2.0,10.0,715,grid,1
2.0,2.0,11.0,715,grid,100
2.0,3.0,1.0,715,grid,56
2.0,3.0,2.0,715,grid,101
2.0,3.0,3.0,715,grid,37
2.0,3.0,4.0,715,grid,170
2.0,3.0,5.0,715,grid,10
2.0,3.0,6.0,715,grid,24
2.0,3.0,7.0,715,grid,86
2.0,3.0,8.0,715,grid,11
2.0,3.0,9.0,715,grid,93
2.0,3.0,10.0,715,grid,129
2.0,3.0,11.0,715,grid,10
2.0,4.0,1.0,715,grid,43
2.0,4.0,2.0,715,grid,23
2.0,4.0,3.0,715,grid,82
2.0,4.0,4.0,715,grid,70
2.0,4.0,5.0,715,grid,129
2.0,4.0,6.0,715,grid,27
2.0,4.0,7.0,715,grid,131
2.0,4.0,8.0,715,grid,49
2.0,4.0,9.0,715,grid,9
2.0,4.0,10.0,715,grid,11
2.0,4.0,11.0,715,grid,51
2.0,5.0,1.0,715,grid,4
2.0,5.0,2.0,715,grid,9
2.0,5.0,3.0,715,grid,16
2.0,5.0,4.0,715,grid,59
2.0,5.0,5.0,715,grid,15
2.0,5.0,6.0,715,grid,55
2.0,5.0,7.0,715,grid,70
2.0,5.0,8.0,715,grid,102
2.0,5.0,9.0,715,grid,82
2.0,5.0,10.0,715,grid,85
2.0,5.0,11.0,715,grid,27
3.0,1.0,1.0,715,grid,110
3.0,1.0,2.0,715,grid,80
3.0,1.0,3.0,715,grid,37
3.0,1.0,4.0,715,grid,45
3.0,1.0,5.0,715,grid,35
3.0,1.0,6.0,715,grid,27
3.0,1.0,7.0,715,grid,76
3.0,1.0,8.0,715,grid,10
3.0,1.0,9.0,715,grid,59
3.0,1.0,10.0,715,grid,19
3.0,1.0,11.0,715,grid,7
3.0,2.0,1.0,715,grid,113
3.0,2.0,2.0,715,grid,130
3.0,2.0,3.0,715,grid,23
3.0,2.0,4.0,715,grid,19
3.0,2.0,5.0,715,grid,2
3.0,2.0,6.0,715,grid,62
3.0,2.0,7.0,715,grid,27
3.0,2.0,8.0,715,grid,22
3.0,2.0,9.0,715,grid,20
3.0,2.0,10.0,715,grid,105
3.0,2.0,11.0,715,grid,5
3.0,3.0,1.0,715,grid,54
3.0,3.0,2.0,715,grid,77
3.0,3.0,3.0,715,grid,53
3.0,3.0,4.0,715,grid,15
3.0,3.0,5.0,715,grid,3
3.0,3.0,6.0,715,grid,50
3.0,3.0,7.0,715,grid,37
3.0,3.0,8.0,715,grid,20
3.0,3.0,9.0,715,grid,38
3.0,3.0,10.0,715,grid,69
3.0,3.0,11.0,715,grid,10
3.0,4.0,1.0,715,grid,7
3.0,4.0,2.0,715,grid,14
3.0,4.0,3.0,715,grid,25
3.0,4.0,4.0,715,grid,173
3.0,4.0,5.0,715,grid,8
3.0,4.0,6.0,715,grid,6
3.0,4.0,7.0,715,grid,3
3.0,4.0,8.0,715,grid,28
3.0,4.0,9.0,715,grid,168
3.0,4.0,10.0,715,grid,48
3.0,4.0,11.0,715,grid,34
3.0,5.0,1.0,715,grid,6
3.0,5.0,2.0,715,grid,135
3.0,5.0,3.0,715,grid,5
3.0,5.0,4.0,715,grid,9
3.0,5.0,5.0,715,grid,20
3.0,5.0,6.0,715,grid,32
3.0,5.0,7.0,715,grid,52
3.0,5.0,8.0,715,grid,46
3.0,5.0,9.0,715,grid,62
3.0,5.0,10.0,715,grid,31
3.0,5.0,11.0,715,grid,35
4.0,1.0,1.0,715,grid,22
4.0,1.0,2.0,715,grid,43
4.0,1.0,3.0,715,grid,110
4.0,1.0,4.0,715,grid,1
4.0,1.0,5.0,715,grid,59
4.0,1.0,6.0,715,grid,16
4.0,1.0,7.0,715,grid,9
4.0,1.0,8.0,715,grid,27
4.0,1.0,9.0,715,grid,32
4.0,1.0,10.0,715,grid,41
4.0,1.0,11.0,715,grid,34
4.0,2.0,1.0,715,grid,1
4.0,2.0,2.0,715,grid,65
4.0,2.0,3.0,715,grid,18
4.0,2.0,4.0,715,grid,28
4.0,2.0,5.0,715,grid,62
4.0,2.0,6.0,715,grid,32
4.0,2.0,7.0,715,grid,26
4.0,2.0,8.0,715,grid,17
4.0,2.0,9.0,715,grid,48
4.0,2.0,10.0,715,grid,43
4.0,2.0,11.0,715,grid,33
4.0,3.0,1.0,715,grid,17
4.0,3.0,2.0,715,grid,27
4.0,3.0,3.0,715,grid,50
4.0,3.0,4.0,715,grid,1
4.0,3.0,5.0,715,grid,29
4.0,3.0,6.0,715,grid,41
4.0,3.0,7.0,715,grid,23
4.0,3.0,8.0,715,grid,8
4.0,3.0,9.0,715,grid,24
4.0,3.0,10.0,715,grid,33
4.0,3.0,11.0,715,grid,41
4.0,4.0,1.0,715,grid,26
4.0,4.0,2.0,715,grid,24
4.0,4.0,3.0,715,grid,13
4.0,4.0,4.0,715,grid,94
4.0,4.0,5.0,715,grid,21
4.0,4.0,6.0,715,grid,89
4.0,4.0,7.0,715,grid,125
4.0,4.0,8.0,715,grid,58
4.0,4.0,9.0,715,grid,21
4.0,4.0,10.0,715,grid,43
4.0,4.0,11.0,715,grid,53
4.0,5.0,1.0,715,grid,121
4.0,5.0,2.0,715,grid,2
4.0,5.0,3.0,715,grid,39
4.0,5.0,4.0,715,grid,46
4.0,5.0,5.0,715,grid,31
4.0,5.0,6.0,715,grid,11
4.0,5.0,7.0,715,grid,11
4.0,5.0,8.0,715,grid,39
4.0,5.0,9.0,715,grid,139
4.0,5.0,10.0,715,grid,13
4.0,5.0,11.0,715,grid,126
5.0,1.0,1.0,715,grid,52
5.0,1.0,2.0,715,grid,189
5.0,1.0,3.0,715,grid,40
5.0,1.0,4.0,715,grid,179
5.0,1.0,5.0,715,grid,25
5.0,1.0,6.0,715,grid,45
5.0,1.0,7.0,715,grid,1
5.0,1.0,8.0,715,grid,86
5.0,1.0,9.0,715,grid,116
5.0,1.0,10.0,715,grid,1
5.0,1.0,11.0,715,grid,12
5.0,2.0,1.0,715,grid,22
5.0,2.0,2.0,715,grid,10
5.0,2.0,3.0,715,grid,91
5.0,2.0,4.0,715,grid,30
5.0,2.0,5.0,715,grid,85
5.0,2.0,6.0,715,grid,257
5.0,2.0,7.0,715,grid,7
5.0,2.0,8.0,715,grid,129
5.0,2.0,9.0,715,grid,14
5.0,2.0,10.0,715,grid,65
5.0,2.0,11.0,715,grid,166
5.0,3.0,1.0,715,grid,104
5.0,3.0,2.0,715,grid,37
5.0,3.0,3.0,715,grid,23
5.0,3.0,4.0,715,grid,8
5.0,3.0,5.0,715,grid,68
5.0,3.0,6.0,715,grid,10
5.0,3.0,7.0,715,grid,15
5.0,3.0,8.0,715,grid,99
5.0,3.0,9.0,715,grid,15
5.0,3.0,10.0,715,grid,15
5.0,3.0,11.0,715,grid,30
5.0,4.0,1.0,715,grid,22
5.0,4.0,2.0,715,grid,37
5.0,4.0,3.0,715,grid,17
5.0,4.0,4.0,715,grid,47
5.0,4.0,5.0,715,grid,43
5.0,4.0,6.0,715,grid,28
5.0,4.0,7.0,715,grid,107
5.0,4.0,8.0,715,grid,60
5.0,4.0,9.0,715,grid,19
5.0,4.0,10.0,715,grid,13
5.0,4.0,11.0,715,grid,15
5.0,5.0,1.0,715,grid,33
5.0,5.0,2.0,715,grid,52
5.0,5.0,3.0,715,grid,18
5.0,5.0,4.0,715,grid,70
5.0,5.0,5.0,715,grid,3
5.0,5.0,6.0,715,grid,1
5.0,5.0,7.0,715,grid,48
5.0,5.0,8.0,715,grid,7
5.0,5.0,9.0,715,grid,83
5.0,5.0,10.0,715,grid,65
5.0,5.0,11.0,715,grid,73
6.0,1.0,1.0,715,grid,31
6.0,1.0,2.0,715,grid,3
6.0,1.0,3.0,715,grid,13
6.0,1.0,4.0,715,grid,76
6.0,1.0,5.0,715,grid,27
6.0,1.0,6.0,715,grid,12
6.0,1.0,7.0,715,grid,18
6.0,1.0,8.0,715,grid,1
6.0,1.0,9.0,715,grid,15
6.0,1.0,10.0,715,grid,4
6.0,1.0,11.0,715,grid,5
6.0,2.0,1.0,715,grid,18
6.0,2.0,2.0,715,grid,60
6.0,2.0,3.0,715,grid,18
6.0,2.0,4.0,715,grid,5
6.0,2.0,5.0,715,grid,13
6.0,2.0,6.0,715,grid,182
6.0,2.0,7.0,715,grid,91
6.0,2.0,8.0,715,grid,13
6.0,2.0,9.0,715,grid,11
6.0,2.0,10.0,715,grid,14
6.0,2.0,11.0,715,grid,59
6.0,3.0,1.0,715,grid,45
6.0,3.0,2.0,715,grid,72
6.0,3.0,3.0,715,grid,4
6.0,3.0,4.0,715,grid,12
6.0,3.0,5.0,715,grid,16
6.0,3.0,6.0,715,grid,55
6.0,3.0,7.0,715,grid,12
6.0,3.0,8.0,715,grid,25
6.0,3.0,9.0,715,grid,152
6.0,3.0,10.0,715,grid,33
6.0,3.0,11.0,715,grid,7
6.0,4.0,1.0,715,grid,34
6.0,4.0,2.0,715,grid,29
6.0,4.0,3.0,715,grid,9
6.0,4.0,4.0,715,grid,2
6.0,4.0,5.0,715,grid,1
6.0,4.0,6.0,715,grid,4
6.0,4.0,7.0,715,grid,26
6.0,4.0,8.0,715,grid,13
6.0,4.0,9.0,715,grid,4
6.0,4.0,10.0,715,grid,17
6.0,4.0,11.0,715,grid,99
6.0,5.0,1.0,715,grid,23
6.0,5.0,2.0,715,grid,58
6.0,5.0,3.0,715,grid,142
6.0,5.0,4.0,715,grid,98
6.0,5.0,5.0,715,grid,23
6.0,5.0,6.0,715,grid,58
6.0,5.0,7.0,715,grid,42
6.0,5.0,8.0,715,grid,30
6.0,5.0,9.0,715,grid,14
6.0,5.0,10.0,715,grid,44
6.0,5.0,11.0,715,grid,44
7.0,1.0,1.0,715,grid,44
7.0,1.0,2.0,715,grid,27
7.0,1.0,3.0,715,grid,28
7.0,1.0,4.0,715,grid,17
7.0,1.0,5.0,715,grid,1
7.0,1.0,6.0,715,grid,117
7.0,1.0,7.0,715,grid,29
7.0,1.0,8.0,715,grid,55
7.0,1.0,9.0,715,grid,38
7.0,1.0,10.0,715,grid,23
7.0,1.0,11.0,715,grid,4
7.0,2.0,1.0,715,grid,27
7.0,2.0,2.0,715,grid,14
7.0,2.0,3.0,715,grid,4
7.0,2.0,4.0,715,grid,14
7.0,2.0,5.0,715,grid,63
7.0,2.0,6.0,715,grid,83
7.0,2.0,7.0,715,grid,8
7.0,2.0,8.0,715,grid,11
7.0,2.0,9.0,715,grid,23
7.0,2.0,10.0,715,grid,11
7.0,2.0,11.0,715,grid,128
7.0,3.0,1.0,715,grid,152
7.0,3.0,2.0,715,grid,7
7.0,3.0,3.0,715,grid,15
7.0,3.0,4.0,715,grid,7
7.0,3.0,5.0,715,grid,22
7.0,3.0,6.0,715,grid,14
7.0,3.0,7.0,715,grid,29
7.0,3.0,8.0,715,grid,37
7.0,3.0,9.0,715,grid,28
7.0,3.0,10.0,715,grid,35
7.0,3.0,11.0,715,grid,41
7.0,4.0,1.0,715,grid,14
7.0,4.0,2.0,715,grid,1
7.0,4.0,3.0,715,grid,3
7.0,4.0,4.0,715,grid,6
7.0,4.0,5.0,715,grid,20
7.0,4.0,6.0,715,grid,80
7.0,4.0,7.0,715,grid,5
7.0,4.0,8.0,715,grid,65
7.0,4.0,9.0,715,grid,6
7.0,4.0,10.0,715,grid,106
7.0,4.0,11.0,715,grid,223
7.0,5.0,1.0,715,grid,35
7.0,5.0,2.0,715,grid,75
7.0,5.0,3.0,715,grid,24
7.0,5.0,4.0,715,grid,110
7.0,5.0,5.0,715,grid,6
7.0,5.0,6.0,715,grid,219
7.0,5.0,7.0,715,grid,125
7.0,5.0,8.0,715,grid,41
7.0,5.0,9.0,715,grid,49
7.0,5.0,10.0,715,grid,59
7.0,5.0,11.0,715,grid,99
8.0,1.0,1.0,715,grid,6
8.0,1.0,2.0,715,grid,13
8.0,1.0,3.0,715,grid,7
8.0,1.0,4.0,715,grid,1
8.0,1.0,5.0,715,grid,36
8.0,1.0,6.0,715,grid,37
8.0,1.0,7.0,715,grid,146
8.0,1.0,8.0,715,grid,4
8.0,1.0,9.0,715,grid,37
8.0,1.0,10.0,715,grid,85
8.0,1.0,11.0,715,grid,46
8.0,2.0,1.0,715,grid,27
8.0,2.0,2.0,715,grid,6
8.0,2.0,3.0,715,grid,31
8.0,2.0,4.0,715,grid,95
8.0,2.0,5.0,715,grid,22
8.0,2.0,6.0,715,grid,91
8.0,2.0,7.0,715,grid,2
8.0,2.0,8.0,715,grid,1
8.0,2.0,9.0,715,grid,22
8.0,2.0,10.0,715,grid,27
8.0,2.0,11.0,715,grid,40
8.0,3.0,1.0,715,grid,62
8.0,3.0,2.0,715,grid,12
8.0,3.0,3.0,715,grid,9
8.0,3.0,4.0,715,grid,10
8.0,3.0,5.0,715,grid,48
8.0,3.0,6.0,715,grid,5
8.0,3.0,7.0,715,grid,1
8.0,3.0,8.0,715,grid,135
8.0,3.0,9.0,715,grid,11
8.0,3.0,10.0,715,grid,70
8.0,3.0,11.0,715,grid,101
8.0,4.0,1.0,715,grid,15
8.0,4.0,2.0,715,grid,69
8.0,4.0,3.0,715,grid,28
8.0,4.0,4.0,715,grid,26
8.0,4.0,5.0,715,grid,48
8.0,4.0,6.0,715,grid,46
8.0,4.0,7.0,715,grid,3
8.0,4.0,8.0,715,grid,26
8.0,4.0,9.0,715,grid,17
8.0,4.0,10.0,715,grid,14
8.0,4.0,11.0,715,grid,4
8.0,5.0,1.0,715,grid,76
8.0,5.0,2.0,715,grid,51
8.0,5.0,3.0,715,grid,3
8.0,5.0,4.0,715,grid,28
8.0,5.0,5.0,715,grid,12
8.0,5.0,6.0,715,grid,100
8.0,5.0,7.0,715,grid,218
8.0,5.0,8.0,715,grid,62
8.0,5.0,9.0,715,grid,49
8.0,5.0,10.0,715,grid,23
8.0,5.0,11.0,715,grid,7
9.0,1.0,1.0,715,grid,62
9.0,1.0,2.0,715,grid,49
9.0,1.0,3.0,715,grid,92
9.0,1.0,4.0,715,grid,16
9.0,1.0,5.0,715,grid,27
9.0,1.0,6.0,715,grid,34
9.0,1.0,7.0,715,grid,45
9.0,1.0,8.0,715,grid,54
9.0,1.0,9.0,715,grid,10
9.0,1.0,10.0,715,grid,34
9.0,1.0,11.0,715,grid,44
9.0,2.0,1.0,715,grid,26
9.0,2.0,2.0,715,grid,22
9.0,2.0,3.0,715,grid,38
9.0,2.0,4.0,715,grid,37
9.0,2.0,5.0,715,grid,14
9.0,2.0,6.0,715,grid,142
9.0,2.0,7.0,715,grid,21
9.0,2.0,8.0,715,grid,8
9.0,2.0,9.0,715,grid,2
9.0,2.0,10.0,715,grid,40
9.0,2.0,11.0,715,grid,25
9.0,3.0,1.0,715,grid,1
9.0,3.0,2.0,715,grid,93
9.0,3.0,3.0,715,grid,58
9.0,3.0,4.0,715,grid,82
9.0,3.0,5.0,715,grid,58
9.0,3.0,6.0,715,grid,120
9.0,3.0,7.0,715,grid,28
9.0,3.0,8.0,715,grid,4
9.0,3.0,9.0,715,grid,70
9.0,3.0,10.0,715,grid,21
9.0,3.0,11.0,715,grid,47
9.0,4.0,1.0,715,grid,119
9.0,4.0,2.0,715,grid,28
9.0,4.0,3.0,715,grid,6
9.0,4.0,4.0,715,grid,6
9.0,4.0,5.0,715,grid,7
9.0,4.0,6.0,715,grid,81
9.0,4.0,7.0,715,grid,13
9.0,4.0,8.0,715,grid,50
9.0,4.0,9.0,715,grid,108
9.0,4.0,10.0,715,grid,68
9.0,4.0,11.0,715,grid,88
9.0,5.0,1.0,715,grid,75
9.0,5.0,2.0,715,grid,5
9.0,5.0,3.0,715,grid,110
9.0,5.0,4.0,715,grid,139
9.0,5.0,5.0,715,grid,28
9.0,5.0,6.0,715,grid,21
9.0,5.0,7.0,715,grid,100
9.0,5.0,8.0,715,grid,9
9.0,5.0,9.0,715,grid,115
9.0,5.0,10.0,715,grid,6
9.0,5.0,11.0,715,grid,47
10.0,1.0,1.0,715,grid,13
10.0,1.0,2.0,715,grid,75
10.0,1.0,3.0,715,grid,23
10.0,1.0,4.0,715,grid,1
10.0,1.0,5.0,715,grid,45
10.0,1.0,6.0,715,grid,17
10.0,1.0,7.0,715,grid,212
10.0,1.0,8.0,715,grid,20
10.0,1.0,9.0,715,grid,166
10.0,1.0,10.0,715,grid,65
10.0,1.0,11.0,715,grid,14
10.0,2.0,1.0,715,grid,197
10.0,2.0,2.0,715,grid,37
10.0,2.0,3.0,715,grid,18
10.0,2.0,4.0,715,grid,18
10.0,2.0,5.0,715,grid,41
10.0,2.0,6.0,715,grid,144
10.0,2.0,7.0,715,grid,29
10.0,2.0,8.0,715,grid,23
10.0,2.0,9.0,715,grid,78
10.0,2.0,10.0,715,grid,73
10.0,2.0,11.0,715,grid,119
10.0,3.0,1.0,715,grid,66
10.0,3.0,2.0,715,grid,14
10.0,3.0,3.0,715,grid,120
10.0,3.0,4.0,715,grid,81
10.0,3.0,5.0,715,grid,11
10.0,3.0,6.0,715,grid,18
10.0,3.0,7.0,715,grid,3
10.0,3.0,8.0,715,grid,5
10.0,3.0,9.0,715,grid,23
10.0,3.0,10.0,715,grid,179
10.0,3.0,11.0,715,grid,25
10.0,4.0,1.0,715,grid,16
10.0,4.0,2.0,715,grid,72
10.0,4.0,3.0,715,grid,60
10.0,4.0,4.0,715,grid,1
10.0,4.0,5.0,715,grid,56
10.0,4.0,6.0,715,grid,20
10.0,4.0,7.0,715,grid,11
10.0,4.0,8.0,715,grid,60
10.0,4.0,9.0,715,grid,11
10.0,4.0,10.0,715,grid,96
10.0,4.0,11.0,715,grid,70
10.0,5.0,1.0,715,grid,37
10.0,5.0,2.0,715,grid,278
10.0,5.0,3.0,715,grid,111
10.0,5.0,4.0,715,grid,61
10.0,5.0,5.0,715,grid,3
10.0,5.0,6.0,715,grid,2
10.0,5.0,7.0,715,grid,7
10.0,5.0,8.0,715,grid,23
10.0,5.0,9.0,715,grid,102
10.0,5.0,10.0,715,grid,4
10.0,5.0,11.0,715,grid,34
11.0,1.0,1.0,715,grid,52
11.0,1.0,2.0,715,grid,41
11.0,1.0,3.0,715,grid,5
11.0,1.0,4.0,715,grid,37
11.0,1.0,5.0,715,grid,60
11.0,1.0,6.0,715,grid,30
11.0,1.0,7.0,715,grid,37
11.0,1.0,8.0,715,grid,19
11.0,1.0,9.0,715,grid,83
11.0,1.0,10.0,715,grid,9
11.0,1.0,11.0,715,grid,11
11.0,2.0,1.0,715,grid,23
11.0,2.0,2.0,715,grid,23
11.0,2.0,3.0,715,grid,53
11.0,2.0,4.0,715,grid,121
11.0,2.0,5.0,715,grid,2
11.0,2.0,6.0,715,grid,6
11.0,2.0,7.0,715,grid,50
11.0,2.0,8.0,715,grid,45
11.0,2.0,9.0,715,grid,1
11.0,2.0,10.0,715,grid,51
11.0,2.0,11.0,715,grid,12
11.0,3.0,1.0,715,grid,19
11.0,3.0,2.0,715,grid,68
11.0,3.0,3.0,715,grid,77
11.0,3.0,4.0,715,grid,47
11.0,3.0,5.0,715,grid,129
11.0,3.0,6.0,715,grid,41
11.0,3.0,7.0,715,grid,7
11.0,3.0,8.0,715,grid,46
11.0,3.0,9.0,715,grid,58
11.0,3.0,10.0,715,grid,33
11.0,3.0,11.0,715,grid,59
11.0,4.0,1.0,715,grid,92
11.0,4.0,2.0,715,grid,27
11.0,4.0,3.0,715,grid,24
11.0,4.0,4.0,715,grid,68
11.0,4.0,5.0,715,grid,1
11.0,4.0,6.0,715,grid,54
11.0,4.0,7.0,715,grid,19
11.0,4.0,8.0,715,grid,3
11.0,4.0,9.0,715,grid,76
11.0,4.0,10.0,715,grid,32
11.0,4.0,11.0,715,grid,125
11.0,5.0,1.0,715,grid,9
11.0,5.0,2.0,715,grid,21
11.0,5.0,3.0,715,grid,43
11.0,5.0,4.0,715,grid,2
11.0,5.0,5.0,715,grid,58
11.0,5.0,6.0,715,grid,49
11.0,5.0,7.0,715,grid,49
11.0,5.0,8.0,715,grid,24
11.0,5.0,9.0,715,grid,90
11.0,5.0,10.0,715,grid,39
11.0,5.0,11.0,715,grid,23
12.0,1.0,1.0,715,grid,15
12.0,1.0,2.0,715,grid,44
12.0,1.0,3.0,715,grid,2
12.0,1.0,4.0,715,grid,158
12.0,1.0,5.0,715,grid,18
12.0,1.0,6.0,715,grid,14
12.0,1.0,7.0,715,grid,15
12.0,1.0,8.0,715,grid,233
12.0,1.0,9.0,715,grid,47
12.0,1.0,10.0,715,grid,8
12.0,1.0,11.0,715,grid,66
12.0,2.0,1.0,715,grid,39
12.0,2.0,2.0,715,grid,78
12.0,2.0,3.0,715,grid,83
12.0,2.0,4.0,715,grid,1
12.0,2.0,5.0,715,grid,97
12.0,2.0,6.0,715,grid,2
12.0,2.0,7.0,715,grid,19
12.0,2.0,8.0,715,grid,41
12.0,2.0,9.0,715,grid,16
12.0,2.0,10.0,715,grid,34
12.0,2.0,11.0,715,grid,37
12.0,3.0,1.0,715,grid,66
12.0,3.0,2.0,715,grid,70
12.0,3.0,3.0,715,grid,33
12.0,3.0,4.0,715,grid,13
12.0,3.0,5.0,715,grid,15
12.0,3.0,6.0,715,grid,135
12.0,3.0,7.0,715,grid,9
12.0,3.0,8.0,715,grid,15
12.0,3.0,9.0,715,grid,11
12.0,3.0,10.0,715,grid,2
12.0,3.0,11.0,715,grid,57
12.0,4.0,1.0,715,grid,1
12.0,4.0,2.0,715,grid,223
12.0,4.0,3.0,715,grid,26
12.0,4.0,4.0,715,grid,25
12.0,4.0,5.0,715,grid,35
12.0,4.0,6.0,715,grid,18
12.0,4.0,7.0,715,grid,39
12.0,4.0,8.0,715,grid,107
12.0,4.0,9.0,715,grid,49
12.0,4.0,10.0,715,grid,19
12.0,4.0,11.0,715,grid,3
12.0,5.0,1.0,715,grid,28
12.0,5.0,2.0,715,grid,41
12.0,5.0,3.0,715,grid,55
12.0,5.0,4.0,715,grid,235
12.0,5.0,5.0,715,grid,1
12.0,5.0,6.0,715,grid,7
12.0,5.0,7.0,715,grid,9
12.0,5.0,8.0,715,grid,21
12.0,5.0,9.0,715,grid,100
12.0,5.0,10.0,715,grid,63
12.0,5.0,11.0,715,grid,102
13.0,1.0,1.0,715,grid,22
13.0,1.0,2.0,715,grid,28
13.0,1.0,3.0,715,grid,15
13.0,1.0,4.0,715,grid,26
13.0,1.0,5.0,715,grid,37
13.0,1.0,6.0,715,grid,44
13.0,1.0,7.0,715,grid,12
13.0,1.0,8.0,715,grid,22
13.0,1.0,9.0,715,grid,115
13.0,1.0,10.0,715,grid,88
13.0,1.0,11.0,715,grid,22
13.0,2.0,1.0,715,grid,188
13.0,2.0,2.0,715,grid,55
13.0,2.0,3.0,715,grid,121
13.0,2.0,4.0,715,grid,23
13.0,2.0,5.0,715,grid,38
13.0,2.0,6.0,715,grid,39
13.0,2.0,7.0,715,grid,33
13.0,2.0,8.0,715,grid,24
13.0,2.0,9.0,715,grid,22
13.0,2.0,10.0,715,grid,8
13.0,2.0,11.0,715,grid,77
13.0,3.0,1.0,715,grid,69
13.0,3.0,2.0,715,grid,75
13.0,3.0,3.0,715,grid,182
13.0,3.0,4.0,715,grid,18
13.0,3.0,5.0,715,grid,28
13.0,3.0,6.0,715,grid,79
13.0,3.0,7.0,715,grid,20
13.0,3.0,8.0,715,grid,12
13.0,3.0,9.0,715,grid,73
13.0,3.0,10.0,715,grid,7
13.0,3.0,11.0,715,grid,14
13.0,4.0,1.0,715,grid,107
13.0,4.0,2.0,715,grid,3
13.0,4.0,3.0,715,grid,1
13.0,4.0,4.0,715,grid,15
13.0,4.0,5.0,715,grid,51
13.0,4.0,6.0,715,grid,90
13.0,4.0,7.0,715,grid,35
13.0,4.0,8.0,715,grid,57
13.0,4.0,9.0,715,grid,13
13.0,4.0,10.0,715,grid,18
13.0,4.0,11.0,715,grid,17
13.0,5.0,1.0,715,grid,14
13.0,5.0,2.0,715,grid,50
13.0,5.0,3.0,715,grid,87
13.0,5.0,4.0,715,grid,114
13.0,5.0,5.0,715,grid,38
13.0,5.0,6.0,715,grid,55
13.0,5.0,7.0,715,grid,44
13.0,5.0,8.0,715,grid,48
13.0,5.0,9.0,715,grid,6
13.0,5.0,10.0,715,grid,40
13.0,5.0,11.0,715,grid,54
1.0,1.0,1.0,600,grid,116
1.0,1.0,2.0,600,grid,127
1.0,1.0,3.0,600,grid,24
1.0,1.0,4.0,600,grid,12
1.0,1.0,5.0,600,grid,20
1.0,1.0,6.0,600,grid,127
1.0,1.0,7.0,600,grid,29
1.0,1.0,8.0,600,grid,40
1.0,1.0,9.0,600,grid,9
1.0,1.0,10.0,600,grid,2
1.0,2.0,1.0,600,grid,56
1.0,2.0,2.0,600,grid,11
1.0,2.0,3.0,600,grid,11
1.0,2.0,4.0,600,grid,7
1.0,2.0,5.0,600,grid,24
1.0,2.0,6.0,600,grid,26
1.0,2.0,7.0,600,grid,96
1.0,2.0,8.0,600,grid,59
1.0,2.0,9.0,600,grid,55
1.0,2.0,10.0,600,grid,32
1.0,3.0,1.0,600,grid,60
1.0,3.0,2.0,600,grid,4
1.0,3.0,3.0,600,grid,64
1.0,3.0,4.0,600,grid,17
1.0,3.0,5.0,600,grid,21
1.0,3.0,6.0,600,grid,23
1.0,3.0,7.0,600,grid,17
1.0,3.0,8.0,600,grid,78
1.0,3.0,9.0,600,grid,22
1.0,3.0,10.0,600,grid,21
1.0,4.0,1.0,600,grid,59
1.0,4.0,2.0,600,grid,5
1.0,4.0,3.0,600,grid,4
1.0,4.0,4.0,600,grid,108
1.0,4.0,5.0,600,grid,75
1.0,4.0,6.0,600,grid,182
1.0,4.0,7.0,600,grid,30
1.0,4.0,8.0,600,grid,1
1.0,4.0,9.0,600,grid,92
1.0,4.0,10.0,600,grid,41
1.0,5.0,1.0,600,grid,47
1.0,5.0,2.0,600,grid,21
1.0,5.0,3.0,600,grid,50
1.0,5.0,4.0,600,grid,17
1.0,5.0,5.0,600,grid,67
1.0,5.0,6.0,600,grid,41
1.0,5.0,7.0,600,grid,70
1.0,5.0,8.0,600,grid,20
1.0,5.0,9.0,600,grid,91
1.0,5.0,10.0,600,grid,77
2.0,1.0,1.0,600,grid,71
2.0,1.0,2.0,600,grid,69
2.0,1.0,3.0,600,grid,108
2.0,1.0,4.0,600,grid,13
2.0,1.0,5.0,600,grid,79
2.0,1.0,6.0,600,grid,39
2.0,1.0,7.0,600,grid,100
2.0,1.0,8.0,600,grid,160
2.0,1.0,9.0,600,grid,20
2.0,1.0,10.0,600,grid,74
2.0,2.0,1.0,600,grid,82
2.0,2.0,2.0,600,grid,28
2.0,2.0,3.0,600,grid,10
2.0,2.0,4.0,600,grid,11
2.0,2.0,5.0,600,grid,31
2.0,2.0,6.0,600,grid,9
2.0,2.0,7.0,600,grid,116
2.0,2.0,8.0,600,grid,41
2.0,2.0,9.0,600,grid,6
2.0,2.0,10.0,600,grid,218
2.0,3.0,1.0,600,grid,4
2.0,3.0,2.0,600,grid,71
2.0,3.0,3.0,600,grid,6
2.0,3.0,4.0,600,grid,35
2.0,3.0,5.0,600,grid,7
2.0,3.0,6.0,600,grid,150
2.0,3.0,7.0,600,grid,25
2.0,3.0,8.0,600,grid,2
2.0,3.0,9.0,600,grid,14
2.0,3.0,10.0,600,grid,184
2.0,4.0,1.0,600,grid,55
2.0,4.0,2.0,600,grid,22
2.0,4.0,3.0,600,grid,11
2.0,4.0,4.0,600,grid,12
2.0,4.0,5.0,600,grid,6
2.0,4.0,6.0,600,grid,53
2.0,4.0,7.0,600,grid,40
2.0,4.0,8.0,600,grid,17
2.0,4.0,9.0,600,grid,70
2.0,4.0,10.0,600,grid,5
2.0,5.0,1.0,600,grid,48
2.0,5.0,2.0,600,grid,235
2.0,5.0,3.0,600,grid,86
2.0,5.0,4.0,600,grid,24
2.0,5.0,5.0,600,grid,3
2.0,5.0,6.0,600,grid,56
2.0,5.0,7.0,600,grid,53
2.0,5.0,8.0,600,grid,23
2.0,5.0,9.0,600,grid,50
2.0,5.0,10.0,600,grid,1
3.0,1.0,1.0,600,grid,7
3.0,1.0,2.0,600,grid,9
3.0,1.0,3.0,600,grid,5
3.0,1.0,4.0,600,grid,60
3.0,1.0,5.0,600,grid,35
3.0,1.0,6.0,600,grid,18
3.0,1.0,7.0,600,grid,58
3.0,1.0,8.0,600,grid,157
3.0,1.0,9.0,600,grid,113
3.0,1.0,10.0,600,grid,38
3.0,2.0,1.0,600,grid,34
3.0,2.0,2.0,600,grid,21
3.0,2.0,3.0,600,grid,35
3.0,2.0,4.0,600,grid,4
3.0,2.0,5.0,600,grid,15
3.0,2.0,6.0,600,grid,76
3.0,2.0,7.0,600,grid,16
3.0,2.0,8.0,600,grid,38
3.0,2.0,9.0,600,grid,13
3.0,2.0,10.0,600,grid,21
3.0,3.0,1.0,600,grid,164
3.0,3.0,2.0,600,grid,20
3.0,3.0,3.0,600,grid,60
3.0,3.0,4.0,600,grid,66
3.0,3.0,5.0,600,grid,29
3.0,3.0,6.0,600,grid,8
3.0,3.0,7.0,600,grid,26
3.0,3.0,8.0,600,grid,69
3.0,3.0,9.0,600,grid,40
3.0,3.0,10.0,600,grid,130
3.0,4.0,1.0,600,grid,191
3.0,4.0,2.0,600,grid,62
3.0,4.0,3.0,600,grid,46
3.0,4.0,4.0,600,grid,61
3.0,4.0,5.0,600,grid,24
3.0,4.0,6.0,600,grid,14
3.0,4.0,7.0,600,grid,27
3.0,4.0,8.0,600,grid,28
3.0,4.0,9.0,600,grid,57
3.0,4.0,10.0,600,grid,3
3.0,5.0,1.0,600,grid,7
3.0,5.0,2.0,600,grid,37
3.0,5.0,3.0,600,grid,11
3.0,5.0,4.0,600,grid,60
3.0,5.0,5.0,600,grid,3
3.0,5.0,6.0,600,grid,12
3.0,5.0,7.0,600,grid,29
3.0,5.0,8.0,600,grid,58
3.0,5.0,9.0,600,grid,37
3.0,5.0,10.0,600,grid,41
4.0,1.0,1.0,600,grid,62
4.0,1.0,2.0,600,grid,1
4.0,1.0,3.0,600,grid,14
4.0,1.0,4.0,600,grid,113
4.0,1.0,5.0,600,grid,7
4.0,1.0,6.0,600,grid,14
4.0,1.0,7.0,600,grid,1
4.0,1.0,8.0,600,grid,38
4.0,1.0,9.0,600,grid,42
4.0,1.0,10.0,600,grid,95
4.0,2.0,1.0,600,grid,22
4.0,2.0,2.0,600,grid,12
4.0,2.0,3.0,600,grid,92
4.0,2.0,4.0,600,grid,89
4.0,2.0,5.0,600,grid,96
4.0,2.0,6.0,600,grid,71
4.0,2.0,7.0,600,grid,19
4.0,2.0,8.0,600,grid,70
4.0,2.0,9.0,600,grid,19
4.0,2.0,10.0,600,grid,14
4.0,3.0,1.0,600,grid,21
4.0,3.0,2.0,600,grid,11
4.0,3.0,3.0,600,grid,12
4.0,3.0,4.0,600,grid,96
4.0,3.0,5.0,600,grid,2
4.0,3.0,6.0,600,grid,11
4.0,3.0,7.0,600,grid,68
4.0,3.0,8.0,600,grid,55
4.0,3.0,9.0,600,grid,69
4.0,3.0,10.0,600,grid,25
4.0,4.0,1.0,600,grid,38
4.0,4.0,2.0,600,grid,29
4.0,4.0,3.0,600,grid,2
4.0,4.0,4.0,600,grid,26
4.0,4.0,5.0,600,grid,44
4.0,4.0,6.0,600,grid,6
4.0,4.0,7.0,600,grid,13
4.0,4.0,8.0,600,grid,29
4.0,4.0,9.0,600,grid,20
4.0,4.0,10.0,600,grid,67
4.0,5.0,1.0,600,grid,24
4.0,5.0,2.0,600,grid,39
4.0,5.0,3.0,600,grid,28
4.0,5.0,4.0,600,grid,17
4.0,5.0,5.0,600,grid,98
4.0,5.0,6.0,600,grid,33
4.0,5.0,7.0,600,grid,33
4.0,5.0,8.0,600,grid,26
4.0,5.0,9.0,600,grid,46
4.0,5.0,10.0,600,grid,4
5.0,1.0,1.0,600,grid,37
5.0,1.0,2.0,600,grid,30
5.0,1.0,3.0,600,grid,27
5.0,1.0,4.0,600,grid,39
5.0,1.0,5.0,600,grid,37
5.0,1.0,6.0,600,grid,25
5.0,1.0,7.0,600,grid,7
5.0,1.0,8.0,600,grid,53
5.0,1.0,9.0,600,grid,51
5.0,1.0,10.0,600,grid,27
5.0,2.0,1.0,600,grid,35
5.0,2.0,2.0,600,grid,69
5.0,2.0,3.0,600,grid,13
5.0,2.0,4.0,600,grid,50
5.0,2.0,5.0,600,grid,11
5.0,2.0,6.0,600,grid,69
5.0,2.0,7.0,600,grid,4
5.0,2.0,8.0,600,grid,29
5.0,2.0,9.0,600,grid,2
5.0,2.0,10.0,600,grid,55
5.0,3.0,1.0,600,grid,16
5.0,3.0,2.0,600,grid,58
5.0,3.0,3.0,600,grid,26
5.0,3.0,4.0,600,grid,29
5.0,3.0,5.0,600,grid,7
5.0,3.0,6.0,600,grid,22
5.0,3.0,7.0,600,grid,107
5.0,3.0,8.0,600,grid,10
5.0,3.0,9.0,600,grid,65
5.0,3.0,10.0,600,grid,58
5.0,4.0,1.0,600,grid,45
5.0,4.0,2.0,600,grid,38
5.0,4.0,3.0,600,grid,54
5.0,4.0,4.0,600,grid,34
5.0,4.0,5.0,600,grid,16
5.0,4.0,6.0,600,grid,34
5.0,4.0,7.0,600,grid,27
5.0,4.0,8.0,600,grid,18
5.0,4.0,9.0,600,grid,26
5.0,4.0,10.0,600,grid,18
5.0,5.0,1.0,600,grid,2
5.0,5.0,2.0,600,grid,37
5.0,5.0,3.0,600,grid,5
5.0,5.0,4.0,600,grid,41
5.0,5.0,5.0,600,grid,32
5.0,5.0,6.0,600,grid,22
5.0,5.0,7.0,600,grid,47
5.0,5.0,8.0,600,grid,26
5.0,5.0,9.0,600,grid,29
5.0,5.0,10.0,600,grid,19
6.0,1.0,1.0,600,grid,11
6.0,1.0,2.0,600,grid,57
6.0,1.0,3.0,600,grid,3
6.0,1.0,4.0,600,grid,171
6.0,1.0,5.0,600,grid,16
6.0,1.0,6.0,600,grid,14
6.0,1.0,7.0,600,grid,25
6.0,1.0,8.0,600,grid,31
6.0,1.0,9.0,600,grid,10
6.0,1.0,10.0,600,grid,17
6.0,2.0,1.0,600,grid,134
6.0,2.0,2.0,600,grid,67
6.0,2.0,3.0,600,grid,3
6.0,2.0,4.0,600,grid,55
6.0,2.0,5.0,600,grid,62
6.0,2.0,6.0,600,grid,13
6.0,2.0,7.0,600,grid,32
6.0,2.0,8.0,600,grid,42
6.0,2.0,9.0,600,grid,10
6.0,2.0,10.0,600,grid,125
6.0,3.0,1.0,600,grid,21
6.0,3.0,2.0,600,grid,38
6.0,3.0,3.0,600,grid,51
6.0,3.0,4.0,600,grid,43
6.0,3.0,5.0,600,grid,51
6.0,3.0,6.0,600,grid,34
6.0,3.0,7.0,600,grid,4
6.0,3.0,8.0,600,grid,60
6.0,3.0,9.0,600,grid,105
6.0,3.0,10.0,600,grid,10
6.0,4.0,1.0,600,grid,35
6.0,4.0,2.0,600,grid,19
6.0,4.0,3.0,600,grid,56
6.0,4.0,4.0,600,grid,62
6.0,4.0,5.0,600,grid,25
6.0,4.0,6.0,600,grid,15
6.0,4.0,7.0,600,grid,32
6.0,4.0,8.0,600,grid,13
6.0,4.0,9.0,600,grid,22
6.0,4.0,10.0,600,grid,141
6.0,5.0,1.0,600,grid,24
6.0,5.0,2.0,600,grid,22
6.0,5.0,3.0,600,grid,71
6.0,5.0,4.0,600,grid,82
6.0,5.0,5.0,600,grid,8
6.0,5.0,6.0,600,grid,52
6.0,5.0,7.0,600,grid,42
6.0,5.0,8.0,600,grid,10
6.0,5.0,9.0,600,grid,58
6.0,5.0,10.0,600,grid,58
7.0,1.0,1.0,600,grid,169
7.0,1.0,2.0,600,grid,24
7.0,1.0,3.0,600,grid,57
7.0,1.0,4.0,600,grid,139
7.0,1.0,5.0,600,grid,28
7.0,1.0,6.0,600,grid,22
7.0,1.0,7.0,600,grid,21
7.0,1.0,8.0,600,grid,2
7.0,1.0,9.0,600,grid,16
7.0,1.0,10.0,600,grid,45
7.0,2.0,1.0,600,grid,21
7.0,2.0,2.0,600,grid,74
7.0,2.0,3.0,600,grid,82
7.0,2.0,4.0,600,grid,47
7.0,2.0,5.0,600,grid,43
7.0,2.0,6.0,600,grid,19
7.0,2.0,7.0,600,grid,81
7.0,2.0,8.0,600,grid,29
7.0,2.0,9.0,600,grid,37
7.0,2.0,10.0,600,grid,10
7.0,3.0,1.0,600,grid,56
7.0,3.0,2.0,600,grid,2
7.0,3.0,3.0,600,grid,53
7.0,3.0,4.0,600,grid,2
7.0,3.0,5.0,600,grid,15
7.0,3.0,6.0,600,grid,25
7.0,3.0,7.0,600,grid,154
7.0,3.0,8.0,600,grid,110
7.0,3.0,9.0,600,grid,27
7.0,3.0,10.0,600,grid,63
7.0,4.0,1.0,600,grid,34
7.0,4.0,2.0,600,grid,7
7.0,4.0,3.0,600,grid,23
7.0,4.0,4.0,600,grid,9
7.0,4.0,5.0,600,grid,4
7.0,4.0,6.0,600,grid,88
7.0,4.0,7.0,600,grid,46
7.0,4.0,8.0,600,grid,208
7.0,4.0,9.0,600,grid,19
7.0,4.0,10.0,600,grid,51
7.0,5.0,1.0,600,grid,38
7.0,5.0,2.0,600,grid,78
7.0,5.0,3.0,600,grid,12
7.0,5.0,4.0,600,grid,7
7.0,5.0,5.0,600,grid,52
7.0,5.0,6.0,600,grid,6
7.0,5.0,7.0,600,grid,24
7.0,5.0,8.0,600,grid,21
7.0,5.0,9.0,600,grid,10
7.0,5.0,10.0,600,grid,26
8.0,1.0,1.0,600,grid,21
8.0,1.0,2.0,600,grid,26
8.0,1.0,3.0,600,grid,3
8.0,1.0,4.0,600,grid,61
8.0,1.0,5.0,600,grid,5
8.0,1.0,6.0,600,grid,45
8.0,1.0,7.0,600,grid,84
8.0,1.0,8.0,600,grid,25
8.0,1.0,9.0,600,grid,117
8.0,1.0,10.0,600,grid,9
8.0,2.0,1.0,600,grid,34
8.0,2.0,2.0,600,grid,1
8.0,2.0,3.0,600,grid,14
8.0,2.0,4.0,600,grid,41
8.0,2.0,5.0,600,grid,3
8.0,2.0,6.0,600,grid,7
8.0,2.0,7.0,600,grid,37
8.0,2.0,8.0,600,grid,3
8.0,2.0,9.0,600,grid,20
8.0,2.0,10.0,600,grid,4
8.0,3.0,1.0,600,grid,48
8.0,3.0,2.0,600,grid,50
8.0,3.0,3.0,600,grid,8
8.0,3.0,4.0,600,grid,95
8.0,3.0,5.0,600,grid,68
8.0,3.0,6.0,600,grid,26
8.0,3.0,7.0,600,grid,28
8.0,3.0,8.0,600,grid,76
8.0,3.0,9.0,600,grid,27
8.0,3.0,10.0,600,grid,15
8.0,4.0,1.0,600,grid,44
8.0,4.0,2.0,600,grid,8
8.0,4.0,3.0,600,grid,9
8.0,4.0,4.0,600,grid,95
8.0,4.0,5.0,600,grid,33
8.0,4.0,6.0,600,grid,5
8.0,4.0,7.0,600,grid,8
8.0,4.0,8.0,600,grid,9
8.0,4.0,9.0,600,grid,11
8.0,4.0,10.0,600,grid,95
8.0,5.0,1.0,600,grid,110
8.0,5.0,2.0,600,grid,3
8.0,5.0,3.0,600,grid,60
8.0,5.0,4.0,600,grid,34
8.0,5.0,5.0,600,grid,15
8.0,5.0,6.0,600,grid,49
8.0,5.0,7.0,600,grid,10
8.0,5.0,8.0,600,grid,148
8.0,5.0,9.0,600,grid,19
8.0,5.0,10.0,600,grid,10
9.0,1.0,1.0,600,grid,20
9.0,1.0,2.0,600,grid,82
9.0,1.0,3.0,600,grid,17
9.0,1.0,4.0,600,grid,106
9.0,1.0,5.0,600,grid,79
9.0,1.0,6.0,600,grid,98
9.0,1.0,7.0,600,grid,19
9.0,1.0,8.0,600,grid,8
9.0,1.0,9.0,600,grid,28
9.0,1.0,10.0,600,grid,24
9.0,2.0,1.0,600,grid,81
9.0,2.0,2.0,600,grid,50
9.0,2.0,3.0,600,grid,38
9.0,2.0,4.0,600,grid,19
9.0,2.0,5.0,600,grid,138
9.0,2.0,6.0,600,grid,61
9.0,2.0,7.0,600,grid,162
9.0,2.0,8.0,600,grid,52
9.0,2.0,9.0,600,grid,26
9.0,2.0,10.0,600,grid,50
9.0,3.0,1.0,600,grid,4
9.0,3.0,2.0,600,grid,4
9.0,3.0,3.0,600,grid,21
9.0,3.0,4.0,600,grid,15
9.0,3.0,5.0,600,grid,26
9.0,3.0,6.0,600,grid,33
9.0,3.0,7.0,600,grid,86
9.0,3.0,8.0,600,grid,34
9.0,3.0,9.0,600,grid,41
9.0,3.0,10.0,600,grid,34
9.0,4.0,1.0,600,grid,33
9.0,4.0,2.0,600,grid,83
9.0,4.0,3.0,600,grid,64
9.0,4.0,4.0,600,grid,29
9.0,4.0,5.0,600,grid,42
9.0,4.0,6.0,600,grid,48
9.0,4.0,7.0,600,grid,31
9.0,4.0,8.0,600,grid,118
9.0,4.0,9.0,600,grid,123
9.0,4.0,10.0,600,grid,209
9.0,5.0,1.0,600,grid,7
9.0,5.0,2.0,600,grid,27
9.0,5.0,3.0,600,grid,78
9.0,5.0,4.0,600,grid,37
9.0,5.0,5.0,600,grid,48
9.0,5.0,6.0,600,grid,30
9.0,5.0,7.0,600,grid,61
9.0,5.0,8.0,600,grid,18
9.0,5.0,9.0,600,grid,108
9.0,5.0,10.0,600,grid,8
10.0,1.0,1.0,600,grid,33
10.0,1.0,2.0,600,grid,31
10.0,1.0,3.0,600,grid,8
10.0,1.0,4.0,600,grid,136
10.0,1.0,5.0,600,grid,31
10.0,1.0,6.0,600,grid,7
10.0,1.0,7.0,600,grid,9
10.0,1.0,8.0,600,grid,46
10.0,1.0,9.0,600,grid,39
10.0,1.0,10.0,600,grid,99
10.0,2.0,1.0,600,grid,41
10.0,2.0,2.0,600,grid,50
10.0,2.0,3.0,600,grid,31
10.0,2.0,4.0,600,grid,1
10.0,2.0,5.0,600,grid,35
10.0,2.0,6.0,600,grid,17
10.0,2.0,7.0,600,grid,41
10.0,2.0,8.0,600,grid,10
10.0,2.0,9.0,600,grid,25
10.0,2.0,10.0,600,grid,6
10.0,3.0,1.0,600,grid,59
10.0,3.0,2.0,600,grid,79
10.0,3.0,3.0,600,grid,10
10.0,3.0,4.0,600,grid,18
10.0,3.0,5.0,600,grid,3
10.0,3.0,6.0,600,grid,20
10.0,3.0,7.0,600,grid,52
10.0,3.0,8.0,600,grid,38
10.0,3.0,9.0,600,grid,15
10.0,3.0,10.0,600,grid,6
10.0,4.0,1.0,600,grid,74
10.0,4.0,2.0,600,grid,12
10.0,4.0,3.0,600,grid,47
10.0,4.0,4.0,600,grid,29
10.0,4.0,5.0,600,grid,7
10.0,4.0,6.0,600,grid,46
10.0,4.0,7.0,600,grid,41
10.0,4.0,8.0,600,grid,42
10.0,4.0,9.0,600,grid,4
10.0,4.0,10.0,600,grid,40
10.0,5.0,1.0,600,grid,55
10.0,5.0,2.0,600,grid,52
10.0,5.0,3.0,600,grid,19
10.0,5.0,4.0,600,grid,68
10.0,5.0,5.0,600,grid,3
10.0,5.0,6.0,600,grid,36
10.0,5.0,7.0,600,grid,113
10.0,5.0,8.0,600,grid,99
10.0,5.0,9.0,600,grid,37
10.0,5.0,10.0,600,grid,18
11.0,1.0,1.0,600,grid,71
11.0,1.0,2.0,600,grid,36
11.0,1.0,3.0,600,grid,32
11.0,1.0,4.0,600,grid,5
11.0,1.0,5.0,600,grid,8
11.0,1.0,6.0,600,grid,6
11.0,1.0,7.0,600,grid,105
11.0,1.0,8.0,600,grid,28
11.0,1.0,9.0,600,grid,20
11.0,1.0,10.0,600,grid,9
11.0,2.0,1.0,600,grid,55
11.0,2.0,2.0,600,grid,11
11.0,2.0,3.0,600,grid,232
11.0,2.0,4.0,600,grid,34
11.0,2.0,5.0,600,grid,24
11.0,2.0,6.0,600,grid,14
11.0,2.0,7.0,600,grid,48
11.0,2.0,8.0,600,grid,91
11.0,2.0,9.0,600,grid,31
11.0,2.0,10.0,600,grid,8
11.0,3.0,1.0,600,grid,8
11.0,3.0,2.0,600,grid,52
11.0,3.0,3.0,600,grid,60
11.0,3.0,4.0,600,grid,60
11.0,3.0,5.0,600,grid,22
11.0,3.0,6.0,600,grid,38
11.0,3.0,7.0,600,grid,22
11.0,3.0,8.0,600,grid,30
11.0,3.0,9.0,600,grid,135
11.0,3.0,10.0,600,grid,57
11.0,4.0,1.0,600,grid,31
11.0,4.0,2.0,600,grid,34
11.0,4.0,3.0,600,grid,75
11.0,4.0,4.0,600,grid,44
11.0,4.0,5.0,600,grid,17
11.0,4.0,6.0,600,grid,190
11.0,4.0,7.0,600,grid,2
11.0,4.0,8.0,600,grid,104
11.0,4.0,9.0,600,grid,1
11.0,4.0,10.0,600,grid,31
11.0,5.0,1.0,600,grid,80
11.0,5.0,2.0,600,grid,38
11.0,5.0,3.0,600,grid,2
11.0,5.0,4.0,600,grid,6
11.0,5.0,5.0,600,grid,101
11.0,5.0,6.0,600,grid,9
11.0,5.0,7.0,600,grid,42
11.0,5.0,8.0,600,grid,26
11.0,5.0,9.0,600,grid,17
11.0,5.0,10.0,600,grid,40
12.0,1.0,1.0,600,grid,33
12.0,1.0,2.0,600,grid,7
12.0,1.0,3.0,600,grid,13
12.0,1.0,4.0,600,grid,24
12.0,1.0,5.0,600,grid,89
12.0,1.0,6.0,600,grid,43
12.0,1.0,7.0,600,grid,34
12.0,1.0,8.0,600,grid,44
12.0,1.0,9.0,600,grid,2
12.0,1.0,10.0,600,grid,51
12.0,2.0,1.0,600,grid,4
12.0,2.0,2.0,600,grid,24
12.0,2.0,3.0,600,grid,39
12.0,2.0,4.0,600,grid,58
12.0,2.0,5.0,600,grid,208
12.0,2.0,6.0,600,grid,21
12.0,2.0,7.0,600,grid,85
12.0,2.0,8.0,600,grid,32
12.0,2.0,9.0,600,grid,57
12.0,2.0,10.0,600,grid,54
12.0,3.0,1.0,600,grid,33
12.0,3.0,2.0,600,grid,1
12.0,3.0,3.0,600,grid,57
12.0,3.0,4.0,600,grid,1
12.0,3.0,5.0,600,grid,62
12.0,3.0,6.0,600,grid,51
12.0,3.0,7.0,600,grid,55
12.0,3.0,8.0,600,grid,21
12.0,3.0,9.0,600,grid,14
12.0,3.0,10.0,600,grid,61
12.0,4.0,1.0,600,grid,22
12.0,4.0,2.0,600,grid,12
12.0,4.0,3.0,600,grid,48
12.0,4.0,4.0,600,grid,20
12.0,4.0,5.0,600,grid,71
12.0,4.0,6.0,600,grid,19
12.0,4.0,7.0,600,grid,12
12.0,4.0,8.0,600,grid,8
12.0,4.0,9.0,600,grid,188
12.0,4.0,10.0,600,grid,82
12.0,5.0,1.0,600,grid,25
12.0,5.0,2.0,600,grid,18
12.0,5.0,3.0,600,grid,56
12.0,5.0,4.0,600,grid,33
12.0,5.0,5.0,600,grid,55
12.0,5.0,6.0,600,grid,2
12.0,5.0,7.0,600,grid,121
12.0,5.0,8.0,600,grid,39
12.0,5.0,9.0,600,grid,39
12.0,5.0,10.0,600,grid,145
1.0,1.0,1.0,495,grid,64
1.0,1.0,2.0,495,grid,11
1.0,1.0,3.0,495,grid,56
1.0,1.0,4.0,495,grid,40
1.0,1.0,5.0,495,grid,6
1.0,1.0,6.0,495,grid,60
1.0,1.0,7.0,495,grid,79
1.0,1.0,8.0,495,grid,3
1.0,1.0,9.0,495,grid,5
1.0,2.0,1.0,495,grid,33
1.0,2.0,2.0,495,grid,27
1.0,2.0,3.0,495,grid,41
1.0,2.0,4.0,495,grid,13
1.0,2.0,5.0,495,grid,40
1.0,2.0,6.0,495,grid,6
1.0,2.0,7.0,495,grid,93
1.0,2.0,8.0,495,grid,73
1.0,2.0,9.0,495,grid,23
1.0,3.0,1.0,495,grid,54
1.0,3.0,2.0,495,grid,59
1.0,3.0,3.0,495,grid,6
1.0,3.0,4.0,495,grid,122
1.0,3.0,5.0,495,grid,12
1.0,3.0,6.0,495,grid,63
1.0,3.0,7.0,495,grid,56
1.0,3.0,8.0,495,grid,4
1.0,3.0,9.0,495,grid,64
1.0,4.0,1.0,495,grid,24
1.0,4.0,2.0,495,grid,33
1.0,4.0,3.0,495,grid,38
1.0,4.0,4.0,495,grid,49
1.0,4.0,5.0,495,grid,28
1.0,4.0,6.0,495,grid,27
1.0,4.0,7.0,495,grid,2
1.0,4.0,8.0,495,grid,3
1.0,4.0,9.0,495,grid,6
1.0,5.0,1.0,495,grid,47
1.0,5.0,2.0,495,grid,5
1.0,5.0,3.0,495,grid,87
1.0,5.0,4.0,495,grid,61
1.0,5.0,5.0,495,grid,75
1.0,5.0,6.0,495,grid,45
1.0,5.0,7.0,495,grid,110
1.0,5.0,8.0,495,grid,3
1.0,5.0,9.0,495,grid,50
2.0,1.0,1.0,495,grid,6
2.0,1.0,2.0,495,grid,18
2.0,1.0,3.0,495,grid,142
2.0,1.0,4.0,495,grid,88
2.0,1.0,5.0,495,grid,22
2.0,1.0,6.0,495,grid,62
2.0,1.0,7.0,495,grid,25
2.0,1.0,8.0,495,grid,46
2.0,1.0,9.0,495,grid,36
2.0,2.0,1.0,495,grid,67
2.0,2.0,2.0,495,grid,38
2.0,2.0,3.0,495,grid,4
2.0,2.0,4.0,495,grid,35
2.0,2.0,5.0,495,grid,22
2.0,2.0,6.0,495,grid,46
2.0,2.0,7.0,495,grid,3
2.0,2.0,8.0,495,grid,3
2.0,2.0,9.0,495,grid,29
2.0,3.0,1.0,495,grid,124
2.0,3.0,2.0,495,grid,118
2.0,3.0,3.0,495,grid,22
2.0,3.0,4.0,495,grid,11
2.0,3.0,5.0,495,grid,18
2.0,3.0,6.0,495,grid,88
2.0,3.0,7.0,495,grid,36
2.0,3.0,8.0,495,grid,9
2.0,3.0,9.0,495,grid,120
2.0,4.0,1.0,495,grid,82
2.0,4.0,2.0,495,grid,29
2.0,4.0,3.0,495,grid,120
2.0,4.0,4.0,495,grid,36
2.0,4.0,5.0,495,grid,29
2.0,4.0,6.0,495,grid,2
2.0,4.0,7.0,495,grid,33
2.0,4.0,8.0,495,grid,59
2.0,4.0,9.0,495,grid,9
2.0,5.0,1.0,495,grid,16
2.0,5.0,2.0,495,grid,90
2.0,5.0,3.0,495,grid,79
2.0,5.0,4.0,495,grid,90
2.0,5.0,5.0,495,grid,66
2.0,5.0,6.0,495,grid,113
2.0,5.0,7.0,495,grid,2
2.0,5.0,8.0,495,grid,8
2.0,5.0,9.0,495,grid,68
3.0,1.0,1.0,495,grid,88
3.0,1.0,2.0,495,grid,52
3.0,1.0,3.0,495,grid,10
3.0,1.0,4.0,495,grid,6
3.0,1.0,5.0,495,grid,25
3.0,1.0,6.0,495,grid,74
3.0,1.0,7.0,495,grid,93
3.0,1.0,8.0,495,grid,128
3.0,1.0,9.0,495,grid,13
3.0,2.0,1.0,495,grid,3
3.0,2.0,2.0,495,grid,66
3.0,2.0,3.0,495,grid,111
3.0,2.0,4.0,495,grid,154
3.0,2.0,5.0,495,grid,67
3.0,2.0,6.0,495,grid,53
3.0,2.0,7.0,495,grid,165
3.0,2.0,8.0,495,grid,13
3.0,2.0,9.0,495,grid,17
3.0,3.0,1.0,495,grid,17
3.0,3.0,2.0,495,grid,23
3.0,3.0,3.0,495,grid,12
3.0,3.0,4.0,495,grid,90
3.0,3.0,5.0,495,grid,62
3.0,3.0,6.0,495,grid,66
3.0,3.0,7.0,495,grid,3
3.0,3.0,8.0,495,grid,123
3.0,3.0,9.0,495,grid,77
3.0,4.0,1.0,495,grid,3
3.0,4.0,2.0,495,grid,27
3.0,4.0,3.0,495,grid,129
3.0,4.0,4.0,495,grid,43
3.0,4.0,5.0,495,grid,35
3.0,4.0,6.0,495,grid,69
3.0,4.0,7.0,495,grid,73
3.0,4.0,8.0,495,grid,1
3.0,4.0,9.0,495,grid,14
3.0,5.0,1.0,495,grid,117
3.0,5.0,2.0,495,grid,26
3.0,5.0,3.0,495,grid,20
3.0,5.0,4.0,495,grid,50
3.0,5.0,5.0,495,grid,65
3.0,5.0,6.0,495,grid,18
3.0,5.0,7.0,495,grid,24
3.0,5.0,8.0,495,grid,143
3.0,5.0,9.0,495,grid,59
4.0,1.0,1.0,495,grid,86
4.0,1.0,2.0,495,grid,98
4.0,1.0,3.0,495,grid,5
4.0,1.0,4.0,495,grid,4
4.0,1.0,5.0,495,grid,29
4.0,1.0,6.0,495,grid,45
4.0,1.0,7.0,495,grid,4
4.0,1.0,8.0,495,grid,15
4.0,1.0,9.0,495,grid,157
4.0,2.0,1.0,495,grid,2
4.0,2.0,2.0,495,grid,13
4.0,2.0,3.0,495,grid,8
4.0,2.0,4.0,495,grid,65
4.0,2.0,5.0,495,grid,1
4.0,2.0,6.0,495,grid,19
4.0,2.0,7.0,495,grid,46
4.0,2.0,8.0,495,grid,12
4.0,2.0,9.0,495,grid,26
4.0,3.0,1.0,495,grid,42
4.0,3.0,2.0,495,grid,18
4.0,3.0,3.0,495,grid,45
4.0,3.0,4.0,495,grid,58
4.0,3.0,5.0,495,grid,55
4.0,3.0,6.0,495,grid,17
4.0,3.0,7.0,495,grid,25
4.0,3.0,8.0,495,grid,77
4.0,3.0,9.0,495,grid,20
4.0,4.0,1.0,495,grid,20
4.0,4.0,2.0,495,grid,23
4.0,4.0,3.0,495,grid,10
4.0,4.0,4.0,495,grid,23
4.0,4.0,5.0,495,grid,35
4.0,4.0,6.0,495,grid,2
4.0,4.0,7.0,495,grid,48
4.0,4.0,8.0,495,grid,85
4.0,4.0,9.0,495,grid,28
4.0,5.0,1.0,495,grid,16
4.0,5.0,2.0,495,grid,9
4.0,5.0,3.0,495,grid,77
4.0,5.0,4.0,495,grid,18
4.0,5.0,5.0,495,grid,14
4.0,5.0,6.0,495,grid,41
4.0,5.0,7.0,495,grid,48
4.0,5.0,8.0,495,grid,66
4.0,5.0,9.0,495,grid,20
5.0,1.0,1.0,495,grid,35
5.0,1.0,2.0,495,grid,43
5.0,1.0,3.0,495,grid,19
5.0,1.0,4.0,495,grid,47
5.0,1.0,5.0,495,grid,43
5.0,1.0,6.0,495,grid,1
5.0,1.0,7.0,495,grid,34
5.0,1.0,8.0,495,grid,18
5.0,1.0,9.0,495,grid,35
5.0,2.0,1.0,495,grid,49
5.0,2.0,2.0,495,grid,2
5.0,2.0,3.0,495,grid,166
5.0,2.0,4.0,495,grid,69
5.0,2.0,5.0,495,grid,15
5.0,2.0,6.0,495,grid,34
5.0,2.0,7.0,495,grid,7
5.0,2.0,8.0,495,grid,28
5.0,2.0,9.0,495,grid,13
5.0,3.0,1.0,495,grid,43
5.0,3.0,2.0,495,grid,139
5.0,3.0,3.0,495,grid,16
5.0,3.0,4.0,495,grid,106
5.0,3.0,5.0,495,grid,27
5.0,3.0,6.0,495,grid,14
5.0,3.0,7.0,495,grid,39
5.0,3.0,8.0,495,grid,20
5.0,3.0,9.0,495,grid,127
5.0,4.0,1.0,495,grid,67
5.0,4.0,2.0,495,grid,95
5.0,4.0,3.0,495,grid,11
5.0,4.0,4.0,495,grid,6
5.0,4.0,5.0,495,grid,6
5.0,4.0,6.0,495,grid,131
5.0,4.0,7.0,495,grid,84
5.0,4.0,8.0,495,grid,11
5.0,4.0,9.0,495,grid,78
5.0,5.0,1.0,495,grid,6
5.0,5.0,2.0,495,grid,130
5.0,5.0,3.0,495,grid,5
5.0,5.0,4.0,495,grid,25
5.0,5.0,5.0,495,grid,78
5.0,5.0,6.0,495,grid,16
5.0,5.0,7.0,495,grid,13
5.0,5.0,8.0,495,grid,39
5.0,5.0,9.0,495,grid,4
6.0,1.0,1.0,495,grid,27
6.0,1.0,2.0,495,grid,103
6.0,1.0,3.0,495,grid,99
6.0,1.0,4.0,495,grid,98
6.0,1.0,5.0,495,grid,86
6.0,1.0,6.0,495,grid,49
6.0,1.0,7.0,495,grid,48
6.0,1.0,8.0,495,grid,72
6.0,1.0,9.0,495,grid,6
6.0,2.0,1.0,495,grid,18
6.0,2.0,2.0,495,grid,15
6.0,2.0,3.0,495,grid,2
6.0,2.0,4.0,495,grid,94
6.0,2.0,5.0,495,grid,24
6.0,2.0,6.0,495,grid,10
6.0,2.0,7.0,495,grid,15
6.0,2.0,8.0,495,grid,47
6.0,2.0,9.0,495,grid,23
6.0,3.0,1.0,495,grid,169
6.0,3.0,2.0,495,grid,76
6.0,3.0,3.0,495,grid,73
6.0,3.0,4.0,495,grid,60
6.0,3.0,5.0,495,grid,51
6.0,3.0,6.0,495,grid,39
6.0,3.0,7.0,495,grid,135
6.0,3.0,8.0,495,grid,66
6.0,3.0,9.0,495,grid,28
6.0,4.0,1.0,495,grid,67
6.0,4.0,2.0,495,grid,5
6.0,4.0,3.0,495,grid,137
6.0,4.0,4.0,495,grid,51
6.0,4.0,5.0,495,grid,74
6.0,4.0,6.0,495,grid,8
6.0,4.0,7.0,495,grid,21
6.0,4.0,8.0,495,grid,1
6.0,4.0,9.0,495,grid,4
6.0,5.0,1.0,495,grid,49
6.0,5.0,2.0,495,grid,32
6.0,5.0,3.0,495,grid,11
6.0,5.0,4.0,495,grid,19
6.0,5.0,5.0,495,grid,95
6.0,5.0,6.0,495,grid,40
6.0,5.0,7.0,495,grid,67
6.0,5.0,8.0,495,grid,14
6.0,5.0,9.0,495,grid,5
7.0,1.0,1.0,495,grid,2
7.0,1.0,2.0,495,grid,141
7.0,1.0,3.0,495,grid,5
7.0,1.0,4.0,495,grid,63
7.0,1.0,5.0,495,grid,141
7.0,1.0,6.0,495,grid,100
7.0,1.0,7.0,495,grid,67
7.0,1.0,8.0,495,grid,8
7.0,1.0,9.0,495,grid,9
7.0,2.0,1.0,495,grid,93
7.0,2.0,2.0,495,grid,24
7.0,2.0,3.0,495,grid,4
7.0,2.0,4.0,495,grid,3
7.0,2.0,5.0,495,grid,36
7.0,2.0,6.0,495,grid,12
7.0,2.0,7.0,495,grid,9
7.0,2.0,8.0,495,grid,37
7.0,2.0,9.0,495,grid,29
7.0,3.0,1.0,495,grid,88
7.0,3.0,2.0,495,grid,45
7.0,3.0,3.0,495,grid,103
7.0,3.0,4.0,495,grid,3
7.0,3.0,5.0,495,grid,9
7.0,3.0,6.0,495,grid,1
7.0,3.0,7.0,495,grid,5
7.0,3.0,8.0,495,grid,35
7.0,3.0,9.0,495,grid,2
7.0,4.0,1.0,495,grid,53
7.0,4.0,2.0,495,grid,80
7.0,4.0,3.0,495,grid,5
7.0,4.0,4.0,495,grid,100
7.0,4.0,5.0,495,grid,17
7.0,4.0,6.0,495,grid,34
7.0,4.0,7.0,495,grid,6
7.0,4.0,8.0,495,grid,3
7.0,4.0,9.0,495,grid,68
7.0,5.0,1.0,495,grid,55
7.0,5.0,2.0,495,grid,45
7.0,5.0,3.0,495,grid,192
7.0,5.0,4.0,495,grid,77
7.0,5.0,5.0,495,grid,2
7.0,5.0,6.0,495,grid,56
7.0,5.0,7.0,495,grid,18
7.0,5.0,8.0,495,grid,64
7.0,5.0,9.0,495,grid,63
8.0,1.0,1.0,495,grid,18
8.0,1.0,2.0,495,grid,21
8.0,1.0,3.0,495,grid,13
8.0,1.0,4.0,495,grid,3
8.0,1.0,5.0,495,grid,32
8.0,1.0,6.0,495,grid,7
8.0,1.0,7.0,495,grid,21
8.0,1.0,8.0,495,grid,130
8.0,1.0,9.0,495,grid,6
8.0,2.0,1.0,495,grid,10
8.0,2.0,2.0,495,grid,53
8.0,2.0,3.0,495,grid,102
8.0,2.0,4.0,495,grid,18
8.0,2.0,5.0,495,grid,35
8.0,2.0,6.0,495,grid,35
8.0,2.0,7.0,495,grid,59
8.0,2.0,8.0,495,grid,16
8.0,2.0,9.0,495,grid,81
8.0,3.0,1.0,495,grid,120
8.0,3.0,2.0,495,grid,33
8.0,3.0,3.0,495,grid,44
8.0,3.0,4.0,495,grid,53
8.0,3.0,5.0,495,grid,76
8.0,3.0,6.0,495,grid,60
8.0,3.0,7.0,495,grid,2
8.0,3.0,8.0,495,grid,38
8.0,3.0,9.0,495,grid,36
8.0,4.0,1.0,495,grid,2
8.0,4.0,2.0,495,grid,55
8.0,4.0,3.0,495,grid,90
8.0,4.0,4.0,495,grid,78
8.0,4.0,5.0,495,grid,36
8.0,4.0,6.0,495,grid,18
8.0,4.0,7.0,495,grid,1
8.0,4.0,8.0,495,grid,22
8.0,4.0,9.0,495,grid,13
8.0,5.0,1.0,495,grid,26
8.0,5.0,2.0,495,grid,122
8.0,5.0,3.0,495,grid,40
8.0,5.0,4.0,495,grid,49
8.0,5.0,5.0,495,grid,32
8.0,5.0,6.0,495,grid,7
8.0,5.0,7.0,495,grid,145
8.0,5.0,8.0,495,grid,92
8.0,5.0,9.0,495,grid,6
9.0,1.0,1.0,495,grid,20
9.0,1.0,2.0,495,grid,14
9.0,1.0,3.0,495,grid,2
9.0,1.0,4.0,495,grid,7
9.0,1.0,5.0,495,grid,18
9.0,1.0,6.0,495,grid,18
9.0,1.0,7.0,495,grid,150
9.0,1.0,8.0,495,grid,123
9.0,1.0,9.0,495,grid,42
9.0,2.0,1.0,495,grid,92
9.0,2.0,2.0,495,grid,52
9.0,2.0,3.0,495,grid,92
9.0,2.0,4.0,495,grid,6
9.0,2.0,5.0,495,grid,193
9.0,2.0,6.0,495,grid,36
9.0,2.0,7.0,495,grid,66
9.0,2.0,8.0,495,grid,46
9.0,2.0,9.0,495,grid,48
9.0,3.0,1.0,495,grid,26
9.0,3.0,2.0,495,grid,129
9.0,3.0,3.0,495,grid,21
9.0,3.0,4.0,495,grid,21
9.0,3.0,5.0,495,grid,64
9.0,3.0,6.0,495,grid,54
9.0,3.0,7.0,495,grid,50
9.0,3.0,8.0,495,grid,154
9.0,3.0,9.0,495,grid,1
9.0,4.0,1.0,495,grid,121
9.0,4.0,2.0,495,grid,152
9.0,4.0,3.0,495,grid,9
9.0,4.0,4.0,495,grid,22
9.0,4.0,5.0,495,grid,58
9.0,4.0,6.0,495,grid,10
9.0,4.0,7.0,495,grid,1
9.0,4.0,8.0,495,grid,70
9.0,4.0,9.0,495,grid,22
9.0,5.0,1.0,495,grid,81
9.0,5.0,2.0,495,grid,12
9.0,5.0,3.0,495,grid,34
9.0,5.0,4.0,495,grid,125
9.0,5.0,5.0,495,grid,2
9.0,5.0,6.0,495,grid,110
9.0,5.0,7.0,495,grid,51
9.0,5.0,8.0,495,grid,106
9.0,5.0,9.0,495,grid,51
10.0,1.0,1.0,495,grid,20
10.0,1.0,2.0,495,grid,69
10.0,1.0,3.0,495,grid,13
10.0,1.0,4.0,495,grid,8
10.0,1.0,5.0,495,grid,94
10.0,1.0,6.0,495,grid,117
10.0,1.0,7.0,495,grid,1
10.0,1.0,8.0,495,grid,65
10.0,1.0,9.0,495,grid,85
10.0,2.0,1.0,495,grid,23
10.0,2.0,2.0,495,grid,43
10.0,2.0,3.0,495,grid,22
10.0,2.0,4.0,495,grid,35
10.0,2.0,5.0,495,grid,66
10.0,2.0,6.0,495,grid,188
10.0,2.0,7.0,495,grid,50
10.0,2.0,8.0,495,grid,23
10.0,2.0,9.0,495,grid,42
10.0,3.0,1.0,495,grid,65
10.0,3.0,2.0,495,grid,149
10.0,3.0,3.0,495,grid,45
10.0,3.0,4.0,495,grid,47
10.0,3.0,5.0,495,grid,5
10.0,3.0,6.0,495,grid,8
10.0,3.0,7.0,495,grid,64
10.0,3.0,8.0,495,grid,17
10.0,3.0,9.0,495,grid,125
10.0,4.0,1.0,495,grid,85
10.0,4.0,2.0,495,grid,29
10.0,4.0,3.0,495,grid,5
10.0,4.0,4.0,495,grid,64
10.0,4.0,5.0,495,grid,45
10.0,4.0,6.0,495,grid,23
10.0,4.0,7.0,495,grid,51
10.0,4.0,8.0,495,grid,65
10.0,4.0,9.0,495,grid,80
10.0,5.0,1.0,495,grid,95
10.0,5.0,2.0,495,grid,3
10.0,5.0,3.0,495,grid,12
10.0,5.0,4.0,495,grid,58
10.0,5.0,5.0,495,grid,126
10.0,5.0,6.0,495,grid,83
10.0,5.0,7.0,495,grid,10
10.0,5.0,8.0,495,grid,52
10.0,5.0,9.0,495,grid,62
11.0,1.0,1.0,495,grid,92
11.0,1.0,2.0,495,grid,15
11.0,1.0,3.0,495,grid,33
11.0,1.0,4.0,495,grid,39
11.0,1.0,5.0,495,grid,20
11.0,1.0,6.0,495,grid,70
11.0,1.0,7.0,495,grid,9
11.0,1.0,8.0,495,grid,48
11.0,1.0,9.0,495,grid,83
11.0,2.0,1.0,495,grid,23
11.0,2.0,2.0,495,grid,127
11.0,2.0,3.0,495,grid,6
11.0,2.0,4.0,495,grid,1
11.0,2.0,5.0,495,grid,58
11.0,2.0,6.0,495,grid,5
11.0,2.0,7.0,495,grid,7
11.0,2.0,8.0,495,grid,116
11.0,2.0,9.0,495,grid,30
11.0,3.0,1.0,495,grid,4
11.0,3.0,2.0,495,grid,19
11.0,3.0,3.0,495,grid,1
11.0,3.0,4.0,495,grid,43
11.0,3.0,5.0,495,grid,80
11.0,3.0,6.0,495,grid,2
11.0,3.0,7.0,495,grid,81
11.0,3.0,8.0,495,grid,32
11.0,3.0,9.0,495,grid,24
11.0,4.0,1.0,495,grid,68
11.0,4.0,2.0,495,grid,119
11.0,4.0,3.0,495,grid,35
11.0,4.0,4.0,495,grid,47
11.0,4.0,5.0,495,grid,75
11.0,4.0,6.0,495,grid,25
11.0,4.0,7.0,495,grid,46
11.0,4.0,8.0,495,grid,56
11.0,4.0,9.0,495,grid,6
11.0,5.0,1.0,495,grid,10
11.0,5.0,2.0,495,grid,82
11.0,5.0,3.0,495,grid,96
11.0,5.0,4.0,495,grid,7
11.0,5.0,5.0,495,grid,18
11.0,5.0,6.0,495,grid,59
11.0,5.0,7.0,495,grid,11
11.0,5.0,8.0,495,grid,7
11.0,5.0,9.0,495,grid,176
1.0,1.0,1.0,400,grid,3
1.0,1.0,2.0,400,grid,23
1.0,1.0,3.0,400,grid,4
1.0,1.0,4.0,400,grid,44
1.0,1.0,5.0,400,grid,98
1.0,1.0,6.0,400,grid,1
1.0,1.0,7.0,400,grid,89
1.0,1.0,8.0,400,grid,27
1.0,2.0,1.0,400,grid,3
1.0,2.0,2.0,400,grid,26
1.0,2.0,3.0,400,grid,11
1.0,2.0,4.0,400,grid,3
1.0,2.0,5.0,400,grid,33
1.0,2.0,6.0,400,grid,67
1.0,2.0,7.0,400,grid,161
1.0,2.0,8.0,400,grid,5
1.0,3.0,1.0,400,grid,89
1.0,3.0,2.0,400,grid,100
1.0,3.0,3.0,400,grid,17
1.0,3.0,4.0,400,grid,4
1.0,3.0,5.0,400,grid,51
1.0,3.0,6.0,400,grid,63
1.0,3.0,7.0,400,grid,2
1.0,3.0,8.0,400,grid,1
1.0,4.0,1.0,400,grid,18
1.0,4.0,2.0,400,grid,34
1.0,4.0,3.0,400,grid,37
1.0,4.0,4.0,400,grid,134
1.0,4.0,5.0,400,grid,44
1.0,4.0,6.0,400,grid,46
1.0,4.0,7.0,400,grid,46
1.0,4.0,8.0,400,grid,4
1.0,5.0,1.0,400,grid,20
1.0,5.0,2.0,400,grid,20
1.0,5.0,3.0,400,grid,31
1.0,5.0,4.0,400,grid,3
1.0,5.0,5.0,400,grid,33
1.0,5.0,6.0,400,grid,69
1.0,5.0,7.0,400,grid,54
1.0,5.0,8.0,400,grid,21
2.0,1.0,1.0,400,grid,86
2.0,1.0,2.0,400,grid,13
2.0,1.0,3.0,400,grid,49
2.0,1.0,4.0,400,grid,95
2.0,1.0,5.0,400,grid,4
2.0,1.0,6.0,400,grid,25
2.0,1.0,7.0,400,grid,15
2.0,1.0,8.0,400,grid,25
2.0,2.0,1.0,400,grid,162
2.0,2.0,2.0,400,grid,71
2.0,2.0,3.0,400,grid,12
2.0,2.0,4.0,400,grid,59
2.0,2.0,5.0,400,grid,43
2.0,2.0,6.0,400,grid,91
2.0,2.0,7.0,400,grid,9
2.0,2.0,8.0,400,grid,66
2.0,3.0,1.0,400,grid,100
2.0,3.0,2.0,400,grid,100
2.0,3.0,3.0,400,grid,12
2.0,3.0,4.0,400,grid,100
2.0,3.0,5.0,400,grid,41
2.0,3.0,6.0,400,grid,42
2.0,3.0,7.0,400,grid,96
2.0,3.0,8.0,400,grid,24
2.0,4.0,1.0,400,grid,82
2.0,4.0,2.0,400,grid,35
2.0,4.0,3.0,400,grid,11
2.0,4.0,4.0,400,grid,42
2.0,4.0,5.0,400,grid,17
2.0,4.0,6.0,400,grid,87
2.0,4.0,7.0,400,grid,20
2.0,4.0,8.0,400,grid,6
2.0,5.0,1.0,400,grid,24
2.0,5.0,2.0,400,grid,61
2.0,5.0,3.0,400,grid,4
2.0,5.0,4.0,400,grid,27
2.0,5.0,5.0,400,grid,4
2.0,5.0,6.0,400,grid,51
2.0,5.0,7.0,400,grid,94
2.0,5.0,8.0,400,grid,23
3.0,1.0,1.0,400,grid,12
3.0,1.0,2.0,400,grid,41
3.0,1.0,3.0,400,grid,12
3.0,1.0,4.0,400,grid,25
3.0,1.0,5.0,400,grid,41
3.0,1.0,6.0,400,grid,10
3.0,1.0,7.0,400,grid,17
3.0,1.0,8.0,400,grid,5
3.0,2.0,1.0,400,grid,49
3.0,2.0,2.0,400,grid,42
3.0,2.0,3.0,400,grid,42
3.0,2.0,4.0,400,grid,10
3.0,2.0,5.0,400,grid,6
3.0,2.0,6.0,400,grid,81
3.0,2.0,7.0,400,grid,5
3.0,2.0,8.0,400,grid,53
3.0,3.0,1.0,400,grid,38
3.0,3.0,2.0,400,grid,21
3.0,3.0,3.0,400,grid,18
3.0,3.0,4.0,400,grid,65
3.0,3.0,5.0,400,grid,120
3.0,3.0,6.0,400,grid,32
3.0,3.0,7.0,400,grid,55
3.0,3.0,8.0,400,grid,61
3.0,4.0,1.0,400,grid,3
3.0,4.0,2.0,400,grid,12
3.0,4.0,3.0,400,grid,2
3.0,4.0,4.0,400,grid,13
3.0,4.0,5.0,400,grid,42
3.0,4.0,6.0,400,grid,45
3.0,4.0,7.0,400,grid,18
3.0,4.0,8.0,400,grid,85
3.0,5.0,1.0,400,grid,69
3.0,5.0,2.0,400,grid,52
3.0,5.0,3.0,400,grid,34
3.0,5.0,4.0,400,grid,33
3.0,5.0,5.0,400,grid,66
3.0,5.0,6.0,400,grid,18
3.0,5.0,7.0,400,grid,61
3.0,5.0,8.0,400,grid,16
4.0,1.0,1.0,400,grid,12
4.0,1.0,2.0,400,grid,111
4.0,1.0,3.0,400,grid,79
4.0,1.0,4.0,400,grid,78
4.0,1.0,5.0,400,grid,13
4.0,1.0,6.0,400,grid,3
4.0,1.0,7.0,400,grid,96
4.0,1.0,8.0,400,grid,43
4.0,2.0,1.0,400,grid,109
4.0,2.0,2.0,400,grid,1
4.0,2.0,3.0,400,grid,30
4.0,2.0,4.0,400,grid,21
4.0,2.0,5.0,400,grid,35
4.0,2.0,6.0,400,grid,4
4.0,2.0,7.0,400,grid,16
4.0,2.0,8.0,400,grid,65
4.0,3.0,1.0,400,grid,11
4.0,3.0,2.0,400,grid,31
4.0,3.0,3.0,400,grid,24
4.0,3.0,4.0,400,grid,99
4.0,3.0,5.0,400,grid,6
4.0,3.0,6.0,400,grid,32
4.0,3.0,7.0,400,grid,42
4.0,3.0,8.0,400,grid,49
4.0,4.0,1.0,400,grid,21
4.0,4.0,2.0,400,grid,38
4.0,4.0,3.0,400,grid,95
4.0,4.0,4.0,400,grid,13
4.0,4.0,5.0,400,grid,18
4.0,4.0,6.0,400,grid,86
4.0,4.0,7.0,400,grid,24
4.0,4.0,8.0,400,grid,47
4.0,5.0,1.0,400,grid,12
4.0,5.0,2.0,400,grid,15
4.0,5.0,3.0,400,grid,71
4.0,5.0,4.0,400,grid,33
4.0,5.0,5.0,400,grid,115
4.0,5.0,6.0,400,grid,52
4.0,5.0,7.0,400,grid,52
4.0,5.0,8.0,400,grid,57
5.0,1.0,1.0,400,grid,58
5.0,1.0,2.0,400,grid,139
5.0,1.0,3.0,400,grid,82
5.0,1.0,4.0,400,grid,70
5.0,1.0,5.0,400,grid,58
5.0,1.0,6.0,400,grid,131
5.0,1.0,7.0,400,grid,35
5.0,1.0,8.0,400,grid,134
5.0,2.0,1.0,400,grid,1
5.0,2.0,2.0,400,grid,66
5.0,2.0,3.0,400,grid,9
5.0,2.0,4.0,400,grid,13
5.0,2.0,5.0,400,grid,5
5.0,2.0,6.0,400,grid,75
5.0,2.0,7.0,400,grid,12
5.0,2.0,8.0,400,grid,26
5.0,3.0,1.0,400,grid,10
5.0,3.0,2.0,400,grid,31
5.0,3.0,3.0,400,grid,21
5.0,3.0,4.0,400,grid,26
5.0,3.0,5.0,400,grid,87
5.0,3.0,6.0,400,grid,71
5.0,3.0,7.0,400,grid,14
5.0,3.0,8.0,400,grid,15
5.0,4.0,1.0,400,grid,20
5.0,4.0,2.0,400,grid,6
5.0,4.0,3.0,400,grid,170
5.0,4.0,4.0,400,grid,40
5.0,4.0,5.0,400,grid,94
5.0,4.0,6.0,400,grid,9
5.0,4.0,7.0,400,grid,111
5.0,4.0,8.0,400,grid,22
5.0,5.0,1.0,400,grid,19
5.0,5.0,2.0,400,grid,26
5.0,5.0,3.0,400,grid,35
5.0,5.0,4.0,400,grid,22
5.0,5.0,5.0,400,grid,2
5.0,5.0,6.0,400,grid,34
5.0,5.0,7.0,400,grid,40
5.0,5.0,8.0,400,grid,50
6.0,1.0,1.0,400,grid,23
6.0,1.0,2.0,400,grid,40
6.0,1.0,3.0,400,grid,116
6.0,1.0,4.0,400,grid,5
6.0,1.0,5.0,400,grid,19
6.0,1.0,6.0,400,grid,44
6.0,1.0,7.0,400,grid,56
6.0,1.0,8.0,400,grid,33
6.0,2.0,1.0,400,grid,70
6.0,2.0,2.0,400,grid,33
6.0,2.0,3.0,400,grid,2
6.0,2.0,4.0,400,grid,4
6.0,2.0,5.0,400,grid,18
6.0,2.0,6.0,400,grid,69
6.0,2.0,7.0,400,grid,3
6.0,2.0,8.0,400,grid,30
6.0,3.0,1.0,400,grid,86
6.0,3.0,2.0,400,grid,1
6.0,3.0,3.0,400,grid,5
6.0,3.0,4.0,400,grid,4
6.0,3.0,5.0,400,grid,120
6.0,3.0,6.0,400,grid,9
6.0,3.0,7.0,400,grid,29
6.0,3.0,8.0,400,grid,111
6.0,4.0,1.0,400,grid,4
6.0,4.0,2.0,400,grid,85
6.0,4.0,3.0,400,grid,70
6.0,4.0,4.0,400,grid,13
6.0,4.0,5.0,400,grid,2
6.0,4.0,6.0,400,grid,76
6.0,4.0,7.0,400,grid,92
6.0,4.0,8.0,400,grid,5
6.0,5.0,1.0,400,grid,9
6.0,5.0,2.0,400,grid,23
6.0,5.0,3.0,400,grid,19
6.0,5.0,4.0,400,grid,5
6.0,5.0,5.0,400,grid,27
6.0,5.0,6.0,400,grid,5
6.0,5.0,7.0,400,grid,67
6.0,5.0,8.0,400,grid,15
7.0,1.0,1.0,400,grid,44
7.0,1.0,2.0,400,grid,25
7.0,1.0,3.0,400,grid,16
7.0,1.0,4.0,400,grid,15
7.0,1.0,5.0,400,grid,83
7.0,1.0,6.0,400,grid,2
7.0,1.0,7.0,400,grid,18
7.0,1.0,8.0,400,grid,16
7.0,2.0,1.0,400,grid,11
7.0,2.0,2.0,400,grid,35
7.0,2.0,3.0,400,grid,80
7.0,2.0,4.0,400,grid,30
7.0,2.0,5.0,400,grid,56
7.0,2.0,6.0,400,grid,96
7.0,2.0,7.0,400,grid,24
7.0,2.0,8.0,400,grid,7
7.0,3.0,1.0,400,grid,76
7.0,3.0,2.0,400,grid,20
7.0,3.0,3.0,400,grid,134
7.0,3.0,4.0,400,grid,58
7.0,3.0,5.0,400,grid,20
7.0,3.0,6.0,400,grid,3
7.0,3.0,7.0,400,grid,87
7.0,3.0,8.0,400,grid,9
7.0,4.0,1.0,400,grid,72
7.0,4.0,2.0,400,grid,27
7.0,4.0,3.0,400,grid,10
7.0,4.0,4.0,400,grid,21
7.0,4.0,5.0,400,grid,62
7.0,4.0,6.0,400,grid,102
7.0,4.0,7.0,400,grid,58
7.0,4.0,8.0,400,grid,100
7.0,5.0,1.0,400,grid,1
7.0,5.0,2.0,400,grid,6
7.0,5.0,3.0,400,grid,23
7.0,5.0,4.0,400,grid,3
7.0,5.0,5.0,400,grid,26
7.0,5.0,6.0,400,grid,19
7.0,5.0,7.0,400,grid,14
7.0,5.0,8.0,400,grid,23
8.0,1.0,1.0,400,grid,3
8.0,1.0,2.0,400,grid,9
8.0,1.0,3.0,400,grid,8
8.0,1.0,4.0,400,grid,39
8.0,1.0,5.0,400,grid,7
8.0,1.0,6.0,400,grid,51
8.0,1.0,7.0,400,grid,26
8.0,1.0,8.0,400,grid,72
8.0,2.0,1.0,400,grid,9
8.0,2.0,2.0,400,grid,68
8.0,2.0,3.0,400,grid,60
8.0,2.0,4.0,400,grid,4
8.0,2.0,5.0,400,grid,24
8.0,2.0,6.0,400,grid,39
8.0,2.0,7.0,400,grid,2
8.0,2.0,8.0,400,grid,99
8.0,3.0,1.0,400,grid,66
8.0,3.0,2.0,400,grid,46
8.0,3.0,3.0,400,grid,17
8.0,3.0,4.0,400,grid,15
8.0,3.0,5.0,400,grid,15
8.0,3.0,6.0,400,grid,139
8.0,3.0,7.0,400,grid,18
8.0,3.0,8.0,400,grid,111
8.0,4.0,1.0,400,grid,8
8.0,4.0,2.0,400,grid,4
8.0,4.0,3.0,400,grid,2
8.0,4.0,4.0,400,grid,3
8.0,4.0,5.0,400,grid,62
8.0,4.0,6.0,400,grid,27
8.0,4.0,7.0,400,grid,21
8.0,4.0,8.0,400,grid,36
8.0,5.0,1.0,400,grid,84
8.0,5.0,2.0,400,grid,23
8.0,5.0,3.0,400,grid,43
8.0,5.0,4.0,400,grid,92
8.0,5.0,5.0,400,grid,31
8.0,5.0,6.0,400,grid,105
8.0,5.0,7.0,400,grid,20
8.0,5.0,8.0,400,grid,68
9.0,1.0,1.0,400,grid,37
9.0,1.0,2.0,400,grid,2
9.0,1.0,3.0,400,grid,14
9.0,1.0,4.0,400,grid,2
9.0,1.0,5.0,400,grid,6
9.0,1.0,6.0,400,grid,6
9.0,1.0,7.0,400,grid,3
9.0,1.0,8.0,400,grid,26
9.0,2.0,1.0,400,grid,110
9.0,2.0,2.0,400,grid,18
9.0,2.0,3.0,400,grid,85
9.0,2.0,4.0,400,grid,91
9.0,2.0,5.0,400,grid,7
9.0,2.0,6.0,400,grid,40
9.0,2.0,7.0,400,grid,83
9.0,2.0,8.0,400,grid,13
9.0,3.0,1.0,400,grid,8
9.0,3.0,2.0,400,grid,5
9.0,3.0,3.0,400,grid,81
9.0,3.0,4.0,400,grid,82
9.0,3.0,5.0,400,grid,202
9.0,3.0,6.0,400,grid,28
9.0,3.0,7.0,400,grid,17
9.0,3.0,8.0,400,grid,11
9.0,4.0,1.0,400,grid,54
9.0,4.0,2.0,400,grid,21
9.0,4.0,3.0,400,grid,1
9.0,4.0,4.0,400,grid,39
9.0,4.0,5.0,400,grid,30
9.0,4.0,6.0,400,grid,49
9.0,4.0,7.0,400,grid,42
9.0,4.0,8.0,400,grid,30
9.0,5.0,1.0,400,grid,66
9.0,5.0,2.0,400,grid,16
9.0,5.0,3.0,400,grid,19
9.0,5.0,4.0,400,grid,7
9.0,5.0,5.0,400,grid,8
9.0,5.0,6.0,400,grid,1
9.0,5.0,7.0,400,grid,10
9.0,5.0,8.0,400,grid,21
10.0,1.0,1.0,400,grid,9
10.0,1.0,2.0,400,grid,45
10.0,1.0,3.0,400,grid,39
10.0,1.0,4.0,400,grid,44
10.0,1.0,5.0,400,grid,84
10.0,1.0,6.0,400,grid,44
10.0,1.0,7.0,400,grid,9
10.0,1.0,8.0,400,grid,96
10.0,2.0,1.0,400,grid,33
10.0,2.0,2.0,400,grid,24
10.0,2.0,3.0,400,grid,12
10.0,2.0,4.0,400,grid,34
10.0,2.0,5.0,400,grid,21
10.0,2.0,6.0,400,grid,55
10.0,2.0,7.0,400,grid,23
10.0,2.0,8.0,400,grid,58
10.0,3.0,1.0,400,grid,16
10.0,3.0,2.0,400,grid,173
10.0,3.0,3.0,400,grid,59
10.0,3.0,4.0,400,grid,25
10.0,3.0,5.0,400,grid,43
10.0,3.0,6.0,400,grid,42
10.0,3.0,7.0,400,grid,17
10.0,3.0,8.0,400,grid,14
10.0,4.0,1.0,400,grid,65
10.0,4.0,2.0,400,grid,77
10.0,4.0,3.0,400,grid,72
10.0,4.0,4.0,400,grid,12
10.0,4.0,5.0,400,grid,15
10.0,4.0,6.0,400,grid,13
10.0,4.0,7.0,400,grid,8
10.0,4.0,8.0,400,grid,12
10.0,5.0,1.0,400,grid,11
10.0,5.0,2.0,400,grid,22
10.0,5.0,3.0,400,grid,10
10.0,5.0,4.0,400,grid,25
10.0,5.0,5.0,400,grid,66
10.0,5.0,6.0,400,grid,13
10.0,5.0,7.0,400,grid,71
10.0,5.0,8.0,400,grid,20
1.0,1.0,1.0,315,grid,99
1.0,1.0,2.0,315,grid,9
1.0,1.0,3.0,315,grid,4
1.0,1.0,4.0,315,grid,65
1.0,1.0,5.0,315,grid,5
1.0,1.0,6.0,315,grid,33
1.0,1.0,7.0,315,grid,20
1.0,2.0,1.0,315,grid,22
1.0,2.0,2.0,315,grid,4
1.0,2.0,3.0,315,grid,36
1.0,2.0,4.0,315,grid,11
1.0,2.0,5.0,315,grid,23
1.0,2.0,6.0,315,grid,27
1.0,2.0,7.0,315,grid,21
1.0,3.0,1.0,315,grid,4
1.0,3.0,2.0,315,grid,37
1.0,3.0,3.0,315,grid,52
1.0,3.0,4.0,315,grid,65
1.0,3.0,5.0,315,grid,39
1.0,3.0,6.0,315,grid,4
1.0,3.0,7.0,315,grid,44
1.0,4.0,1.0,315,grid,63
1.0,4.0,2.0,315,grid,3
1.0,4.0,3.0,315,grid,98
1.0,4.0,4.0,315,grid,2
1.0,4.0,5.0,315,grid,39
1.0,4.0,6.0,315,grid,54
1.0,4.0,7.0,315,grid,12
1.0,5.0,1.0,315,grid,33
1.0,5.0,2.0,315,grid,9
1.0,5.0,3.0,315,grid,22
1.0,5.0,4.0,315,grid,68
1.0,5.0,5.0,315,grid,16
1.0,5.0,6.0,315,grid,46
1.0,5.0,7.0,315,grid,75
2.0,1.0,1.0,315,grid,7
2.0,1.0,2.0,315,grid,44
2.0,1.0,3.0,315,grid,75
2.0,1.0,4.0,315,grid,65
2.0,1.0,5.0,315,grid,11
2.0,1.0,6.0,315,grid,7
2.0,1.0,7.0,315,grid,107
2.0,2.0,1.0,315,grid,17
2.0,2.0,2.0,315,grid,39
2.0,2.0,3.0,315,grid,52
2.0,2.0,4.0,315,grid,4
2.0,2.0,5.0,315,grid,15
2.0,2.0,6.0,315,grid,20
2.0,2.0,7.0,315,grid,16
2.0,3.0,1.0,315,grid,42
2.0,3.0,2.0,315,grid,34
2.0,3.0,3.0,315,grid,30
2.0,3.0,4.0,315,grid,18
2.0,3.0,5.0,315,grid,40
2.0,3.0,6.0,315,grid,7
2.0,3.0,7.0,315,grid,9
2.0,4.0,1.0,315,grid,33
2.0,4.0,2.0,315,grid,5
2.0,4.0,3.0,315,grid,2
2.0,4.0,4.0,315,grid,71
2.0,4.0,5.0,315,grid,19
2.0,4.0,6.0,315,grid,110
2.0,4.0,7.0,315,grid,75
2.0,5.0,1.0,315,grid,4
2.0,5.0,2.0,315,grid,34
2.0,5.0,3.0,315,grid,2
2.0,5.0,4.0,315,grid,154
2.0,5.0,5.0,315,grid,31
2.0,5.0,6.0,315,grid,4
2.0,5.0,7.0,315,grid,89
3.0,1.0,1.0,315,grid,5
3.0,1.0,2.0,315,grid,2
3.0,1.0,3.0,315,grid,16
3.0,1.0,4.0,315,grid,34
3.0,1.0,5.0,315,grid,14
3.0,1.0,6.0,315,grid,2
3.0,1.0,7.0,315,grid,29
3.0,2.0,1.0,315,grid,15
3.0,2.0,2.0,315,grid,3
3.0,2.0,3.0,315,grid,13
3.0,2.0,4.0,315,grid,64
3.0,2.0,5.0,315,grid,1
3.0,2.0,6.0,315,grid,12
3.0,2.0,7.0,315,grid,38
3.0,3.0,1.0,315,grid,1
3.0,3.0,2.0,315,grid,34
3.0,3.0,3.0,315,grid,37
3.0,3.0,4.0,315,grid,26
3.0,3.0,5.0,315,grid,31
3.0,3.0,6.0,315,grid,72
3.0,3.0,7.0,315,grid,15
3.0,4.0,1.0,315,grid,71
3.0,4.0,2.0,315,grid,29
3.0,4.0,3.0,315,grid,3
3.0,4.0,4.0,315,grid,10
3.0,4.0,5.0,315,grid,54
3.0,4.0,6.0,315,grid,49
3.0,4.0,7.0,315,grid,55
3.0,5.0,1.0,315,grid,24
3.0,5.0,2.0,315,grid,66
3.0,5.0,3.0,315,grid,16
3.0,5.0,4.0,315,grid,42
3.0,5.0,5.0,315,grid,20
3.0,5.0,6.0,315,grid,2
3.0,5.0,7.0,315,grid,14
4.0,1.0,1.0,315,grid,40
4.0,1.0,2.0,315,grid,69
4.0,1.0,3.0,315,grid,53
4.0,1.0,4.0,315,grid,1
4.0,1.0,5.0,315,grid,18
4.0,1.0,6.0,315,grid,191
4.0,1.0,7.0,315,grid,78
4.0,2.0,1.0,315,grid,48
4.0,2.0,2.0,315,grid,14
4.0,2.0,3.0,315,grid,48
4.0,2.0,4.0,315,grid,41
4.0,2.0,5.0,315,grid,67
4.0,2.0,6.0,315,grid,39
4.0,2.0,7.0,315,grid,5
4.0,3.0,1.0,315,grid,6
4.0,3.0,2.0,315,grid,17
4.0,3.0,3.0,315,grid,22
4.0,3.0,4.0,315,grid,103
4.0,3.0,5.0,315,grid,94
4.0,3.0,6.0,315,grid,130
4.0,3.0,7.0,315,grid,83
4.0,4.0,1.0,315,grid,2
4.0,4.0,2.0,315,grid,32
4.0,4.0,3.0,315,grid,50
4.0,4.0,4.0,315,grid,13
4.0,4.0,5.0,315,grid,7
4.0,4.0,6.0,315,grid,12
4.0,4.0,7.0,315,grid,29
4.0,5.0,1.0,315,grid,38
4.0,5.0,2.0,315,grid,11
4.0,5.0,3.0,315,grid,17
4.0,5.0,4.0,315,grid,16
4.0,5.0,5.0,315,grid,26
4.0,5.0,6.0,315,grid,18
4.0,5.0,7.0,315,grid,41
5.0,1.0,1.0,315,grid,21
5.0,1.0,2.0,315,grid,5
5.0,1.0,3.0,315,grid,31
5.0,1.0,4.0,315,grid,3
5.0,1.0,5.0,315,grid,15
5.0,1.0,6.0,315,grid,111
5.0,1.0,7.0,315,grid,8
5.0,2.0,1.0,315,grid,65
5.0,2.0,2.0,315,grid,5
5.0,2.0,3.0,315,grid,8
5.0,2.0,4.0,315,grid,67
5.0,2.0,5.0,315,grid,37
5.0,2.0,6.0,315,grid,86
5.0,2.0,7.0,315,grid,28
5.0,3.0,1.0,315,grid,11
5.0,3.0,2.0,315,grid,15
5.0,3.0,3.0,315,grid,3
5.0,3.0,4.0,315,grid,19
5.0,3.0,5.0,315,grid,27
5.0,3.0,6.0,315,grid,27
5.0,3.0,7.0,315,grid,92
5.0,4.0,1.0,315,grid,50
5.0,4.0,2.0,315,grid,18
5.0,4.0,3.0,315,grid,13
5.0,4.0,4.0,315,grid,30
5.0,4.0,5.0,315,grid,18
5.0,4.0,6.0,315,grid,1
5.0,4.0,7.0,315,grid,20
5.0,5.0,1.0,315,grid,30
5.0,5.0,2.0,315,grid,12
5.0,5.0,3.0,315,grid,4
5.0,5.0,4.0,315,grid,32
5.0,5.0,5.0,315,grid,4
5.0,5.0,6.0,315,grid,36
5.0,5.0,7.0,315,grid,27
6.0,1.0,1.0,315,grid,21
6.0,1.0,2.0,315,grid,34
6.0,1.0,3.0,315,grid,8
6.0,1.0,4.0,315,grid,6
6.0,1.0,5.0,315,grid,7
6.0,1.0,6.0,315,grid,31
6.0,1.0,7.0,315,grid,51
6.0,2.0,1.0,315,grid,64
6.0,2.0,2.0,315,grid,40
6.0,2.0,3.0,315,grid,57
6.0,2.0,4.0,315,grid,73
6.0,2.0,5.0,315,grid,80
6.0,2.0,6.0,315,grid,12
6.0,2.0,7.0,315,grid,46
6.0,3.0,1.0,315,grid,12
6.0,3.0,2.0,315,grid,99
6.0,3.0,3.0,315,grid,44
6.0,3.0,4.0,315,grid,29
6.0,3.0,5.0,315,grid,65
6.0,3.0,6.0,315,grid,14
6.0,3.0,7.0,315,grid,22
6.0,4.0,1.0,315,grid,78
6.0,4.0,2.0,315,grid,20
6.0,4.0,3.0,315,grid,40
6.0,4.0,4.0,315,grid,8
6.0,4.0,5.0,315,grid,34
6.0,4.0,6.0,315,grid,5
6.0,4.0,7.0,315,grid,1
6.0,5.0,1.0,315,grid,13
6.0,5.0,2.0,315,grid,14
6.0,5.0,3.0,315,grid,129
6.0,5.0,4.0,315,grid,133
6.0,5.0,5.0,315,grid,20
6.0,5.0,6.0,315,grid,26
6.0,5.0,7.0,315,grid,151
7.0,1.0,1.0,315,grid,57
7.0,1.0,2.0,315,grid,115
7.0,1.0,3.0,315,grid,3
7.0,1.0,4.0,315,grid,16
7.0,1.0,5.0,315,grid,1
7.0,1.0,6.0,315,grid,13
7.0,1.0,7.0,315,grid,47
7.0,2.0,1.0,315,grid,59
7.0,2.0,2.0,315,grid,3
7.0,2.0,3.0,315,grid,84
7.0,2.0,4.0,315,grid,25
7.0,2.0,5.0,315,grid,9
7.0,2.0,6.0,315,grid,21
7.0,2.0,7.0,315,grid,90
7.0,3.0,1.0,315,grid,55
7.0,3.0,2.0,315,grid,27
7.0,3.0,3.0,315,grid,3
7.0,3.0,4.0,315,grid,63
7.0,3.0,5.0,315,grid,50
7.0,3.0,6.0,315,grid,80
7.0,3.0,7.0,315,grid,46
7.0,4.0,1.0,315,grid,14
7.0,4.0,2.0,315,grid,43
7.0,4.0,3.0,315,grid,18
7.0,4.0,4.0,315,grid,91
7.0,4.0,5.0,315,grid,5
7.0,4.0,6.0,315,grid,98
7.0,4.0,7.0,315,grid,13
7.0,5.0,1.0,315,grid,1
7.0,5.0,2.0,315,grid,5
7.0,5.0,3.0,315,grid,4
7.0,5.0,4.0,315,grid,6
7.0,5.0,5.0,315,grid,7
7.0,5.0,6.0,315,grid,17
7.0,5.0,7.0,315,grid,84
8.0,1.0,1.0,315,grid,53
8.0,1.0,2.0,315,grid,2
8.0,1.0,3.0,315,grid,59
8.0,1.0,4.0,315,grid,1
8.0,1.0,5.0,315,grid,81
8.0,1.0,6.0,315,grid,9
8.0,1.0,7.0,315,grid,103
8.0,2.0,1.0,315,grid,58
8.0,2.0,2.0,315,grid,54
8.0,2.0,3.0,315,grid,42
8.0,2.0,4.0,315,grid,14
8.0,2.0,5.0,315,grid,76
8.0,2.0,6.0,315,grid,23
8.0,2.0,7.0,315,grid,18
8.0,3.0,1.0,315,grid,62
8.0,3.0,2.0,315,grid,52
8.0,3.0,3.0,315,grid,44
8.0,3.0,4.0,315,grid,47
8.0,3.0,5.0,315,grid,11
8.0,3.0,6.0,315,grid,24
8.0,3.0,7.0,315,grid,106
8.0,4.0,1.0,315,grid,56
8.0,4.0,2.0,315,grid,23
8.0,4.0,3.0,315,grid,28
8.0,4.0,4.0,315,grid,72
8.0,4.0,5.0,315,grid,111
8.0,4.0,6.0,315,grid,54
8.0,4.0,7.0,315,grid,1
8.0,5.0,1.0,315,grid,2
8.0,5.0,2.0,315,grid,1
8.0,5.0,3.0,315,grid,102
8.0,5.0,4.0,315,grid,59
8.0,5.0,5.0,315,grid,20
8.0,5.0,6.0,315,grid,48
8.0,5.0,7.0,315,grid,11
9.0,1.0,1.0,315,grid,94
9.0,1.0,2.0,315,grid,26
9.0,1.0,3.0,315,grid,26
9.0,1.0,4.0,315,grid,14
9.0,1.0,5.0,315,grid,4
9.0,1.0,6.0,315,grid,1
9.0,1.0,7.0,315,grid,46
9.0,2.0,1.0,315,grid,3
9.0,2.0,2.0,315,grid,22
9.0,2.0,3.0,315,grid,55
9.0,2.0,4.0,315,grid,7
9.0,2.0,5.0,315,grid,64
9.0,2.0,6.0,315,grid,1
9.0,2.0,7.0,315,grid,89
9.0,3.0,1.0,315,grid,8
9.0,3.0,2.0,315,grid,33
9.0,3.0,3.0,315,grid,139
9.0,3.0,4.0,315,grid,19
9.0,3.0,5.0,315,grid,122
9.0,3.0,6.0,315,grid,2
9.0,3.0,7.0,315,grid,1
9.0,4.0,1.0,315,grid,3
9.0,4.0,2.0,315,grid,29
9.0,4.0,3.0,315,grid,30
9.0,4.0,4.0,315,grid,97
9.0,4.0,5.0,315,grid,23
9.0,4.0,6.0,315,grid,44
9.0,4.0,7.0,315,grid,111
9.0,5.0,1.0,315,grid,126
9.0,5.0,2.0,315,grid,32
9.0,5.0,3.0,315,grid,18
9.0,5.0,4.0,315,grid,102
9.0,5.0,5.0,315,grid,10
9.0,5.0,6.0,315,grid,36
9.0,5.0,7.0,315,grid,71
