missing_value,normalization,outlier,model,outlier_bef_normalization_strat,outlier_bef_outlier_strat,outlier_after_outlier_strat,diff_sensitive_attr,ratio_sensitive_attr,cov,class_imbalance_ratio,corr_Age,corr_Workclass,corr_fnlwgt,corr_Education,corr_Education_Num,corr_Martial_Status,corr_Occupation,corr_Relationship,corr_Race,corr_Sex,corr_Capital_Gain,corr_Capital_Loss,corr_Hours_per_week,corr_Country,utility_sp
1,1,1,1,0.36800436800436803,0.36800436800436803,0.36800436800436803,0.19567,2.03009,0.04326637997678508,0.43603,231321.08007,956.2172,94102.73564,4025.4625,99810.01429,5803.90182,3653.25408,5991.22194,292.33263,1350.38432,622.04155,1360.05542,311993.47238,294.92321,0.06068448365422999
1,1,2,1,0.36800436800436803,0.36800436800436803,0.300644115514226,0.20812,2.41039,0.04313424116786759,0.35655,202074.29305,639.26639,84749.8871,2840.45847,86883.09417,4669.20476,2741.27581,4811.99387,162.08064,1128.46011,543.95869,371.88666,316228.77428,185.9796,0.08033344236328756
1,1,3,1,0.36800436800436803,0.36800436800436803,0.2307761692148108,0.19973,2.08988,0.043722260421121054,0.33524,187870.3408,719.33442,71792.51493,3045.26737,77289.71938,4545.19077,2790.3187,4666.7311,239.72442,1042.34977,451.63578,1018.76682,294698.56984,244.74273,0.0720722461103146
1,1,4,1,0.36800436800436803,0.36800436800436803,0.3390869612816115,0.19409,2.04478,0.04281170219501448,0.40771,223142.68877,908.16237,89581.27084,3709.52447,93820.11539,5524.89951,3431.29393,5702.44542,280.02461,1239.40501,533.54234,1204.27747,320572.19355,286.38518,0.05715642980914948
1,1,5,1,0.36800436800436803,0.36800436800436803,0.3489849074107111,0.19263,2.03224,0.04257755869063379,0.41109,223108.51096,877.30474,92641.87037,3775.22428,95382.60719,5564.25891,3457.92592,5731.69251,280.11448,1263.4423,529.89968,957.68324,303221.91673,279.7925,0.05680941662008229
1,1,6,1,0.36800436800436803,0.36800436800436803,0.3427081460169034,0.19172,2.01148,0.042524715938069946,0.40163,220093.03968,886.12924,93147.67727,3684.87483,94391.04292,5520.08497,3407.34157,5678.8334,273.9406,1259.21548,498.19747,601.22628,298074.23009,282.58053,0.05431409248759571
1,1,7,1,0.36800436800436803,0.36800436800436803,0.33204689969493145,0.18769,1.98453,0.04181862048471901,0.38106,213258.01947,833.36297,92175.21568,3539.0956,92043.42173,5276.4082,3232.31831,5430.24923,256.38121,1212.01764,452.47315,189.59347,289543.79444,267.63359,0.041083636965854625
1,2,1,1,0.36800436800436803,0.04982254982254982,0.04982254982254982,0.19567,2.03009,0.04326637997678508,0.43603,1452.98072,1452.98072,1452.98072,1452.98072,1452.98072,1452.98072,1452.98072,1452.98072,1452.98072,1452.98072,1452.98072,1452.98072,1452.98072,1452.98072,0.13025502828521612
1,2,2,1,0.36800436800436803,0.04982254982254982,0.04999360150151431,0.20812,2.41039,0.04313424116786759,0.35655,2168.82481,970.05265,1830.53342,576.21364,1704.05867,1692.51383,1107.66241,2394.42384,120.40716,598.40471,3953.53778,7027.67446,988.72685,126.88074,0.14011098929748694
1,2,3,1,0.36800436800436803,0.04982254982254982,0.04990609068956265,0.19776,2.05158,0.04357001552938075,0.33499,1155.22113,1113.56764,1227.75538,1147.48177,1030.69457,1163.61628,1096.80896,1161.96743,1138.01239,1081.26939,1269.80353,1153.95788,1042.78012,1172.56359,0.13242449211191168
1,2,4,1,0.36800436800436803,0.04982254982254982,0.04978252129098286,0.19946,2.03013,0.04410442796934161,0.40882,1406.74566,1324.40957,1496.21082,1342.16361,1289.79522,1464.24945,1261.28503,1424.3834,1376.07618,1367.40259,1542.66774,1446.50087,1318.72621,1351.615,0.1344628392346973
1,2,5,1,0.36800436800436803,0.04982254982254982,0.05015181282371852,0.20029,2.02649,0.04431398262401629,0.41705,1452.82157,1368.2576,1523.15524,1349.25128,1316.67181,1482.96703,1325.15768,1420.33763,1416.58479,1400.10997,1704.70136,1470.7495,1361.43961,1346.92037,0.13558091887566415
1,2,6,1,0.36800436800436803,0.04982254982254982,0.050190731845154,0.19809,2.01898,0.04388323316678317,0.41877,1477.20444,1383.45833,1571.69818,1343.92489,1339.21688,1456.11393,1337.23357,1402.65862,1405.26202,1415.76494,1803.20568,1535.48875,1432.262,1329.91449,0.1321817559207081
1,2,7,1,0.36800436800436803,0.04982254982254982,0.050135358436170584,0.19773,2.01622,0.04382359983705125,0.41914,1511.1643,1401.6608,1595.77611,1347.38133,1352.01444,1421.38171,1349.02625,1387.96339,1388.31764,1419.34799,1874.35597,1601.9986,1490.7162,1319.07539,0.13261442650808938
1,3,1,1,0.36800436800436803,0.052757302757302754,0.052757302757302754,0.19567,2.03009,0.04326637997678508,0.43603,1180.98319,1826.28808,632.05033,3582.40188,2621.08275,155.17168,4927.38592,551.28417,10769.92846,23714.73931,622.04155,1360.05542,108.51691,3092.95672,0.13455382117507173
1,3,2,1,0.36800436800436803,0.052757302757302754,0.050164228127799346,0.20812,2.41039,0.04313424116786759,0.35655,1773.5936,1256.51228,916.05501,2014.17974,1837.01474,44.16273,3942.75925,1122.38472,7950.39623,17423.70387,543.95869,371.88666,12.6266,1414.38442,0.10501446828721808
1,3,3,1,0.36800436800436803,0.052757302757302754,0.053070136351483825,0.19654,2.03393,0.0434304196758529,0.33573,1012.73368,1412.2901,611.19274,2826.76785,2100.07009,112.08257,3826.68035,444.67403,8270.52885,18194.03837,473.03612,1022.78318,95.95299,2436.732,0.1314345638673183
1,3,4,1,0.36800436800436803,0.052757302757302754,0.053204752126723376,0.19953,2.00783,0.04428346757062476,0.40194,1238.04847,1647.95118,683.97495,3275.0149,2556.48764,153.24988,4420.99302,501.9191,9866.90865,22101.22882,529.23516,1147.23304,100.36727,2791.13582,0.12925468301875626
1,3,5,1,0.36800436800436803,0.052757302757302754,0.05280563643552967,0.198,2.00746,0.04394596055516599,0.40943,1290.30426,1697.19244,702.0057,3324.18814,2592.14568,162.37193,4535.66694,498.40236,10047.30435,22530.44952,525.64463,1133.16099,103.73239,2804.84756,0.12515929338784634
1,3,6,1,0.36800436800436803,0.052757302757302754,0.05280834643418608,0.19697,2.01562,0.043657989517877756,0.40821,1229.11135,1729.07452,698.63681,3276.98814,2597.31847,177.68245,4581.60817,479.9894,10044.2423,22505.15134,503.43545,1112.93154,106.22116,2780.05525,0.12718586771624207
1,3,7,1,0.36800436800436803,0.052757302757302754,0.05235546038543897,0.19437,2.00837,0.043134286948498954,0.40292,1202.36795,1696.73557,680.09331,3233.94368,2613.67584,203.66924,4464.93557,423.23249,9964.89491,22413.38981,489.41395,1080.23395,108.29709,2772.95,0.12452378119197174
1,4,1,1,0.36800436800436803,0.049959049959049956,0.049959049959049956,0.19567,2.03009,0.04326637997678508,0.43603,4947.03193,7826.47885,2036.52823,23164.0108,7549.00185,4422.42733,5486.82296,222.19486,58335.95406,13247.4293,8303.9823,7539.00117,4073.36924,56477.541,0.1326359796253602
1,4,2,1,0.36800436800436803,0.049959049959049956,0.05003625815808557,0.20812,2.41039,0.04313424116786759,0.35655,3338.61733,6516.22166,1845.78013,20897.50351,5520.23194,3155.97189,4394.13814,13.83317,56904.99032,12557.92415,7225.56486,7197.67979,3259.70026,55917.66398,0.1462844570609433
1,4,3,1,0.36800436800436803,0.049959049959049956,0.04997203057989931,0.19978,2.06195,0.04393882764941102,0.32,3604.75844,5755.06729,1565.28144,16896.09432,5567.6759,3167.51289,4078.05064,138.80793,41944.47408,9846.92755,6191.50656,5582.10576,2964.93537,40941.25383,0.13871433314669585
1,4,4,1,0.36800436800436803,0.049959049959049956,0.05001943256898562,0.19778,2.1,0.04322096692698963,0.39205,4078.75107,6548.49916,2030.38423,19784.36205,6325.54005,3427.71165,4630.29037,104.27295,49031.16725,11708.90167,7639.63038,6987.99607,3341.6938,47325.25249,0.1384624211130235
1,4,5,1,0.36800436800436803,0.049959049959049956,0.050026589683202914,0.20252,2.10302,0.04423525639763064,0.40243,4146.63075,6638.38402,2090.64908,20063.50344,6485.57225,3455.13705,4719.79425,100.52589,49736.78783,11944.19665,7886.69056,7243.21927,3385.31882,48246.1712,0.14354122130550206
1,4,6,1,0.36800436800436803,0.049959049959049956,0.0500690736661315,0.2016,2.07039,0.04427700250555168,0.40864,4225.92296,6719.14049,2102.65191,20450.18047,6688.92512,3539.81284,4816.29391,115.98062,50599.90455,11956.48562,8002.38949,7375.61184,3455.48213,49605.61064,0.14347119394774752
1,4,7,1,0.36800436800436803,0.049959049959049956,0.05002031844545421,0.20164,2.04283,0.04449001193240883,0.41122,4309.65791,6821.19328,2082.34272,20794.16008,6830.32634,3623.43928,4921.83158,130.86438,51544.25359,11963.79532,8014.34563,7441.62584,3536.19163,50545.56327,0.14191958695740814
1,5,1,1,0.36800436800436803,0.049959049959049956,0.049959049959049956,0.19567,2.03009,0.04326637997678508,0.43603,387.69992,7826.47885,2302.58944,23164.0108,6314.34819,4422.42733,5486.82296,222.19486,58335.95406,13247.4293,8303.9823,7539.00117,3777.14238,56477.541,0.13279031619947892
1,5,2,1,0.36800436800436803,0.049959049959049956,0.04990828818837179,0.20812,2.41039,0.04313424116786759,0.35655,141.36983,6516.22166,2071.48988,20897.50351,4570.53699,3155.97189,4394.13814,13.83317,56904.99032,12557.92415,7225.56486,7197.67979,3025.52062,55917.66398,0.14611421299487093
1,5,3,1,0.36800436800436803,0.049959049959049956,0.05000695829660899,0.19734,2.0534,0.04346423128666907,0.3205,286.82497,5829.64779,1759.72995,17089.5987,4718.24553,3202.93314,4121.58051,149.22541,42368.33277,9892.91879,6184.87269,5580.098,2792.41671,41228.31841,0.13772550577524978
1,5,4,1,0.36800436800436803,0.049959049959049956,0.04996334735136387,0.19887,2.09481,0.04349803961227478,0.39469,295.99498,6601.04111,2291.40991,19959.85028,5343.47414,3476.12169,4678.25657,110.30014,49390.44878,11770.03743,7689.54147,7044.34194,3116.07813,47758.85314,0.14019547951079075
1,5,5,1,0.36800436800436803,0.049959049959049956,0.050007554011179935,0.20268,2.10169,0.04427808405167774,0.40507,294.35364,6677.07984,2362.2669,20166.18629,5436.91642,3467.21551,4746.69295,99.01838,49931.26931,11987.89456,7937.33552,7284.04976,3135.89098,48577.75657,0.14392709113686256
1,5,6,1,0.36800436800436803,0.049959049959049956,0.05005194419709112,0.19974,2.06586,0.043901141060292345,0.41017,308.33967,6810.22702,2354.80145,20638.99419,5649.83407,3605.88392,4898.07551,123.22189,51185.7635,12044.81454,8025.67737,7396.62855,3234.9307,50154.68621,0.14175409321662155
1,5,7,1,0.36800436800436803,0.049959049959049956,0.05004773444958508,0.20156,2.03646,0.044519866517043066,0.41318,312.52717,6901.18538,2344.58738,20981.23132,5762.31477,3688.46926,4968.74348,137.22916,52065.50601,12013.82754,8053.60341,7477.20277,3297.50315,51044.82134,0.1426803830830512
2,1,1,1,0.3497235872235872,0.3497235872235872,0.3497235872235872,0.19627,2.02321,0.0434472369306056,0.4816,256991.60794,1045.63104,105269.17313,4429.44119,110794.56174,5803.90182,4031.65787,6698.62701,330.95438,1517.52998,692.9838,1518.9135,344649.22978,316.90654,0.059291506713658654
2,1,2,1,0.3497235872235872,0.3497235872235872,0.2724201474201474,0.20718,2.32754,0.043552772775427996,0.39046,231664.64035,682.92417,97541.26528,3080.3848,96128.64042,4636.33296,2982.91419,5276.01624,181.15028,1272.82324,1011.4668,412.33097,366253.45673,217.68509,0.08037170740627106
2,1,3,1,0.3497235872235872,0.3497235872235872,0.21483136936204794,0.20008,2.07702,0.04389406101760677,0.36914,207769.71882,803.73116,79901.13147,3327.48794,85683.90364,4532.05423,3072.71943,5173.1155,263.55422,1169.88026,502.25413,1142.81847,324618.7637,255.61898,0.059990587581882235
2,1,4,1,0.3497235872235872,0.3497235872235872,0.3214953884530804,0.19571,2.03698,0.04322435956036563,0.45083,249462.12334,990.86721,100510.43976,4058.71221,104246.23516,5548.65617,3794.70465,6391.87374,320.08017,1408.2174,602.58197,1358.31821,356716.94569,307.15248,0.05600788511751384
2,1,5,1,0.3497235872235872,0.3497235872235872,0.33095344816546074,0.19318,2.01924,0.04279307029916763,0.4563,248787.61224,973.75044,103597.1343,4194.22837,106274.74643,5580.08273,3847.40765,6433.45752,326.57304,1423.26388,592.26805,1132.54048,337468.78495,303.72485,0.06432424779452331
2,1,6,1,0.3497235872235872,0.3497235872235872,0.3262957710159876,0.19209,2.00853,0.042628265438557196,0.44672,245651.20325,973.50439,104126.37109,4060.31425,105262.87231,5544.61384,3776.51678,6378.33132,311.65337,1414.38419,566.50346,747.35388,329846.11487,301.53842,0.059017368043650695
2,1,7,1,0.3497235872235872,0.3497235872235872,0.3182773799356153,0.18926,1.98539,0.042160868351756836,0.42989,239462.08274,925.61419,103640.81027,3965.14472,103063.92756,5376.08481,3649.29507,6189.0089,294.90743,1370.81432,523.33422,345.97319,322907.62664,294.46857,0.043741256011815444
2,2,1,1,0.3497235872235872,0.05006142506142506,0.05006142506142506,0.19627,2.02321,0.0434472369306056,0.4816,1596.33851,1596.33851,1596.33851,1596.33851,1596.33851,1596.33851,1596.33851,1596.33851,1596.33851,1596.33851,1596.33851,1596.33851,1596.33851,1596.33851,0.13071979812364418
2,2,2,1,0.3497235872235872,0.05006142506142506,0.0500230343980344,0.20718,2.32754,0.043552772775427996,0.39046,2088.10303,771.86746,2305.51255,679.29743,1902.79608,1754.78555,1010.94774,2620.54856,141.07055,742.07693,7876.19191,7923.82297,955.57795,120.66612,0.1364437491691566
2,2,3,1,0.3497235872235872,0.05006142506142506,0.04956956956956957,0.2,2.05879,0.04401132132372627,0.37258,1308.1172,1208.11059,1372.16204,1256.68172,1157.69265,1349.83325,1203.73059,1327.09943,1269.11531,1167.92131,1392.2694,1260.72106,1147.52037,1305.67689,0.13447569518187677
2,2,4,1,0.3497235872235872,0.05006142506142506,0.04977094240837696,0.20111,2.03868,0.04440558102436473,0.45372,1541.86803,1457.92233,1633.49578,1476.14263,1426.98458,1660.69173,1399.57117,1607.94393,1515.66221,1467.81858,1683.87825,1557.21217,1447.45025,1491.62645,0.1361484575232786
2,2,5,1,0.3497235872235872,0.05006142506142506,0.05015523477258906,0.20061,2.02713,0.04437924586112991,0.46269,1599.12367,1507.3307,1688.7449,1497.70077,1460.08511,1673.66547,1464.05896,1584.61847,1573.22571,1524.58269,1826.90577,1624.93257,1501.09393,1494.35379,0.13558743401898013
2,2,6,1,0.3497235872235872,0.05006142506142506,0.0501361017914794,0.19904,2.017,0.04410677296291529,0.46447,1631.69887,1528.87244,1701.89473,1499.93698,1486.67573,1631.81825,1477.37948,1557.49896,1546.39869,1548.36365,1910.29379,1702.70149,1567.46248,1467.92509,0.13398217702692547
2,2,7,1,0.3497235872235872,0.05006142506142506,0.050182826881856005,0.19808,2.01416,0.04391579239458439,0.46527,1665.75123,1545.46581,1755.40218,1493.53513,1491.64072,1605.29769,1494.14173,1540.95701,1539.49184,1555.70256,1974.45121,1759.21553,1630.52667,1464.08033,0.13376314192205768
2,3,1,1,0.3497235872235872,0.05442260442260442,0.05442260442260442,0.19627,2.02321,0.0434472369306056,0.4816,1314.21053,1955.97836,708.50886,3973.73673,2967.65431,168.54227,5415.74235,587.18775,11916.05078,26318.41138,692.9838,1518.9135,121.85538,3413.60743,0.12689145097778531
2,3,2,1,0.3497235872235872,0.05442260442260442,0.05056050368550369,0.20718,2.32754,0.043552772775427996,0.39046,1709.18085,1010.26202,1208.6718,2311.94127,2051.08782,282.89095,3972.36081,1188.5211,8558.35542,19570.5406,1011.4668,412.33097,1.72218,1483.68444,0.11738076661392273
2,3,3,1,0.3497235872235872,0.05442260442260442,0.054998602068937974,0.19652,2.03737,0.043400624082269725,0.3708,1124.18793,1509.4471,683.27361,3155.16144,2380.43183,147.62144,4160.8203,465.83168,9138.53418,20168.21879,526.93084,1150.26139,99.41368,2687.04674,0.13504793533897444
2,3,4,1,0.3497235872235872,0.05442260442260442,0.05407621171377976,0.19891,2.00079,0.04419696666596125,0.44616,1356.92472,1778.10377,762.48215,3655.27863,2908.12707,167.23466,4889.18559,518.39226,10984.54328,24669.0047,598.39034,1313.35649,115.89212,3103.16004,0.1275227697296324
2,3,5,1,0.3497235872235872,0.05442260442260442,0.05358811587664744,0.19858,1.99923,0.04413619558592281,0.45347,1436.03533,1823.46838,791.70425,3697.92855,2948.98638,159.72518,4995.98829,522.87316,11168.57715,25099.96087,588.57995,1280.22085,116.17326,3104.2413,0.12376472776741247
2,3,6,1,0.3497235872235872,0.05442260442260442,0.052491417204094074,0.19716,2.00869,0.04375202183666053,0.45249,1368.75375,1860.62294,783.79153,3658.13259,2933.50186,145.01772,5032.74699,512.36209,11153.84985,25052.66411,567.13672,1241.05672,121.61841,3078.0288,0.13310734593491577
2,3,7,1,0.3497235872235872,0.05442260442260442,0.05167709837907238,0.19545,2.00608,0.04339031369235496,0.44512,1352.70802,1833.13385,755.98056,3593.18429,2947.95991,121.33885,4919.03182,456.68678,11035.08663,24855.55776,527.67176,1222.40637,124.96915,3040.77725,0.12460646780688307
2,4,1,1,0.3497235872235872,0.05,0.05,0.19627,2.02321,0.0434472369306056,0.4816,5584.10137,8887.94649,2212.5132,25936.43837,8541.15632,2886.14258,6211.71162,267.17137,65230.79794,14784.49182,9151.18061,8293.63113,4612.5537,63410.31014,0.13294812515686366
2,4,2,1,0.3497235872235872,0.05,0.0500230343980344,0.20718,2.32754,0.043552772775427996,0.39046,4031.75232,8026.36489,1988.73178,23319.16792,6336.40361,2014.32683,5354.30731,25.69564,63680.18673,13687.78588,7998.48082,7847.51451,3892.41055,63295.59595,0.14036126331943594
2,4,3,1,0.3497235872235872,0.05,0.05011084619567491,0.20077,2.06933,0.044102556823738155,0.35637,4007.24314,6460.58153,1734.15546,18812.53799,6245.84127,1992.00651,4552.30943,151.55242,46809.59937,11032.96631,6889.33365,6191.60711,3316.72439,45793.17612,0.13862169822759357
2,4,4,1,0.3497235872235872,0.05,0.049928524110038,0.19941,2.11716,0.043450645019029864,0.43388,4637.16436,7496.0351,2207.75671,22225.07705,7222.36555,2163.20024,5310.68391,124.96404,55135.41109,13319.42951,8414.72341,7693.78633,3824.43724,53386.06821,0.13900616105695143
2,4,5,1,0.3497235872235872,0.05,0.05003401360544218,0.20325,2.10782,0.044357818640228676,0.44573,4731.26584,7615.03006,2265.82213,22579.07817,7423.94997,2164.23123,5423.59919,125.22262,56048.10876,13537.79492,8675.89557,7966.3859,3891.75429,54663.69859,0.14224109962021372
2,4,6,1,0.3497235872235872,0.05,0.04991480404931342,0.202,2.07489,0.04433036054202089,0.45286,4828.45499,7710.33072,2279.03806,23054.82814,7652.13319,2217.78497,5539.74593,146.06254,57169.26439,13562.68101,8837.09019,8113.78216,3971.54616,56222.866,0.14351848286569605
2,4,7,1,0.3497235872235872,0.05,0.049978500314226175,0.20221,2.05446,0.044529651408899217,0.45593,4912.70169,7814.02135,2265.4364,23394.13832,7784.5603,2274.32862,5651.57217,160.32909,58097.81569,13600.50364,8858.88415,8184.73104,4048.65964,57226.53898,0.1422570459652309
2,5,1,1,0.3497235872235872,0.04990786240786241,0.04990786240786241,0.19627,2.02321,0.0434472369306056,0.4816,449.45848,8887.94649,2505.5427,25936.43837,7154.3191,2886.14258,6211.71162,267.17137,65230.79794,14784.49182,9151.18061,8293.63113,4279.49112,63410.31014,0.13267490006532348
2,5,2,1,0.3497235872235872,0.04990786240786241,0.04998464373464374,0.20718,2.32754,0.043552772775427996,0.39046,226.15948,8026.36489,2237.53415,23319.16792,5256.54301,2014.32683,5354.30731,25.69564,63680.18673,13687.78588,7998.48082,7847.51451,3621.64188,63295.59595,0.14118453445006163
2,5,3,1,0.3497235872235872,0.04990786240786241,0.049983338887037654,0.19834,2.06264,0.043618140671427746,0.35612,322.82844,6553.715,1939.61365,19065.9771,5312.65592,2035.412,4613.8862,164.33197,47300.77712,11114.07121,6865.59793,6170.57758,3143.22158,46212.89504,0.137082301637102
2,5,4,1,0.3497235872235872,0.04990786240786241,0.049991338991858654,0.20017,2.11079,0.04366369238173113,0.43646,343.97267,7550.00668,2492.68414,22415.46483,6107.73875,2203.90098,5359.46121,129.49347,55498.05552,13365.46251,8463.92072,7753.95216,3566.11007,53850.9511,0.1392743740904995
2,5,5,1,0.3497235872235872,0.04990786240786241,0.050023675843874724,0.20335,2.1073,0.04438354997494106,0.44893,345.37976,7635.4004,2570.22949,22682.10596,6222.78321,2164.04092,5443.6658,123.3594,56229.94242,13580.34334,8739.70885,8021.47049,3599.41425,54987.20676,0.14344723634710468
2,5,6,1,0.3497235872235872,0.04990786240786241,0.050008307027745474,0.20093,2.06935,0.044136965845059474,0.45458,362.79206,7793.90708,2563.834,23240.30598,6455.90428,2266.38383,5606.26938,153.0014,57702.66309,13626.00638,8864.30518,8140.23156,3706.76544,56727.39874,0.14214592136609677
2,5,7,1,0.3497235872235872,0.04990786240786241,0.04998520174948206,0.20173,2.04608,0.04448573793246125,0.45814,367.6042,7910.84821,2556.10668,23586.25541,6567.33274,2318.44245,5692.15828,166.92416,58636.35043,13630.86793,8896.60704,8237.36728,3776.12121,57698.47787,0.1426559391639438
3,1,1,1,0.3497235872235872,0.3497235872235872,0.3497235872235872,0.19627,2.02321,0.0434472369306056,0.4816,256991.60794,1045.63104,105269.17313,4429.44119,110794.56174,5803.90182,4031.65787,6698.62701,330.95438,1517.52998,692.9838,1518.9135,344649.22978,316.90654,0.059291506713658654
3,1,2,1,0.3497235872235872,0.3497235872235872,0.2724201474201474,0.20718,2.32754,0.043552772775427996,0.39046,231664.64035,682.92417,97541.26528,3080.3848,96128.64042,4636.33296,2982.91419,5276.01624,181.15028,1272.82324,1011.4668,412.33097,366253.45673,217.68509,0.08037170740627106
3,1,3,1,0.3497235872235872,0.3497235872235872,0.21483136936204794,0.20008,2.07702,0.04389406101760677,0.36914,207769.71882,803.73116,79901.13147,3327.48794,85683.90364,4532.05423,3072.71943,5173.1155,263.55422,1169.88026,502.25413,1142.81847,324618.7637,255.61898,0.059990587581882235
3,1,4,1,0.3497235872235872,0.3497235872235872,0.3214953884530804,0.19571,2.03698,0.04322435956036563,0.45083,249462.12334,990.86721,100510.43976,4058.71221,104246.23516,5548.65617,3794.70465,6391.87374,320.08017,1408.2174,602.58197,1358.31821,356716.94569,307.15248,0.05600788511751384
3,1,5,1,0.3497235872235872,0.3497235872235872,0.33095344816546074,0.19318,2.01924,0.04279307029916763,0.4563,248787.61224,973.75044,103597.1343,4194.22837,106274.74643,5580.08273,3847.40765,6433.45752,326.57304,1423.26388,592.26805,1132.54048,337468.78495,303.72485,0.06432424779452331
3,1,6,1,0.3497235872235872,0.3497235872235872,0.3262957710159876,0.19209,2.00853,0.042628265438557196,0.44672,245651.20325,973.50439,104126.37109,4060.31425,105262.87231,5544.61384,3776.51678,6378.33132,311.65337,1414.38419,566.50346,747.35388,329846.11487,301.53842,0.059017368043650695
3,1,7,1,0.3497235872235872,0.3497235872235872,0.3182773799356153,0.18926,1.98539,0.042160868351756836,0.42989,239462.08274,925.61419,103640.81027,3965.14472,103063.92756,5376.08481,3649.29507,6189.0089,294.90743,1370.81432,523.33422,345.97319,322907.62664,294.46857,0.043741256011815444
3,2,1,1,0.3497235872235872,0.05006142506142506,0.05006142506142506,0.19627,2.02321,0.0434472369306056,0.4816,1596.33851,1596.33851,1596.33851,1596.33851,1596.33851,1596.33851,1596.33851,1596.33851,1596.33851,1596.33851,1596.33851,1596.33851,1596.33851,1596.33851,0.13071979812364418
3,2,2,1,0.3497235872235872,0.05006142506142506,0.0500230343980344,0.20718,2.32754,0.043552772775427996,0.39046,2088.10303,771.86746,2305.51255,679.29743,1902.79608,1754.78555,1010.94774,2620.54856,141.07055,742.07693,7876.19191,7923.82297,955.57795,120.66612,0.1364437491691566
3,2,3,1,0.3497235872235872,0.05006142506142506,0.04956956956956957,0.2,2.05879,0.04401132132372627,0.37258,1308.1172,1208.11059,1372.16204,1256.68172,1157.69265,1349.83325,1203.73059,1327.09943,1269.11531,1167.92131,1392.2694,1260.72106,1147.52037,1305.67689,0.13447569518187677
3,2,4,1,0.3497235872235872,0.05006142506142506,0.04977094240837696,0.20111,2.03868,0.04440558102436473,0.45372,1541.86803,1457.92233,1633.49578,1476.14263,1426.98458,1660.69173,1399.57117,1607.94393,1515.66221,1467.81858,1683.87825,1557.21217,1447.45025,1491.62645,0.1361484575232786
3,2,5,1,0.3497235872235872,0.05006142506142506,0.05015523477258906,0.20061,2.02713,0.04437924586112991,0.46269,1599.12367,1507.3307,1688.7449,1497.70077,1460.08511,1673.66547,1464.05896,1584.61847,1573.22571,1524.58269,1826.90577,1624.93257,1501.09393,1494.35379,0.13558743401898013
3,2,6,1,0.3497235872235872,0.05006142506142506,0.0501361017914794,0.19904,2.017,0.04410677296291529,0.46447,1631.69887,1528.87244,1701.89473,1499.93698,1486.67573,1631.81825,1477.37948,1557.49896,1546.39869,1548.36365,1910.29379,1702.70149,1567.46248,1467.92509,0.13398217702692547
3,2,7,1,0.3497235872235872,0.05006142506142506,0.050182826881856005,0.19808,2.01416,0.04391579239458439,0.46527,1665.75123,1545.46581,1755.40218,1493.53513,1491.64072,1605.29769,1494.14173,1540.95701,1539.49184,1555.70256,1974.45121,1759.21553,1630.52667,1464.08033,0.13376314192205768
3,3,1,1,0.3497235872235872,0.05442260442260442,0.05442260442260442,0.19627,2.02321,0.0434472369306056,0.4816,1314.21053,1955.97836,708.50886,3973.73673,2967.65431,168.54227,5415.74235,587.18775,11916.05078,26318.41138,692.9838,1518.9135,121.85538,3413.60743,0.12689145097778531
3,3,2,1,0.3497235872235872,0.05442260442260442,0.05056050368550369,0.20718,2.32754,0.043552772775427996,0.39046,1709.18085,1010.26202,1208.6718,2311.94127,2051.08782,282.89095,3972.36081,1188.5211,8558.35542,19570.5406,1011.4668,412.33097,1.72218,1483.68444,0.11738076661392273
3,3,3,1,0.3497235872235872,0.05442260442260442,0.054998602068937974,0.19652,2.03737,0.043400624082269725,0.3708,1124.18793,1509.4471,683.27361,3155.16144,2380.43183,147.62144,4160.8203,465.83168,9138.53418,20168.21879,526.93084,1150.26139,99.41368,2687.04674,0.13504793533897444
3,3,4,1,0.3497235872235872,0.05442260442260442,0.05407621171377976,0.19891,2.00079,0.04419696666596125,0.44616,1356.92472,1778.10377,762.48215,3655.27863,2908.12707,167.23466,4889.18559,518.39226,10984.54328,24669.0047,598.39034,1313.35649,115.89212,3103.16004,0.1275227697296324
3,3,5,1,0.3497235872235872,0.05442260442260442,0.05358811587664744,0.19858,1.99923,0.04413619558592281,0.45347,1436.03533,1823.46838,791.70425,3697.92855,2948.98638,159.72518,4995.98829,522.87316,11168.57715,25099.96087,588.57995,1280.22085,116.17326,3104.2413,0.12376472776741247
3,3,6,1,0.3497235872235872,0.05442260442260442,0.052491417204094074,0.19716,2.00869,0.04375202183666053,0.45249,1368.75375,1860.62294,783.79153,3658.13259,2933.50186,145.01772,5032.74699,512.36209,11153.84985,25052.66411,567.13672,1241.05672,121.61841,3078.0288,0.13310734593491577
3,3,7,1,0.3497235872235872,0.05442260442260442,0.05167709837907238,0.19545,2.00608,0.04339031369235496,0.44512,1352.70802,1833.13385,755.98056,3593.18429,2947.95991,121.33885,4919.03182,456.68678,11035.08663,24855.55776,527.67176,1222.40637,124.96915,3040.77725,0.12460646780688307
3,4,1,1,0.3497235872235872,0.05,0.05,0.19627,2.02321,0.0434472369306056,0.4816,5584.10137,8887.94649,2212.5132,25936.43837,8541.15632,2886.14258,6211.71162,267.17137,65230.79794,14784.49182,9151.18061,8293.63113,4612.5537,63410.31014,0.13294812515686366
3,4,2,1,0.3497235872235872,0.05,0.0500230343980344,0.20718,2.32754,0.043552772775427996,0.39046,4031.75232,8026.36489,1988.73178,23319.16792,6336.40361,2014.32683,5354.30731,25.69564,63680.18673,13687.78588,7998.48082,7847.51451,3892.41055,63295.59595,0.14036126331943594
3,4,3,1,0.3497235872235872,0.05,0.05011084619567491,0.20077,2.06933,0.044102556823738155,0.35637,4007.24314,6460.58153,1734.15546,18812.53799,6245.84127,1992.00651,4552.30943,151.55242,46809.59937,11032.96631,6889.33365,6191.60711,3316.72439,45793.17612,0.13862169822759357
3,4,4,1,0.3497235872235872,0.05,0.049928524110038,0.19941,2.11716,0.043450645019029864,0.43388,4637.16436,7496.0351,2207.75671,22225.07705,7222.36555,2163.20024,5310.68391,124.96404,55135.41109,13319.42951,8414.72341,7693.78633,3824.43724,53386.06821,0.13900616105695143
3,4,5,1,0.3497235872235872,0.05,0.05003401360544218,0.20325,2.10782,0.044357818640228676,0.44573,4731.26584,7615.03006,2265.82213,22579.07817,7423.94997,2164.23123,5423.59919,125.22262,56048.10876,13537.79492,8675.89557,7966.3859,3891.75429,54663.69859,0.14224109962021372
3,4,6,1,0.3497235872235872,0.05,0.04991480404931342,0.202,2.07489,0.04433036054202089,0.45286,4828.45499,7710.33072,2279.03806,23054.82814,7652.13319,2217.78497,5539.74593,146.06254,57169.26439,13562.68101,8837.09019,8113.78216,3971.54616,56222.866,0.14351848286569605
3,4,7,1,0.3497235872235872,0.05,0.049978500314226175,0.20221,2.05446,0.044529651408899217,0.45593,4912.70169,7814.02135,2265.4364,23394.13832,7784.5603,2274.32862,5651.57217,160.32909,58097.81569,13600.50364,8858.88415,8184.73104,4048.65964,57226.53898,0.1422570459652309
3,5,1,1,0.3497235872235872,0.04990786240786241,0.04990786240786241,0.19627,2.02321,0.0434472369306056,0.4816,449.45848,8887.94649,2505.5427,25936.43837,7154.3191,2886.14258,6211.71162,267.17137,65230.79794,14784.49182,9151.18061,8293.63113,4279.49112,63410.31014,0.13267490006532348
3,5,2,1,0.3497235872235872,0.04990786240786241,0.04998464373464374,0.20718,2.32754,0.043552772775427996,0.39046,226.15948,8026.36489,2237.53415,23319.16792,5256.54301,2014.32683,5354.30731,25.69564,63680.18673,13687.78588,7998.48082,7847.51451,3621.64188,63295.59595,0.14118453445006163
3,5,3,1,0.3497235872235872,0.04990786240786241,0.049983338887037654,0.19834,2.06264,0.043618140671427746,0.35612,322.82844,6553.715,1939.61365,19065.9771,5312.65592,2035.412,4613.8862,164.33197,47300.77712,11114.07121,6865.59793,6170.57758,3143.22158,46212.89504,0.137082301637102
3,5,4,1,0.3497235872235872,0.04990786240786241,0.049991338991858654,0.20017,2.11079,0.04366369238173113,0.43646,343.97267,7550.00668,2492.68414,22415.46483,6107.73875,2203.90098,5359.46121,129.49347,55498.05552,13365.46251,8463.92072,7753.95216,3566.11007,53850.9511,0.1392743740904995
3,5,5,1,0.3497235872235872,0.04990786240786241,0.050023675843874724,0.20335,2.1073,0.04438354997494106,0.44893,345.37976,7635.4004,2570.22949,22682.10596,6222.78321,2164.04092,5443.6658,123.3594,56229.94242,13580.34334,8739.70885,8021.47049,3599.41425,54987.20676,0.14344723634710468
3,5,6,1,0.3497235872235872,0.04990786240786241,0.050008307027745474,0.20093,2.06935,0.044136965845059474,0.45458,362.79206,7793.90708,2563.834,23240.30598,6455.90428,2266.38383,5606.26938,153.0014,57702.66309,13626.00638,8864.30518,8140.23156,3706.76544,56727.39874,0.14214592136609677
3,5,7,1,0.3497235872235872,0.04990786240786241,0.04998520174948206,0.20173,2.04608,0.04448573793246125,0.45814,367.6042,7910.84821,2556.10668,23586.25541,6567.33274,2318.44245,5692.15828,166.92416,58636.35043,13630.86793,8896.60704,8237.36728,3776.12121,57698.47787,0.1426559391639438
4,1,1,1,0.31974815724815725,0.31974815724815725,0.31974815724815725,0.19627,2.02321,0.0434472369306056,0.4816,256991.60794,1045.63104,105269.17313,4429.44119,110794.56174,5140.98885,4031.65787,6698.62701,330.95438,1517.52998,692.9838,1518.9135,344649.22978,316.90654,0.05731927493935317
4,1,2,1,0.31974815724815725,0.31974815724815725,0.2524570024570025,0.21481,2.44323,0.04426927959748442,0.39592,228710.2075,688.53785,96420.91204,3049.87805,96086.63337,4099.87402,2980.64033,5281.08377,194.59398,1328.90727,1369.47309,548.76926,370408.10677,224.84586,0.09514473187862489
4,1,3,1,0.31974815724815725,0.31974815724815725,0.5649839319855184,0.20026,2.07826,0.043924445612386676,0.36902,207599.83869,806.04212,79764.6009,3316.8641,85610.21402,4013.42152,3063.40807,5171.04648,263.36887,1169.85408,502.26545,1142.87923,323933.24867,256.38589,0.06851994454777392
4,1,4,1,0.31974815724815725,0.31974815724815725,0.29375266734512984,0.19567,2.03729,0.043213961436497056,0.45077,249472.15212,989.95002,100487.99992,4058.54413,104227.41809,4917.55212,3793.91229,6388.68252,319.85948,1407.27714,602.58435,1358.33128,356724.1491,307.36411,0.05675033202459931
4,1,5,1,0.31974815724815725,0.31974815724815725,0.3016360900329779,0.1932,2.01914,0.04279696290027685,0.4563,248778.19427,973.67506,103591.51527,4193.96173,106273.00605,4952.47003,3847.11017,6433.05821,326.60758,1423.42295,592.26841,1132.5418,337448.78344,303.73754,0.05811533870069355
4,1,6,1,0.31974815724815725,0.31974815724815725,0.2974793708096957,0.19209,2.00853,0.042628265438557196,0.44672,245651.20325,973.50439,104126.37109,4060.31425,105262.87231,4913.88396,3776.51678,6378.33132,311.65337,1414.38419,566.50346,747.35388,329846.11487,301.53842,0.05935698444903709
4,1,7,1,0.31974815724815725,0.31974815724815725,0.2896984429406741,0.18926,1.98539,0.042160868351756836,0.42989,239462.08274,925.61419,103640.81027,3965.14472,103063.92756,4755.9784,3649.29507,6189.0089,294.90743,1370.81432,523.33422,345.97319,322907.62664,294.46857,0.05074378531518854
4,2,1,1,0.31974815724815725,0.05003071253071253,0.05003071253071253,0.19627,2.02321,0.0434472369306056,0.4816,1596.33851,1596.33851,1596.33851,1596.33851,1596.33851,1596.33851,1596.33851,1596.33851,1596.33851,1596.33851,1596.33851,1596.33851,1596.33851,1596.33851,0.13095565290868394
4,2,2,1,0.31974815724815725,0.05003071253071253,0.05006142506142506,0.21481,2.44323,0.04426927959748442,0.39592,2033.89806,968.53112,2336.27757,649.99746,1739.44458,1920.18146,1174.37412,3032.22559,221.4347,609.67239,9956.84276,5840.66175,1011.66904,101.55636,0.1466683788203726
4,2,3,1,0.31974815724815725,0.05003071253071253,0.04987903225806452,0.19758,2.03364,0.0436621729023933,0.36926,1284.12187,1202.29355,1353.83953,1255.66634,1153.98126,1262.81216,1198.24074,1242.78843,1269.61294,1208.60364,1379.22321,1257.97973,1161.44527,1302.03735,0.13361237957278518
4,2,4,1,0.31974815724815725,0.05003071253071253,0.05025802846530585,0.2008,2.00979,0.044551423033101056,0.45243,1526.74293,1444.65937,1624.90136,1477.19328,1410.33556,1601.4433,1378.42037,1554.1947,1536.50081,1543.22325,1687.24207,1548.48259,1440.27585,1507.49615,0.13599350981830394
4,2,5,1,0.31974815724815725,0.05003071253071253,0.050006423432682426,0.20042,2.00599,0.04449546994811401,0.45962,1587.497,1483.5362,1648.52632,1477.39726,1443.00095,1619.69058,1436.79546,1514.18049,1561.99219,1568.30412,1847.57368,1635.10192,1488.28644,1476.87203,0.13502884166234688
4,2,6,1,0.31974815724815725,0.05003071253071253,0.05011902872559911,0.19894,2.00305,0.04418840383345449,0.46355,1631.62684,1523.21222,1696.13184,1481.61414,1465.66405,1593.28802,1465.46246,1519.28588,1560.03507,1585.58062,1999.94002,1716.65626,1564.55232,1468.56124,0.1338272862052548
4,2,7,1,0.31974815724815725,0.05003071253071253,0.05022427190599533,0.19782,2.00275,0.043940593071201094,0.46385,1671.75501,1535.9778,1734.55493,1483.55956,1482.84891,1574.23944,1481.27826,1513.05376,1543.14332,1581.81219,2021.99784,1771.76158,1624.3483,1453.11558,0.13257432340330205
4,3,1,1,0.31974815724815725,0.053286240786240786,0.053286240786240786,0.19627,2.02321,0.0434472369306056,0.4816,1314.21053,1955.97836,708.50886,3973.73673,2967.65431,53.39845,5415.74235,587.18775,11916.05078,26318.41138,692.9838,1518.9135,121.85538,3413.60743,0.1287219142119233
4,3,2,1,0.31974815724815725,0.053286240786240786,0.0504453316953317,0.21481,2.44323,0.04426927959748442,0.39592,1684.92418,1223.54437,1240.03485,2266.68224,2191.1527,0.34393,4265.38346,1437.04106,8857.09857,19209.81521,1369.47309,548.76926,3.21846,1343.99899,0.13345040917362516
4,3,3,1,0.31974815724815725,0.053286240786240786,0.05415596919127086,0.19908,2.01682,0.044118279805787794,0.37221,1157.35251,1538.39222,716.60282,3134.80195,2371.35433,34.40992,4195.3253,483.13588,9187.32294,20289.12886,527.65876,1162.43081,119.6051,2671.74195,0.13219199204199739
4,3,4,1,0.31974815724815725,0.053286240786240786,0.05254813885127324,0.20071,1.99003,0.04467889809934925,0.44365,1384.55221,1763.55762,758.18618,3619.48353,2881.62495,59.19224,4858.05902,514.74793,10944.7224,24591.18162,594.49488,1305.09216,123.65684,3089.00214,0.12796601636314597
4,3,5,1,0.31974815724815725,0.053286240786240786,0.05264010891057016,0.19836,1.99844,0.04409291651035428,0.44997,1437.63623,1809.42179,766.26087,3666.25565,2943.07116,65.2688,4950.93643,509.48281,11092.92895,24934.17029,586.51185,1269.88279,120.54278,3092.42687,0.11382333510671068
4,3,6,1,0.31974815724815725,0.053286240786240786,0.051983628218763095,0.19717,2.00931,0.04374852635808723,0.45089,1390.04608,1843.59324,788.47156,3626.49111,2938.10784,71.28542,5018.02433,505.20362,11132.48508,24948.87496,564.41234,1242.42017,126.66116,3070.15976,0.12624715680590234
4,3,7,1,0.31974815724815725,0.053286240786240786,0.05298930550186832,0.1953,2.00639,0.043355295255439595,0.44389,1377.73096,1828.48722,748.20326,3588.48623,2943.31847,90.13284,4885.16274,449.78879,11019.36448,24774.91176,527.70443,1215.04367,130.82772,3032.39783,0.12373874926736775
4,4,1,1,0.31974815724815725,0.05003071253071253,0.05003071253071253,0.19627,2.02321,0.0434472369306056,0.4816,5584.10137,8887.94649,2212.5132,25936.43837,8541.15632,4592.09897,6211.71162,267.17137,65230.79794,14784.49182,9151.18061,8293.63113,4612.5537,63410.31014,0.13354259852743094
4,4,2,1,0.31974815724815725,0.05003071253071253,0.0500230343980344,0.21481,2.44323,0.04426927959748442,0.39592,3873.19863,7450.72302,2084.36931,23156.37888,6280.36412,3148.90522,4955.56537,4.67674,61723.76776,14178.21122,8196.40059,7817.60215,3701.93202,62409.19901,0.14773638654537552
4,4,3,1,0.31974815724815725,0.05003071253071253,0.04996014933512312,0.19974,2.04964,0.044021043352809444,0.35428,4042.56365,6504.33865,1713.83686,18846.54905,6277.11957,3271.81167,4572.80316,167.3573,46812.3222,10922.35601,6830.91732,6153.4764,3329.14724,45506.03606,0.13783182893893164
4,4,4,1,0.31974815724815725,0.05003071253071253,0.05005071526004687,0.19908,2.07993,0.04365296358213588,0.43284,4600.54169,7450.75864,2206.75243,22121.55916,7150.35353,3577.96937,5259.87056,133.61959,54710.11769,12982.65501,8412.72972,7688.39614,3784.95353,53066.83462,0.13958421359653736
4,4,5,1,0.31974815724815725,0.05003071253071253,0.05003930683255289,0.20437,2.061,0.04495635731692695,0.44469,4648.82886,7567.89047,2276.11219,22448.01152,7317.52175,3587.61067,5375.42325,135.4825,55485.41383,13061.52731,8679.20183,7977.69193,3817.7578,54209.33517,0.1457971291965848
4,4,6,1,0.31974815724815725,0.05003071253071253,0.050085602067877405,0.20379,2.02611,0.04509176382010886,0.45151,4789.14696,7663.522,2284.58693,22924.81992,7578.86874,3689.33028,5475.09391,159.11004,56596.12173,13077.49072,8818.32479,8099.65161,3922.50723,55692.77679,0.14422077922739382
4,4,7,1,0.31974815724815725,0.05003071253071253,0.05001827910532088,0.20349,2.0068,0.04517064455657387,0.45433,4869.16605,7778.07016,2267.68771,23272.75996,7721.76011,3774.1721,5573.10702,175.03938,57599.15686,13127.0667,8842.68846,8164.99871,4007.37395,56716.34356,0.14414783667964642
4,5,1,1,0.31974815724815725,0.05,0.05,0.19627,2.02321,0.0434472369306056,0.4816,449.45848,8887.94649,2505.5427,25936.43837,7154.3191,4592.09897,6211.71162,267.17137,65230.79794,14784.49182,9151.18061,8293.63113,4279.49112,63410.31014,0.13345081330485178
4,5,2,1,0.31974815724815725,0.05,0.04998464373464374,0.21481,2.44323,0.04426927959748442,0.39592,198.88423,7450.72302,2337.66019,23156.37888,5216.99654,3148.90522,4955.56537,4.67674,61723.76776,14178.21122,8196.40059,7817.60215,3439.1497,62409.19901,0.14830140442018155
4,5,3,1,0.31974815724815725,0.05,0.05004180602006689,0.198,2.04869,0.04364571566159536,0.35428,323.59022,6580.67515,1923.41598,19060.12646,5329.98688,3309.81211,4630.54941,175.28902,47263.81582,11006.64257,6809.83209,6154.85765,3133.63352,45829.0573,0.1380056982822024
4,5,4,1,0.31974815724815725,0.05,0.049885360939345515,0.19894,2.07018,0.04369388980643503,0.4348,345.81571,7537.23778,2472.3589,22367.37957,6059.2892,3642.74942,5318.31338,143.90725,55225.13339,13039.87935,8441.92846,7732.4594,3551.23227,53682.29305,0.13827197329760355
4,5,5,1,0.31974815724815725,0.05,0.04995579133510168,0.20369,2.05644,0.044840947166062864,0.4469,337.06342,7631.42288,2565.40423,22531.05015,6139.80179,3613.68218,5415.60737,137.66681,55765.21922,13094.90871,8723.40515,8012.85691,3551.67448,54530.39344,0.14589712814691203
4,5,6,1,0.31974815724815725,0.05,0.04990159778511625,0.20265,2.02086,0.044877287742089315,0.45372,356.07134,7746.86926,2570.55945,23097.96026,6391.20666,3747.25134,5533.20672,163.94665,57164.57873,13147.43449,8855.41177,8121.12357,3664.99487,56241.15907,0.14251618207125086
4,5,7,1,0.31974815724815725,0.05,0.05003467749925691,0.20324,2.00357,0.04513903407428643,0.45673,363.77263,7861.92622,2556.4446,23460.2561,6517.39628,3837.06193,5629.92084,178.71212,58155.33783,13203.87137,8887.62689,8214.59543,3744.58134,57276.80283,0.14285290238286633
5,1,1,1,0.3497235872235872,0.3497235872235872,0.3497235872235872,0.19627,2.02321,0.0434472369306056,0.4816,256991.60794,1045.63104,105269.17313,4429.44119,110794.56174,5803.90182,4031.65787,6698.62701,330.95438,1517.52998,692.9838,1518.9135,344649.22978,316.90654,0.059291506713658654
5,1,2,1,0.3497235872235872,0.3497235872235872,0.2724201474201474,0.20718,2.32754,0.043552772775427996,0.39046,231664.64035,682.92417,97541.26528,3080.3848,96128.64042,4636.33296,2982.91419,5276.01624,181.15028,1272.82324,1011.4668,412.33097,366253.45673,217.68509,0.08037170740627106
5,1,3,1,0.3497235872235872,0.3497235872235872,0.21483136936204794,0.20008,2.07702,0.04389406101760677,0.36914,207769.71882,803.73116,79901.13147,3327.48794,85683.90364,4532.05423,3072.71943,5173.1155,263.55422,1169.88026,502.25413,1142.81847,324618.7637,255.61898,0.059990587581882235
5,1,4,1,0.3497235872235872,0.3497235872235872,0.3214953884530804,0.19571,2.03698,0.04322435956036563,0.45083,249462.12334,990.86721,100510.43976,4058.71221,104246.23516,5548.65617,3794.70465,6391.87374,320.08017,1408.2174,602.58197,1358.31821,356716.94569,307.15248,0.05600788511751384
5,1,5,1,0.3497235872235872,0.3497235872235872,0.33095344816546074,0.19318,2.01924,0.04279307029916763,0.4563,248787.61224,973.75044,103597.1343,4194.22837,106274.74643,5580.08273,3847.40765,6433.45752,326.57304,1423.26388,592.26805,1132.54048,337468.78495,303.72485,0.06432424779452331
5,1,6,1,0.3497235872235872,0.3497235872235872,0.3262957710159876,0.19209,2.00853,0.042628265438557196,0.44672,245651.20325,973.50439,104126.37109,4060.31425,105262.87231,5544.61384,3776.51678,6378.33132,311.65337,1414.38419,566.50346,747.35388,329846.11487,301.53842,0.059017368043650695
5,1,7,1,0.3497235872235872,0.3497235872235872,0.3182773799356153,0.18926,1.98539,0.042160868351756836,0.42989,239462.08274,925.61419,103640.81027,3965.14472,103063.92756,5376.08481,3649.29507,6189.0089,294.90743,1370.81432,523.33422,345.97319,322907.62664,294.46857,0.043741256011815444
5,2,1,1,0.3497235872235872,0.05006142506142506,0.05006142506142506,0.19627,2.02321,0.0434472369306056,0.4816,1596.33851,1596.33851,1596.33851,1596.33851,1596.33851,1596.33851,1596.33851,1596.33851,1596.33851,1596.33851,1596.33851,1596.33851,1596.33851,1596.33851,0.13071979812364418
5,2,2,1,0.3497235872235872,0.05006142506142506,0.0500230343980344,0.20718,2.32754,0.043552772775427996,0.39046,2088.10303,771.86746,2305.51255,679.29743,1902.79608,1754.78555,1010.94774,2620.54856,141.07055,742.07693,7876.19191,7923.82297,955.57795,120.66612,0.1364437491691566
5,2,3,1,0.3497235872235872,0.05006142506142506,0.04956956956956957,0.2,2.05879,0.04401132132372627,0.37258,1308.1172,1208.11059,1372.16204,1256.68172,1157.69265,1349.83325,1203.73059,1327.09943,1269.11531,1167.92131,1392.2694,1260.72106,1147.52037,1305.67689,0.13447569518187677
5,2,4,1,0.3497235872235872,0.05006142506142506,0.04977094240837696,0.20111,2.03868,0.04440558102436473,0.45372,1541.86803,1457.92233,1633.49578,1476.14263,1426.98458,1660.69173,1399.57117,1607.94393,1515.66221,1467.81858,1683.87825,1557.21217,1447.45025,1491.62645,0.1361484575232786
5,2,5,1,0.3497235872235872,0.05006142506142506,0.05015523477258906,0.20061,2.02713,0.04437924586112991,0.46269,1599.12367,1507.3307,1688.7449,1497.70077,1460.08511,1673.66547,1464.05896,1584.61847,1573.22571,1524.58269,1826.90577,1624.93257,1501.09393,1494.35379,0.13558743401898013
5,2,6,1,0.3497235872235872,0.05006142506142506,0.0501361017914794,0.19904,2.017,0.04410677296291529,0.46447,1631.69887,1528.87244,1701.89473,1499.93698,1486.67573,1631.81825,1477.37948,1557.49896,1546.39869,1548.36365,1910.29379,1702.70149,1567.46248,1467.92509,0.13398217702692547
5,2,7,1,0.3497235872235872,0.05006142506142506,0.050182826881856005,0.19808,2.01416,0.04391579239458439,0.46527,1665.75123,1545.46581,1755.40218,1493.53513,1491.64072,1605.29769,1494.14173,1540.95701,1539.49184,1555.70256,1974.45121,1759.21553,1630.52667,1464.08033,0.13376314192205768
5,3,1,1,0.3497235872235872,0.05442260442260442,0.05442260442260442,0.19627,2.02321,0.0434472369306056,0.4816,1314.21053,1955.97836,708.50886,3973.73673,2967.65431,168.54227,5415.74235,587.18775,11916.05078,26318.41138,692.9838,1518.9135,121.85538,3413.60743,0.12689145097778531
5,3,2,1,0.3497235872235872,0.05442260442260442,0.05056050368550369,0.20718,2.32754,0.043552772775427996,0.39046,1709.18085,1010.26202,1208.6718,2311.94127,2051.08782,282.89095,3972.36081,1188.5211,8558.35542,19570.5406,1011.4668,412.33097,1.72218,1483.68444,0.11738076661392273
5,3,3,1,0.3497235872235872,0.05442260442260442,0.054998602068937974,0.19652,2.03737,0.043400624082269725,0.3708,1124.18793,1509.4471,683.27361,3155.16144,2380.43183,147.62144,4160.8203,465.83168,9138.53418,20168.21879,526.93084,1150.26139,99.41368,2687.04674,0.13504793533897444
5,3,4,1,0.3497235872235872,0.05442260442260442,0.05407621171377976,0.19891,2.00079,0.04419696666596125,0.44616,1356.92472,1778.10377,762.48215,3655.27863,2908.12707,167.23466,4889.18559,518.39226,10984.54328,24669.0047,598.39034,1313.35649,115.89212,3103.16004,0.1275227697296324
5,3,5,1,0.3497235872235872,0.05442260442260442,0.05358811587664744,0.19858,1.99923,0.04413619558592281,0.45347,1436.03533,1823.46838,791.70425,3697.92855,2948.98638,159.72518,4995.98829,522.87316,11168.57715,25099.96087,588.57995,1280.22085,116.17326,3104.2413,0.12376472776741247
5,3,6,1,0.3497235872235872,0.05442260442260442,0.052491417204094074,0.19716,2.00869,0.04375202183666053,0.45249,1368.75375,1860.62294,783.79153,3658.13259,2933.50186,145.01772,5032.74699,512.36209,11153.84985,25052.66411,567.13672,1241.05672,121.61841,3078.0288,0.13310734593491577
5,3,7,1,0.3497235872235872,0.05442260442260442,0.05167709837907238,0.19545,2.00608,0.04339031369235496,0.44512,1352.70802,1833.13385,755.98056,3593.18429,2947.95991,121.33885,4919.03182,456.68678,11035.08663,24855.55776,527.67176,1222.40637,124.96915,3040.77725,0.12460646780688307
5,4,1,1,0.3497235872235872,0.05,0.05,0.19627,2.02321,0.0434472369306056,0.4816,5584.10137,8887.94649,2212.5132,25936.43837,8541.15632,2886.14258,6211.71162,267.17137,65230.79794,14784.49182,9151.18061,8293.63113,4612.5537,63410.31014,0.13294812515686366
5,4,2,1,0.3497235872235872,0.05,0.0500230343980344,0.20718,2.32754,0.043552772775427996,0.39046,4031.75232,8026.36489,1988.73178,23319.16792,6336.40361,2014.32683,5354.30731,25.69564,63680.18673,13687.78588,7998.48082,7847.51451,3892.41055,63295.59595,0.14036126331943594
5,4,3,1,0.3497235872235872,0.05,0.05011084619567491,0.20077,2.06933,0.044102556823738155,0.35637,4007.24314,6460.58153,1734.15546,18812.53799,6245.84127,1992.00651,4552.30943,151.55242,46809.59937,11032.96631,6889.33365,6191.60711,3316.72439,45793.17612,0.13862169822759357
5,4,4,1,0.3497235872235872,0.05,0.049928524110038,0.19941,2.11716,0.043450645019029864,0.43388,4637.16436,7496.0351,2207.75671,22225.07705,7222.36555,2163.20024,5310.68391,124.96404,55135.41109,13319.42951,8414.72341,7693.78633,3824.43724,53386.06821,0.13900616105695143
5,4,5,1,0.3497235872235872,0.05,0.05003401360544218,0.20325,2.10782,0.044357818640228676,0.44573,4731.26584,7615.03006,2265.82213,22579.07817,7423.94997,2164.23123,5423.59919,125.22262,56048.10876,13537.79492,8675.89557,7966.3859,3891.75429,54663.69859,0.14224109962021372
5,4,6,1,0.3497235872235872,0.05,0.04991480404931342,0.202,2.07489,0.04433036054202089,0.45286,4828.45499,7710.33072,2279.03806,23054.82814,7652.13319,2217.78497,5539.74593,146.06254,57169.26439,13562.68101,8837.09019,8113.78216,3971.54616,56222.866,0.14351848286569605
5,4,7,1,0.3497235872235872,0.05,0.049978500314226175,0.20221,2.05446,0.044529651408899217,0.45593,4912.70169,7814.02135,2265.4364,23394.13832,7784.5603,2274.32862,5651.57217,160.32909,58097.81569,13600.50364,8858.88415,8184.73104,4048.65964,57226.53898,0.1422570459652309
5,5,1,1,0.3497235872235872,0.04990786240786241,0.04990786240786241,0.19627,2.02321,0.0434472369306056,0.4816,449.45848,8887.94649,2505.5427,25936.43837,7154.3191,2886.14258,6211.71162,267.17137,65230.79794,14784.49182,9151.18061,8293.63113,4279.49112,63410.31014,0.13267490006532348
5,5,2,1,0.3497235872235872,0.04990786240786241,0.04998464373464374,0.20718,2.32754,0.043552772775427996,0.39046,226.15948,8026.36489,2237.53415,23319.16792,5256.54301,2014.32683,5354.30731,25.69564,63680.18673,13687.78588,7998.48082,7847.51451,3621.64188,63295.59595,0.14118453445006163
5,5,3,1,0.3497235872235872,0.04990786240786241,0.049983338887037654,0.19834,2.06264,0.043618140671427746,0.35612,322.82844,6553.715,1939.61365,19065.9771,5312.65592,2035.412,4613.8862,164.33197,47300.77712,11114.07121,6865.59793,6170.57758,3143.22158,46212.89504,0.137082301637102
5,5,4,1,0.3497235872235872,0.04990786240786241,0.049991338991858654,0.20017,2.11079,0.04366369238173113,0.43646,343.97267,7550.00668,2492.68414,22415.46483,6107.73875,2203.90098,5359.46121,129.49347,55498.05552,13365.46251,8463.92072,7753.95216,3566.11007,53850.9511,0.1392743740904995
5,5,5,1,0.3497235872235872,0.04990786240786241,0.050023675843874724,0.20335,2.1073,0.04438354997494106,0.44893,345.37976,7635.4004,2570.22949,22682.10596,6222.78321,2164.04092,5443.6658,123.3594,56229.94242,13580.34334,8739.70885,8021.47049,3599.41425,54987.20676,0.14344723634710468
5,5,6,1,0.3497235872235872,0.04990786240786241,0.050008307027745474,0.20093,2.06935,0.044136965845059474,0.45458,362.79206,7793.90708,2563.834,23240.30598,6455.90428,2266.38383,5606.26938,153.0014,57702.66309,13626.00638,8864.30518,8140.23156,3706.76544,56727.39874,0.14214592136609677
5,5,7,1,0.3497235872235872,0.04990786240786241,0.04998520174948206,0.20173,2.04608,0.04448573793246125,0.45814,367.6042,7910.84821,2556.10668,23586.25541,6567.33274,2318.44245,5692.15828,166.92416,58636.35043,13630.86793,8896.60704,8237.36728,3776.12121,57698.47787,0.1426559391639438
6,1,1,1,0.3497235872235872,0.3497235872235872,0.3497235872235872,0.19627,2.02321,0.0434472369306056,0.4816,256991.60794,1045.63104,105269.17313,4429.44119,110794.56174,5803.90182,4031.65787,6698.62701,330.95438,1517.52998,692.9838,1518.9135,344649.22978,316.90654,0.059291506713658654
6,1,2,1,0.3497235872235872,0.3497235872235872,0.2724201474201474,0.20718,2.32754,0.043552772775427996,0.39046,231664.64035,682.92417,97541.26528,3080.3848,96128.64042,4636.33296,2982.91419,5276.01624,181.15028,1272.82324,1011.4668,412.33097,366253.45673,217.68509,0.08037170740627106
6,1,3,1,0.3497235872235872,0.3497235872235872,0.21483136936204794,0.20008,2.07702,0.04389406101760677,0.36914,207769.71882,803.73116,79901.13147,3327.48794,85683.90364,4532.05423,3072.71943,5173.1155,263.55422,1169.88026,502.25413,1142.81847,324618.7637,255.61898,0.059990587581882235
6,1,4,1,0.3497235872235872,0.3497235872235872,0.3214953884530804,0.19571,2.03698,0.04322435956036563,0.45083,249462.12334,990.86721,100510.43976,4058.71221,104246.23516,5548.65617,3794.70465,6391.87374,320.08017,1408.2174,602.58197,1358.31821,356716.94569,307.15248,0.05600788511751384
6,1,5,1,0.3497235872235872,0.3497235872235872,0.33095344816546074,0.19318,2.01924,0.04279307029916763,0.4563,248787.61224,973.75044,103597.1343,4194.22837,106274.74643,5580.08273,3847.40765,6433.45752,326.57304,1423.26388,592.26805,1132.54048,337468.78495,303.72485,0.06432424779452331
6,1,6,1,0.3497235872235872,0.3497235872235872,0.3262957710159876,0.19209,2.00853,0.042628265438557196,0.44672,245651.20325,973.50439,104126.37109,4060.31425,105262.87231,5544.61384,3776.51678,6378.33132,311.65337,1414.38419,566.50346,747.35388,329846.11487,301.53842,0.059017368043650695
6,1,7,1,0.3497235872235872,0.3497235872235872,0.3182773799356153,0.18926,1.98539,0.042160868351756836,0.42989,239462.08274,925.61419,103640.81027,3965.14472,103063.92756,5376.08481,3649.29507,6189.0089,294.90743,1370.81432,523.33422,345.97319,322907.62664,294.46857,0.043741256011815444
6,2,1,1,0.3497235872235872,0.05006142506142506,0.05006142506142506,0.19627,2.02321,0.0434472369306056,0.4816,1596.33851,1596.33851,1596.33851,1596.33851,1596.33851,1596.33851,1596.33851,1596.33851,1596.33851,1596.33851,1596.33851,1596.33851,1596.33851,1596.33851,0.13071979812364418
6,2,2,1,0.3497235872235872,0.05006142506142506,0.0500230343980344,0.20718,2.32754,0.043552772775427996,0.39046,2088.10303,771.86746,2305.51255,679.29743,1902.79608,1754.78555,1010.94774,2620.54856,141.07055,742.07693,7876.19191,7923.82297,955.57795,120.66612,0.1364437491691566
6,2,3,1,0.3497235872235872,0.05006142506142506,0.04956956956956957,0.2,2.05879,0.04401132132372627,0.37258,1308.1172,1208.11059,1372.16204,1256.68172,1157.69265,1349.83325,1203.73059,1327.09943,1269.11531,1167.92131,1392.2694,1260.72106,1147.52037,1305.67689,0.13447569518187677
6,2,4,1,0.3497235872235872,0.05006142506142506,0.04977094240837696,0.20111,2.03868,0.04440558102436473,0.45372,1541.86803,1457.92233,1633.49578,1476.14263,1426.98458,1660.69173,1399.57117,1607.94393,1515.66221,1467.81858,1683.87825,1557.21217,1447.45025,1491.62645,0.1361484575232786
6,2,5,1,0.3497235872235872,0.05006142506142506,0.05015523477258906,0.20061,2.02713,0.04437924586112991,0.46269,1599.12367,1507.3307,1688.7449,1497.70077,1460.08511,1673.66547,1464.05896,1584.61847,1573.22571,1524.58269,1826.90577,1624.93257,1501.09393,1494.35379,0.13558743401898013
6,2,6,1,0.3497235872235872,0.05006142506142506,0.0501361017914794,0.19904,2.017,0.04410677296291529,0.46447,1631.69887,1528.87244,1701.89473,1499.93698,1486.67573,1631.81825,1477.37948,1557.49896,1546.39869,1548.36365,1910.29379,1702.70149,1567.46248,1467.92509,0.13398217702692547
6,2,7,1,0.3497235872235872,0.05006142506142506,0.050182826881856005,0.19808,2.01416,0.04391579239458439,0.46527,1665.75123,1545.46581,1755.40218,1493.53513,1491.64072,1605.29769,1494.14173,1540.95701,1539.49184,1555.70256,1974.45121,1759.21553,1630.52667,1464.08033,0.13376314192205768
6,3,1,1,0.3497235872235872,0.05442260442260442,0.05442260442260442,0.19627,2.02321,0.0434472369306056,0.4816,1314.21053,1955.97836,708.50886,3973.73673,2967.65431,168.54227,5415.74235,587.18775,11916.05078,26318.41138,692.9838,1518.9135,121.85538,3413.60743,0.12689145097778531
6,3,2,1,0.3497235872235872,0.05442260442260442,0.05056050368550369,0.20718,2.32754,0.043552772775427996,0.39046,1709.18085,1010.26202,1208.6718,2311.94127,2051.08782,282.89095,3972.36081,1188.5211,8558.35542,19570.5406,1011.4668,412.33097,1.72218,1483.68444,0.11738076661392273
6,3,3,1,0.3497235872235872,0.05442260442260442,0.054998602068937974,0.19652,2.03737,0.043400624082269725,0.3708,1124.18793,1509.4471,683.27361,3155.16144,2380.43183,147.62144,4160.8203,465.83168,9138.53418,20168.21879,526.93084,1150.26139,99.41368,2687.04674,0.13504793533897444
6,3,4,1,0.3497235872235872,0.05442260442260442,0.05407621171377976,0.19891,2.00079,0.04419696666596125,0.44616,1356.92472,1778.10377,762.48215,3655.27863,2908.12707,167.23466,4889.18559,518.39226,10984.54328,24669.0047,598.39034,1313.35649,115.89212,3103.16004,0.1275227697296324
6,3,5,1,0.3497235872235872,0.05442260442260442,0.05358811587664744,0.19858,1.99923,0.04413619558592281,0.45347,1436.03533,1823.46838,791.70425,3697.92855,2948.98638,159.72518,4995.98829,522.87316,11168.57715,25099.96087,588.57995,1280.22085,116.17326,3104.2413,0.12376472776741247
6,3,6,1,0.3497235872235872,0.05442260442260442,0.052491417204094074,0.19716,2.00869,0.04375202183666053,0.45249,1368.75375,1860.62294,783.79153,3658.13259,2933.50186,145.01772,5032.74699,512.36209,11153.84985,25052.66411,567.13672,1241.05672,121.61841,3078.0288,0.13310734593491577
6,3,7,1,0.3497235872235872,0.05442260442260442,0.05167709837907238,0.19545,2.00608,0.04339031369235496,0.44512,1352.70802,1833.13385,755.98056,3593.18429,2947.95991,121.33885,4919.03182,456.68678,11035.08663,24855.55776,527.67176,1222.40637,124.96915,3040.77725,0.12460646780688307
6,4,1,1,0.3497235872235872,0.05,0.05,0.19627,2.02321,0.0434472369306056,0.4816,5584.10137,8887.94649,2212.5132,25936.43837,8541.15632,2886.14258,6211.71162,267.17137,65230.79794,14784.49182,9151.18061,8293.63113,4612.5537,63410.31014,0.13294812515686366
6,4,2,1,0.3497235872235872,0.05,0.0500230343980344,0.20718,2.32754,0.043552772775427996,0.39046,4031.75232,8026.36489,1988.73178,23319.16792,6336.40361,2014.32683,5354.30731,25.69564,63680.18673,13687.78588,7998.48082,7847.51451,3892.41055,63295.59595,0.14036126331943594
6,4,3,1,0.3497235872235872,0.05,0.05011084619567491,0.20077,2.06933,0.044102556823738155,0.35637,4007.24314,6460.58153,1734.15546,18812.53799,6245.84127,1992.00651,4552.30943,151.55242,46809.59937,11032.96631,6889.33365,6191.60711,3316.72439,45793.17612,0.13862169822759357
6,4,4,1,0.3497235872235872,0.05,0.049928524110038,0.19941,2.11716,0.043450645019029864,0.43388,4637.16436,7496.0351,2207.75671,22225.07705,7222.36555,2163.20024,5310.68391,124.96404,55135.41109,13319.42951,8414.72341,7693.78633,3824.43724,53386.06821,0.13900616105695143
6,4,5,1,0.3497235872235872,0.05,0.05003401360544218,0.20325,2.10782,0.044357818640228676,0.44573,4731.26584,7615.03006,2265.82213,22579.07817,7423.94997,2164.23123,5423.59919,125.22262,56048.10876,13537.79492,8675.89557,7966.3859,3891.75429,54663.69859,0.14224109962021372
6,4,6,1,0.3497235872235872,0.05,0.04991480404931342,0.202,2.07489,0.04433036054202089,0.45286,4828.45499,7710.33072,2279.03806,23054.82814,7652.13319,2217.78497,5539.74593,146.06254,57169.26439,13562.68101,8837.09019,8113.78216,3971.54616,56222.866,0.14351848286569605
6,4,7,1,0.3497235872235872,0.05,0.049978500314226175,0.20221,2.05446,0.044529651408899217,0.45593,4912.70169,7814.02135,2265.4364,23394.13832,7784.5603,2274.32862,5651.57217,160.32909,58097.81569,13600.50364,8858.88415,8184.73104,4048.65964,57226.53898,0.1422570459652309
6,5,1,1,0.3497235872235872,0.04990786240786241,0.04990786240786241,0.19627,2.02321,0.0434472369306056,0.4816,449.45848,8887.94649,2505.5427,25936.43837,7154.3191,2886.14258,6211.71162,267.17137,65230.79794,14784.49182,9151.18061,8293.63113,4279.49112,63410.31014,0.13267490006532348
6,5,2,1,0.3497235872235872,0.04990786240786241,0.04998464373464374,0.20718,2.32754,0.043552772775427996,0.39046,226.15948,8026.36489,2237.53415,23319.16792,5256.54301,2014.32683,5354.30731,25.69564,63680.18673,13687.78588,7998.48082,7847.51451,3621.64188,63295.59595,0.14118453445006163
6,5,3,1,0.3497235872235872,0.04990786240786241,0.049983338887037654,0.19834,2.06264,0.043618140671427746,0.35612,322.82844,6553.715,1939.61365,19065.9771,5312.65592,2035.412,4613.8862,164.33197,47300.77712,11114.07121,6865.59793,6170.57758,3143.22158,46212.89504,0.137082301637102
6,5,4,1,0.3497235872235872,0.04990786240786241,0.049991338991858654,0.20017,2.11079,0.04366369238173113,0.43646,343.97267,7550.00668,2492.68414,22415.46483,6107.73875,2203.90098,5359.46121,129.49347,55498.05552,13365.46251,8463.92072,7753.95216,3566.11007,53850.9511,0.1392743740904995
6,5,5,1,0.3497235872235872,0.04990786240786241,0.050023675843874724,0.20335,2.1073,0.04438354997494106,0.44893,345.37976,7635.4004,2570.22949,22682.10596,6222.78321,2164.04092,5443.6658,123.3594,56229.94242,13580.34334,8739.70885,8021.47049,3599.41425,54987.20676,0.14344723634710468
6,5,6,1,0.3497235872235872,0.04990786240786241,0.050008307027745474,0.20093,2.06935,0.044136965845059474,0.45458,362.79206,7793.90708,2563.834,23240.30598,6455.90428,2266.38383,5606.26938,153.0014,57702.66309,13626.00638,8864.30518,8140.23156,3706.76544,56727.39874,0.14214592136609677
6,5,7,1,0.3497235872235872,0.04990786240786241,0.04998520174948206,0.20173,2.04608,0.04448573793246125,0.45814,367.6042,7910.84821,2556.10668,23586.25541,6567.33274,2318.44245,5692.15828,166.92416,58636.35043,13630.86793,8896.60704,8237.36728,3776.12121,57698.47787,0.1426559391639438
7,1,1,1,0.3497235872235872,0.3497235872235872,0.3497235872235872,0.19627,2.02321,0.0434472369306056,0.4816,256991.60794,1045.63104,105269.17313,4429.44119,110794.56174,5803.90182,4031.65787,6698.62701,330.95438,1517.52998,692.9838,1518.9135,344649.22978,316.90654,0.059291506713658654
7,1,2,1,0.3497235872235872,0.3497235872235872,0.2724201474201474,0.20718,2.32754,0.043552772775427996,0.39046,231664.64035,682.92417,97541.26528,3080.3848,96128.64042,4636.33296,2982.91419,5276.01624,181.15028,1272.82324,1011.4668,412.33097,366253.45673,217.68509,0.08037170740627106
7,1,3,1,0.3497235872235872,0.3497235872235872,0.21483136936204794,0.20008,2.07702,0.04389406101760677,0.36914,207769.71882,803.73116,79901.13147,3327.48794,85683.90364,4532.05423,3072.71943,5173.1155,263.55422,1169.88026,502.25413,1142.81847,324618.7637,255.61898,0.059990587581882235
7,1,4,1,0.3497235872235872,0.3497235872235872,0.3214953884530804,0.19571,2.03698,0.04322435956036563,0.45083,249462.12334,990.86721,100510.43976,4058.71221,104246.23516,5548.65617,3794.70465,6391.87374,320.08017,1408.2174,602.58197,1358.31821,356716.94569,307.15248,0.05600788511751384
7,1,5,1,0.3497235872235872,0.3497235872235872,0.33095344816546074,0.19318,2.01924,0.04279307029916763,0.4563,248787.61224,973.75044,103597.1343,4194.22837,106274.74643,5580.08273,3847.40765,6433.45752,326.57304,1423.26388,592.26805,1132.54048,337468.78495,303.72485,0.06432424779452331
7,1,6,1,0.3497235872235872,0.3497235872235872,0.3262957710159876,0.19209,2.00853,0.042628265438557196,0.44672,245651.20325,973.50439,104126.37109,4060.31425,105262.87231,5544.61384,3776.51678,6378.33132,311.65337,1414.38419,566.50346,747.35388,329846.11487,301.53842,0.059017368043650695
7,1,7,1,0.3497235872235872,0.3497235872235872,0.3182773799356153,0.18926,1.98539,0.042160868351756836,0.42989,239462.08274,925.61419,103640.81027,3965.14472,103063.92756,5376.08481,3649.29507,6189.0089,294.90743,1370.81432,523.33422,345.97319,322907.62664,294.46857,0.043741256011815444
7,2,1,1,0.3497235872235872,0.05006142506142506,0.05006142506142506,0.19627,2.02321,0.0434472369306056,0.4816,1596.33851,1596.33851,1596.33851,1596.33851,1596.33851,1596.33851,1596.33851,1596.33851,1596.33851,1596.33851,1596.33851,1596.33851,1596.33851,1596.33851,0.13071979812364418
7,2,2,1,0.3497235872235872,0.05006142506142506,0.0500230343980344,0.20718,2.32754,0.043552772775427996,0.39046,2088.10303,771.86746,2305.51255,679.29743,1902.79608,1754.78555,1010.94774,2620.54856,141.07055,742.07693,7876.19191,7923.82297,955.57795,120.66612,0.1364437491691566
7,2,3,1,0.3497235872235872,0.05006142506142506,0.04956956956956957,0.2,2.05879,0.04401132132372627,0.37258,1308.1172,1208.11059,1372.16204,1256.68172,1157.69265,1349.83325,1203.73059,1327.09943,1269.11531,1167.92131,1392.2694,1260.72106,1147.52037,1305.67689,0.13447569518187677
7,2,4,1,0.3497235872235872,0.05006142506142506,0.04977094240837696,0.20111,2.03868,0.04440558102436473,0.45372,1541.86803,1457.92233,1633.49578,1476.14263,1426.98458,1660.69173,1399.57117,1607.94393,1515.66221,1467.81858,1683.87825,1557.21217,1447.45025,1491.62645,0.1361484575232786
7,2,5,1,0.3497235872235872,0.05006142506142506,0.05015523477258906,0.20061,2.02713,0.04437924586112991,0.46269,1599.12367,1507.3307,1688.7449,1497.70077,1460.08511,1673.66547,1464.05896,1584.61847,1573.22571,1524.58269,1826.90577,1624.93257,1501.09393,1494.35379,0.13558743401898013
7,2,6,1,0.3497235872235872,0.05006142506142506,0.0501361017914794,0.19904,2.017,0.04410677296291529,0.46447,1631.69887,1528.87244,1701.89473,1499.93698,1486.67573,1631.81825,1477.37948,1557.49896,1546.39869,1548.36365,1910.29379,1702.70149,1567.46248,1467.92509,0.13398217702692547
7,2,7,1,0.3497235872235872,0.05006142506142506,0.050182826881856005,0.19808,2.01416,0.04391579239458439,0.46527,1665.75123,1545.46581,1755.40218,1493.53513,1491.64072,1605.29769,1494.14173,1540.95701,1539.49184,1555.70256,1974.45121,1759.21553,1630.52667,1464.08033,0.13376314192205768
7,3,1,1,0.3497235872235872,0.05442260442260442,0.05442260442260442,0.19627,2.02321,0.0434472369306056,0.4816,1314.21053,1955.97836,708.50886,3973.73673,2967.65431,168.54227,5415.74235,587.18775,11916.05078,26318.41138,692.9838,1518.9135,121.85538,3413.60743,0.12689145097778531
7,3,2,1,0.3497235872235872,0.05442260442260442,0.05056050368550369,0.20718,2.32754,0.043552772775427996,0.39046,1709.18085,1010.26202,1208.6718,2311.94127,2051.08782,282.89095,3972.36081,1188.5211,8558.35542,19570.5406,1011.4668,412.33097,1.72218,1483.68444,0.11738076661392273
7,3,3,1,0.3497235872235872,0.05442260442260442,0.054998602068937974,0.19652,2.03737,0.043400624082269725,0.3708,1124.18793,1509.4471,683.27361,3155.16144,2380.43183,147.62144,4160.8203,465.83168,9138.53418,20168.21879,526.93084,1150.26139,99.41368,2687.04674,0.13504793533897444
7,3,4,1,0.3497235872235872,0.05442260442260442,0.05407621171377976,0.19891,2.00079,0.04419696666596125,0.44616,1356.92472,1778.10377,762.48215,3655.27863,2908.12707,167.23466,4889.18559,518.39226,10984.54328,24669.0047,598.39034,1313.35649,115.89212,3103.16004,0.1275227697296324
7,3,5,1,0.3497235872235872,0.05442260442260442,0.05358811587664744,0.19858,1.99923,0.04413619558592281,0.45347,1436.03533,1823.46838,791.70425,3697.92855,2948.98638,159.72518,4995.98829,522.87316,11168.57715,25099.96087,588.57995,1280.22085,116.17326,3104.2413,0.12376472776741247
7,3,6,1,0.3497235872235872,0.05442260442260442,0.052491417204094074,0.19716,2.00869,0.04375202183666053,0.45249,1368.75375,1860.62294,783.79153,3658.13259,2933.50186,145.01772,5032.74699,512.36209,11153.84985,25052.66411,567.13672,1241.05672,121.61841,3078.0288,0.13310734593491577
7,3,7,1,0.3497235872235872,0.05442260442260442,0.05167709837907238,0.19545,2.00608,0.04339031369235496,0.44512,1352.70802,1833.13385,755.98056,3593.18429,2947.95991,121.33885,4919.03182,456.68678,11035.08663,24855.55776,527.67176,1222.40637,124.96915,3040.77725,0.12460646780688307
7,4,1,1,0.3497235872235872,0.05,0.05,0.19627,2.02321,0.0434472369306056,0.4816,5584.10137,8887.94649,2212.5132,25936.43837,8541.15632,2886.14258,6211.71162,267.17137,65230.79794,14784.49182,9151.18061,8293.63113,4612.5537,63410.31014,0.13294812515686366
7,4,2,1,0.3497235872235872,0.05,0.0500230343980344,0.20718,2.32754,0.043552772775427996,0.39046,4031.75232,8026.36489,1988.73178,23319.16792,6336.40361,2014.32683,5354.30731,25.69564,63680.18673,13687.78588,7998.48082,7847.51451,3892.41055,63295.59595,0.14036126331943594
7,4,3,1,0.3497235872235872,0.05,0.05011084619567491,0.20077,2.06933,0.044102556823738155,0.35637,4007.24314,6460.58153,1734.15546,18812.53799,6245.84127,1992.00651,4552.30943,151.55242,46809.59937,11032.96631,6889.33365,6191.60711,3316.72439,45793.17612,0.13862169822759357
7,4,4,1,0.3497235872235872,0.05,0.049928524110038,0.19941,2.11716,0.043450645019029864,0.43388,4637.16436,7496.0351,2207.75671,22225.07705,7222.36555,2163.20024,5310.68391,124.96404,55135.41109,13319.42951,8414.72341,7693.78633,3824.43724,53386.06821,0.13900616105695143
7,4,5,1,0.3497235872235872,0.05,0.05003401360544218,0.20325,2.10782,0.044357818640228676,0.44573,4731.26584,7615.03006,2265.82213,22579.07817,7423.94997,2164.23123,5423.59919,125.22262,56048.10876,13537.79492,8675.89557,7966.3859,3891.75429,54663.69859,0.14224109962021372
7,4,6,1,0.3497235872235872,0.05,0.04991480404931342,0.202,2.07489,0.04433036054202089,0.45286,4828.45499,7710.33072,2279.03806,23054.82814,7652.13319,2217.78497,5539.74593,146.06254,57169.26439,13562.68101,8837.09019,8113.78216,3971.54616,56222.866,0.14351848286569605
7,4,7,1,0.3497235872235872,0.05,0.049978500314226175,0.20221,2.05446,0.044529651408899217,0.45593,4912.70169,7814.02135,2265.4364,23394.13832,7784.5603,2274.32862,5651.57217,160.32909,58097.81569,13600.50364,8858.88415,8184.73104,4048.65964,57226.53898,0.1422570459652309
7,5,1,1,0.3497235872235872,0.04990786240786241,0.04990786240786241,0.19627,2.02321,0.0434472369306056,0.4816,449.45848,8887.94649,2505.5427,25936.43837,7154.3191,2886.14258,6211.71162,267.17137,65230.79794,14784.49182,9151.18061,8293.63113,4279.49112,63410.31014,0.13267490006532348
7,5,2,1,0.3497235872235872,0.04990786240786241,0.04998464373464374,0.20718,2.32754,0.043552772775427996,0.39046,226.15948,8026.36489,2237.53415,23319.16792,5256.54301,2014.32683,5354.30731,25.69564,63680.18673,13687.78588,7998.48082,7847.51451,3621.64188,63295.59595,0.14118453445006163
7,5,3,1,0.3497235872235872,0.04990786240786241,0.049983338887037654,0.19834,2.06264,0.043618140671427746,0.35612,322.82844,6553.715,1939.61365,19065.9771,5312.65592,2035.412,4613.8862,164.33197,47300.77712,11114.07121,6865.59793,6170.57758,3143.22158,46212.89504,0.137082301637102
7,5,4,1,0.3497235872235872,0.04990786240786241,0.049991338991858654,0.20017,2.11079,0.04366369238173113,0.43646,343.97267,7550.00668,2492.68414,22415.46483,6107.73875,2203.90098,5359.46121,129.49347,55498.05552,13365.46251,8463.92072,7753.95216,3566.11007,53850.9511,0.1392743740904995
7,5,5,1,0.3497235872235872,0.04990786240786241,0.050023675843874724,0.20335,2.1073,0.04438354997494106,0.44893,345.37976,7635.4004,2570.22949,22682.10596,6222.78321,2164.04092,5443.6658,123.3594,56229.94242,13580.34334,8739.70885,8021.47049,3599.41425,54987.20676,0.14344723634710468
7,5,6,1,0.3497235872235872,0.04990786240786241,0.050008307027745474,0.20093,2.06935,0.044136965845059474,0.45458,362.79206,7793.90708,2563.834,23240.30598,6455.90428,2266.38383,5606.26938,153.0014,57702.66309,13626.00638,8864.30518,8140.23156,3706.76544,56727.39874,0.14214592136609677
7,5,7,1,0.3497235872235872,0.04990786240786241,0.04998520174948206,0.20173,2.04608,0.04448573793246125,0.45814,367.6042,7910.84821,2556.10668,23586.25541,6567.33274,2318.44245,5692.15828,166.92416,58636.35043,13630.86793,8896.60704,8237.36728,3776.12121,57698.47787,0.1426559391639438
8,1,1,1,0.3497235872235872,0.3497235872235872,0.3497235872235872,0.19627,2.02321,0.0434472369306056,0.4816,256991.60794,1045.63104,105269.17313,4429.44119,110794.56174,5803.90182,4031.65787,6698.62701,330.95438,1517.52998,692.9838,1518.9135,344649.22978,316.90654,0.059291506713658654
8,1,2,1,0.3497235872235872,0.3497235872235872,0.2724201474201474,0.20718,2.32754,0.043552772775427996,0.39046,231664.64035,682.92417,97541.26528,3080.3848,96128.64042,4636.33296,2982.91419,5276.01624,181.15028,1272.82324,1011.4668,412.33097,366253.45673,217.68509,0.08037170740627106
8,1,3,1,0.3497235872235872,0.3497235872235872,0.21483136936204794,0.20008,2.07702,0.04389406101760677,0.36914,207769.71882,803.73116,79901.13147,3327.48794,85683.90364,4532.05423,3072.71943,5173.1155,263.55422,1169.88026,502.25413,1142.81847,324618.7637,255.61898,0.059990587581882235
8,1,4,1,0.3497235872235872,0.3497235872235872,0.3214953884530804,0.19571,2.03698,0.04322435956036563,0.45083,249462.12334,990.86721,100510.43976,4058.71221,104246.23516,5548.65617,3794.70465,6391.87374,320.08017,1408.2174,602.58197,1358.31821,356716.94569,307.15248,0.05600788511751384
8,1,5,1,0.3497235872235872,0.3497235872235872,0.33095344816546074,0.19318,2.01924,0.04279307029916763,0.4563,248787.61224,973.75044,103597.1343,4194.22837,106274.74643,5580.08273,3847.40765,6433.45752,326.57304,1423.26388,592.26805,1132.54048,337468.78495,303.72485,0.06432424779452331
8,1,6,1,0.3497235872235872,0.3497235872235872,0.3262957710159876,0.19209,2.00853,0.042628265438557196,0.44672,245651.20325,973.50439,104126.37109,4060.31425,105262.87231,5544.61384,3776.51678,6378.33132,311.65337,1414.38419,566.50346,747.35388,329846.11487,301.53842,0.059017368043650695
8,1,7,1,0.3497235872235872,0.3497235872235872,0.3182773799356153,0.18926,1.98539,0.042160868351756836,0.42989,239462.08274,925.61419,103640.81027,3965.14472,103063.92756,5376.08481,3649.29507,6189.0089,294.90743,1370.81432,523.33422,345.97319,322907.62664,294.46857,0.043741256011815444
8,2,1,1,0.3497235872235872,0.05006142506142506,0.05006142506142506,0.19627,2.02321,0.0434472369306056,0.4816,1596.33851,1596.33851,1596.33851,1596.33851,1596.33851,1596.33851,1596.33851,1596.33851,1596.33851,1596.33851,1596.33851,1596.33851,1596.33851,1596.33851,0.13071979812364418
8,2,2,1,0.3497235872235872,0.05006142506142506,0.0500230343980344,0.20718,2.32754,0.043552772775427996,0.39046,2088.10303,771.86746,2305.51255,679.29743,1902.79608,1754.78555,1010.94774,2620.54856,141.07055,742.07693,7876.19191,7923.82297,955.57795,120.66612,0.1364437491691566
8,2,3,1,0.3497235872235872,0.05006142506142506,0.04956956956956957,0.2,2.05879,0.04401132132372627,0.37258,1308.1172,1208.11059,1372.16204,1256.68172,1157.69265,1349.83325,1203.73059,1327.09943,1269.11531,1167.92131,1392.2694,1260.72106,1147.52037,1305.67689,0.13447569518187677
8,2,4,1,0.3497235872235872,0.05006142506142506,0.04977094240837696,0.20111,2.03868,0.04440558102436473,0.45372,1541.86803,1457.92233,1633.49578,1476.14263,1426.98458,1660.69173,1399.57117,1607.94393,1515.66221,1467.81858,1683.87825,1557.21217,1447.45025,1491.62645,0.1361484575232786
8,2,5,1,0.3497235872235872,0.05006142506142506,0.05015523477258906,0.20061,2.02713,0.04437924586112991,0.46269,1599.12367,1507.3307,1688.7449,1497.70077,1460.08511,1673.66547,1464.05896,1584.61847,1573.22571,1524.58269,1826.90577,1624.93257,1501.09393,1494.35379,0.13558743401898013
8,2,6,1,0.3497235872235872,0.05006142506142506,0.0501361017914794,0.19904,2.017,0.04410677296291529,0.46447,1631.69887,1528.87244,1701.89473,1499.93698,1486.67573,1631.81825,1477.37948,1557.49896,1546.39869,1548.36365,1910.29379,1702.70149,1567.46248,1467.92509,0.13398217702692547
8,2,7,1,0.3497235872235872,0.05006142506142506,0.050182826881856005,0.19808,2.01416,0.04391579239458439,0.46527,1665.75123,1545.46581,1755.40218,1493.53513,1491.64072,1605.29769,1494.14173,1540.95701,1539.49184,1555.70256,1974.45121,1759.21553,1630.52667,1464.08033,0.13376314192205768
8,3,1,1,0.3497235872235872,0.05442260442260442,0.05442260442260442,0.19627,2.02321,0.0434472369306056,0.4816,1314.21053,1955.97836,708.50886,3973.73673,2967.65431,168.54227,5415.74235,587.18775,11916.05078,26318.41138,692.9838,1518.9135,121.85538,3413.60743,0.12689145097778531
8,3,2,1,0.3497235872235872,0.05442260442260442,0.05056050368550369,0.20718,2.32754,0.043552772775427996,0.39046,1709.18085,1010.26202,1208.6718,2311.94127,2051.08782,282.89095,3972.36081,1188.5211,8558.35542,19570.5406,1011.4668,412.33097,1.72218,1483.68444,0.11738076661392273
8,3,3,1,0.3497235872235872,0.05442260442260442,0.054998602068937974,0.19652,2.03737,0.043400624082269725,0.3708,1124.18793,1509.4471,683.27361,3155.16144,2380.43183,147.62144,4160.8203,465.83168,9138.53418,20168.21879,526.93084,1150.26139,99.41368,2687.04674,0.13504793533897444
8,3,4,1,0.3497235872235872,0.05442260442260442,0.05407621171377976,0.19891,2.00079,0.04419696666596125,0.44616,1356.92472,1778.10377,762.48215,3655.27863,2908.12707,167.23466,4889.18559,518.39226,10984.54328,24669.0047,598.39034,1313.35649,115.89212,3103.16004,0.1275227697296324
8,3,5,1,0.3497235872235872,0.05442260442260442,0.05358811587664744,0.19858,1.99923,0.04413619558592281,0.45347,1436.03533,1823.46838,791.70425,3697.92855,2948.98638,159.72518,4995.98829,522.87316,11168.57715,25099.96087,588.57995,1280.22085,116.17326,3104.2413,0.12376472776741247
8,3,6,1,0.3497235872235872,0.05442260442260442,0.052491417204094074,0.19716,2.00869,0.04375202183666053,0.45249,1368.75375,1860.62294,783.79153,3658.13259,2933.50186,145.01772,5032.74699,512.36209,11153.84985,25052.66411,567.13672,1241.05672,121.61841,3078.0288,0.13310734593491577
8,3,7,1,0.3497235872235872,0.05442260442260442,0.05167709837907238,0.19545,2.00608,0.04339031369235496,0.44512,1352.70802,1833.13385,755.98056,3593.18429,2947.95991,121.33885,4919.03182,456.68678,11035.08663,24855.55776,527.67176,1222.40637,124.96915,3040.77725,0.12460646780688307
8,4,1,1,0.3497235872235872,0.05,0.05,0.19627,2.02321,0.0434472369306056,0.4816,5584.10137,8887.94649,2212.5132,25936.43837,8541.15632,2886.14258,6211.71162,267.17137,65230.79794,14784.49182,9151.18061,8293.63113,4612.5537,63410.31014,0.13294812515686366
8,4,2,1,0.3497235872235872,0.05,0.0500230343980344,0.20718,2.32754,0.043552772775427996,0.39046,4031.75232,8026.36489,1988.73178,23319.16792,6336.40361,2014.32683,5354.30731,25.69564,63680.18673,13687.78588,7998.48082,7847.51451,3892.41055,63295.59595,0.14036126331943594
8,4,3,1,0.3497235872235872,0.05,0.05011084619567491,0.20077,2.06933,0.044102556823738155,0.35637,4007.24314,6460.58153,1734.15546,18812.53799,6245.84127,1992.00651,4552.30943,151.55242,46809.59937,11032.96631,6889.33365,6191.60711,3316.72439,45793.17612,0.13862169822759357
8,4,4,1,0.3497235872235872,0.05,0.049928524110038,0.19941,2.11716,0.043450645019029864,0.43388,4637.16436,7496.0351,2207.75671,22225.07705,7222.36555,2163.20024,5310.68391,124.96404,55135.41109,13319.42951,8414.72341,7693.78633,3824.43724,53386.06821,0.13900616105695143
8,4,5,1,0.3497235872235872,0.05,0.05003401360544218,0.20325,2.10782,0.044357818640228676,0.44573,4731.26584,7615.03006,2265.82213,22579.07817,7423.94997,2164.23123,5423.59919,125.22262,56048.10876,13537.79492,8675.89557,7966.3859,3891.75429,54663.69859,0.14224109962021372
8,4,6,1,0.3497235872235872,0.05,0.04991480404931342,0.202,2.07489,0.04433036054202089,0.45286,4828.45499,7710.33072,2279.03806,23054.82814,7652.13319,2217.78497,5539.74593,146.06254,57169.26439,13562.68101,8837.09019,8113.78216,3971.54616,56222.866,0.14351848286569605
8,4,7,1,0.3497235872235872,0.05,0.049978500314226175,0.20221,2.05446,0.044529651408899217,0.45593,4912.70169,7814.02135,2265.4364,23394.13832,7784.5603,2274.32862,5651.57217,160.32909,58097.81569,13600.50364,8858.88415,8184.73104,4048.65964,57226.53898,0.1422570459652309
8,5,1,1,0.3497235872235872,0.04990786240786241,0.04990786240786241,0.19627,2.02321,0.0434472369306056,0.4816,449.45848,8887.94649,2505.5427,25936.43837,7154.3191,2886.14258,6211.71162,267.17137,65230.79794,14784.49182,9151.18061,8293.63113,4279.49112,63410.31014,0.13267490006532348
8,5,2,1,0.3497235872235872,0.04990786240786241,0.04998464373464374,0.20718,2.32754,0.043552772775427996,0.39046,226.15948,8026.36489,2237.53415,23319.16792,5256.54301,2014.32683,5354.30731,25.69564,63680.18673,13687.78588,7998.48082,7847.51451,3621.64188,63295.59595,0.14118453445006163
8,5,3,1,0.3497235872235872,0.04990786240786241,0.049983338887037654,0.19834,2.06264,0.043618140671427746,0.35612,322.82844,6553.715,1939.61365,19065.9771,5312.65592,2035.412,4613.8862,164.33197,47300.77712,11114.07121,6865.59793,6170.57758,3143.22158,46212.89504,0.137082301637102
8,5,4,1,0.3497235872235872,0.04990786240786241,0.049991338991858654,0.20017,2.11079,0.04366369238173113,0.43646,343.97267,7550.00668,2492.68414,22415.46483,6107.73875,2203.90098,5359.46121,129.49347,55498.05552,13365.46251,8463.92072,7753.95216,3566.11007,53850.9511,0.1392743740904995
8,5,5,1,0.3497235872235872,0.04990786240786241,0.050023675843874724,0.20335,2.1073,0.04438354997494106,0.44893,345.37976,7635.4004,2570.22949,22682.10596,6222.78321,2164.04092,5443.6658,123.3594,56229.94242,13580.34334,8739.70885,8021.47049,3599.41425,54987.20676,0.14344723634710468
8,5,6,1,0.3497235872235872,0.04990786240786241,0.050008307027745474,0.20093,2.06935,0.044136965845059474,0.45458,362.79206,7793.90708,2563.834,23240.30598,6455.90428,2266.38383,5606.26938,153.0014,57702.66309,13626.00638,8864.30518,8140.23156,3706.76544,56727.39874,0.14214592136609677
8,5,7,1,0.3497235872235872,0.04990786240786241,0.04998520174948206,0.20173,2.04608,0.04448573793246125,0.45814,367.6042,7910.84821,2556.10668,23586.25541,6567.33274,2318.44245,5692.15828,166.92416,58636.35043,13630.86793,8896.60704,8237.36728,3776.12121,57698.47787,0.1426559391639438
9,1,1,1,0.3497235872235872,0.3497235872235872,0.3497235872235872,0.19627,2.02321,0.0434472369306056,0.4816,256991.60794,1045.63104,105269.17313,4429.44119,110794.56174,5803.90182,4031.65787,6698.62701,330.95438,1517.52998,692.9838,1518.9135,344649.22978,316.90654,0.059291506713658654
9,1,2,1,0.3497235872235872,0.3497235872235872,0.2724201474201474,0.20718,2.32754,0.043552772775427996,0.39046,231664.64035,682.92417,97541.26528,3080.3848,96128.64042,4636.33296,2982.91419,5276.01624,181.15028,1272.82324,1011.4668,412.33097,366253.45673,217.68509,0.08037170740627106
9,1,3,1,0.3497235872235872,0.3497235872235872,0.21483136936204794,0.20008,2.07702,0.04389406101760677,0.36914,207769.71882,803.73116,79901.13147,3327.48794,85683.90364,4532.05423,3072.71943,5173.1155,263.55422,1169.88026,502.25413,1142.81847,324618.7637,255.61898,0.059990587581882235
9,1,4,1,0.3497235872235872,0.3497235872235872,0.3214953884530804,0.19571,2.03698,0.04322435956036563,0.45083,249462.12334,990.86721,100510.43976,4058.71221,104246.23516,5548.65617,3794.70465,6391.87374,320.08017,1408.2174,602.58197,1358.31821,356716.94569,307.15248,0.05600788511751384
9,1,5,1,0.3497235872235872,0.3497235872235872,0.33095344816546074,0.19318,2.01924,0.04279307029916763,0.4563,248787.61224,973.75044,103597.1343,4194.22837,106274.74643,5580.08273,3847.40765,6433.45752,326.57304,1423.26388,592.26805,1132.54048,337468.78495,303.72485,0.06432424779452331
9,1,6,1,0.3497235872235872,0.3497235872235872,0.3262957710159876,0.19209,2.00853,0.042628265438557196,0.44672,245651.20325,973.50439,104126.37109,4060.31425,105262.87231,5544.61384,3776.51678,6378.33132,311.65337,1414.38419,566.50346,747.35388,329846.11487,301.53842,0.059017368043650695
9,1,7,1,0.3497235872235872,0.3497235872235872,0.3182773799356153,0.18926,1.98539,0.042160868351756836,0.42989,239462.08274,925.61419,103640.81027,3965.14472,103063.92756,5376.08481,3649.29507,6189.0089,294.90743,1370.81432,523.33422,345.97319,322907.62664,294.46857,0.043741256011815444
9,2,1,1,0.3497235872235872,0.05006142506142506,0.05006142506142506,0.19627,2.02321,0.0434472369306056,0.4816,1596.33851,1596.33851,1596.33851,1596.33851,1596.33851,1596.33851,1596.33851,1596.33851,1596.33851,1596.33851,1596.33851,1596.33851,1596.33851,1596.33851,0.13071979812364418
9,2,2,1,0.3497235872235872,0.05006142506142506,0.0500230343980344,0.20718,2.32754,0.043552772775427996,0.39046,2088.10303,771.86746,2305.51255,679.29743,1902.79608,1754.78555,1010.94774,2620.54856,141.07055,742.07693,7876.19191,7923.82297,955.57795,120.66612,0.1364437491691566
9,2,3,1,0.3497235872235872,0.05006142506142506,0.04956956956956957,0.2,2.05879,0.04401132132372627,0.37258,1308.1172,1208.11059,1372.16204,1256.68172,1157.69265,1349.83325,1203.73059,1327.09943,1269.11531,1167.92131,1392.2694,1260.72106,1147.52037,1305.67689,0.13447569518187677
9,2,4,1,0.3497235872235872,0.05006142506142506,0.04977094240837696,0.20111,2.03868,0.04440558102436473,0.45372,1541.86803,1457.92233,1633.49578,1476.14263,1426.98458,1660.69173,1399.57117,1607.94393,1515.66221,1467.81858,1683.87825,1557.21217,1447.45025,1491.62645,0.1361484575232786
9,2,5,1,0.3497235872235872,0.05006142506142506,0.05015523477258906,0.20061,2.02713,0.04437924586112991,0.46269,1599.12367,1507.3307,1688.7449,1497.70077,1460.08511,1673.66547,1464.05896,1584.61847,1573.22571,1524.58269,1826.90577,1624.93257,1501.09393,1494.35379,0.13558743401898013
9,2,6,1,0.3497235872235872,0.05006142506142506,0.0501361017914794,0.19904,2.017,0.04410677296291529,0.46447,1631.69887,1528.87244,1701.89473,1499.93698,1486.67573,1631.81825,1477.37948,1557.49896,1546.39869,1548.36365,1910.29379,1702.70149,1567.46248,1467.92509,0.13398217702692547
9,2,7,1,0.3497235872235872,0.05006142506142506,0.050182826881856005,0.19808,2.01416,0.04391579239458439,0.46527,1665.75123,1545.46581,1755.40218,1493.53513,1491.64072,1605.29769,1494.14173,1540.95701,1539.49184,1555.70256,1974.45121,1759.21553,1630.52667,1464.08033,0.13376314192205768
9,3,1,1,0.3497235872235872,0.05442260442260442,0.05442260442260442,0.19627,2.02321,0.0434472369306056,0.4816,1314.21053,1955.97836,708.50886,3973.73673,2967.65431,168.54227,5415.74235,587.18775,11916.05078,26318.41138,692.9838,1518.9135,121.85538,3413.60743,0.12689145097778531
9,3,2,1,0.3497235872235872,0.05442260442260442,0.05056050368550369,0.20718,2.32754,0.043552772775427996,0.39046,1709.18085,1010.26202,1208.6718,2311.94127,2051.08782,282.89095,3972.36081,1188.5211,8558.35542,19570.5406,1011.4668,412.33097,1.72218,1483.68444,0.11738076661392273
9,3,3,1,0.3497235872235872,0.05442260442260442,0.054998602068937974,0.19652,2.03737,0.043400624082269725,0.3708,1124.18793,1509.4471,683.27361,3155.16144,2380.43183,147.62144,4160.8203,465.83168,9138.53418,20168.21879,526.93084,1150.26139,99.41368,2687.04674,0.13504793533897444
9,3,4,1,0.3497235872235872,0.05442260442260442,0.05407621171377976,0.19891,2.00079,0.04419696666596125,0.44616,1356.92472,1778.10377,762.48215,3655.27863,2908.12707,167.23466,4889.18559,518.39226,10984.54328,24669.0047,598.39034,1313.35649,115.89212,3103.16004,0.1275227697296324
9,3,5,1,0.3497235872235872,0.05442260442260442,0.05358811587664744,0.19858,1.99923,0.04413619558592281,0.45347,1436.03533,1823.46838,791.70425,3697.92855,2948.98638,159.72518,4995.98829,522.87316,11168.57715,25099.96087,588.57995,1280.22085,116.17326,3104.2413,0.12376472776741247
9,3,6,1,0.3497235872235872,0.05442260442260442,0.052491417204094074,0.19716,2.00869,0.04375202183666053,0.45249,1368.75375,1860.62294,783.79153,3658.13259,2933.50186,145.01772,5032.74699,512.36209,11153.84985,25052.66411,567.13672,1241.05672,121.61841,3078.0288,0.13310734593491577
9,3,7,1,0.3497235872235872,0.05442260442260442,0.05167709837907238,0.19545,2.00608,0.04339031369235496,0.44512,1352.70802,1833.13385,755.98056,3593.18429,2947.95991,121.33885,4919.03182,456.68678,11035.08663,24855.55776,527.67176,1222.40637,124.96915,3040.77725,0.12460646780688307
9,4,1,1,0.3497235872235872,0.05,0.05,0.19627,2.02321,0.0434472369306056,0.4816,5584.10137,8887.94649,2212.5132,25936.43837,8541.15632,2886.14258,6211.71162,267.17137,65230.79794,14784.49182,9151.18061,8293.63113,4612.5537,63410.31014,0.13294812515686366
9,4,2,1,0.3497235872235872,0.05,0.0500230343980344,0.20718,2.32754,0.043552772775427996,0.39046,4031.75232,8026.36489,1988.73178,23319.16792,6336.40361,2014.32683,5354.30731,25.69564,63680.18673,13687.78588,7998.48082,7847.51451,3892.41055,63295.59595,0.14036126331943594
9,4,3,1,0.3497235872235872,0.05,0.05011084619567491,0.20077,2.06933,0.044102556823738155,0.35637,4007.24314,6460.58153,1734.15546,18812.53799,6245.84127,1992.00651,4552.30943,151.55242,46809.59937,11032.96631,6889.33365,6191.60711,3316.72439,45793.17612,0.13862169822759357
9,4,4,1,0.3497235872235872,0.05,0.049928524110038,0.19941,2.11716,0.043450645019029864,0.43388,4637.16436,7496.0351,2207.75671,22225.07705,7222.36555,2163.20024,5310.68391,124.96404,55135.41109,13319.42951,8414.72341,7693.78633,3824.43724,53386.06821,0.13900616105695143
9,4,5,1,0.3497235872235872,0.05,0.05003401360544218,0.20325,2.10782,0.044357818640228676,0.44573,4731.26584,7615.03006,2265.82213,22579.07817,7423.94997,2164.23123,5423.59919,125.22262,56048.10876,13537.79492,8675.89557,7966.3859,3891.75429,54663.69859,0.14224109962021372
9,4,6,1,0.3497235872235872,0.05,0.04991480404931342,0.202,2.07489,0.04433036054202089,0.45286,4828.45499,7710.33072,2279.03806,23054.82814,7652.13319,2217.78497,5539.74593,146.06254,57169.26439,13562.68101,8837.09019,8113.78216,3971.54616,56222.866,0.14351848286569605
9,4,7,1,0.3497235872235872,0.05,0.049978500314226175,0.20221,2.05446,0.044529651408899217,0.45593,4912.70169,7814.02135,2265.4364,23394.13832,7784.5603,2274.32862,5651.57217,160.32909,58097.81569,13600.50364,8858.88415,8184.73104,4048.65964,57226.53898,0.1422570459652309
9,5,1,1,0.3497235872235872,0.04990786240786241,0.04990786240786241,0.19627,2.02321,0.0434472369306056,0.4816,449.45848,8887.94649,2505.5427,25936.43837,7154.3191,2886.14258,6211.71162,267.17137,65230.79794,14784.49182,9151.18061,8293.63113,4279.49112,63410.31014,0.13267490006532348
9,5,2,1,0.3497235872235872,0.04990786240786241,0.04998464373464374,0.20718,2.32754,0.043552772775427996,0.39046,226.15948,8026.36489,2237.53415,23319.16792,5256.54301,2014.32683,5354.30731,25.69564,63680.18673,13687.78588,7998.48082,7847.51451,3621.64188,63295.59595,0.14118453445006163
9,5,3,1,0.3497235872235872,0.04990786240786241,0.049983338887037654,0.19834,2.06264,0.043618140671427746,0.35612,322.82844,6553.715,1939.61365,19065.9771,5312.65592,2035.412,4613.8862,164.33197,47300.77712,11114.07121,6865.59793,6170.57758,3143.22158,46212.89504,0.137082301637102
9,5,4,1,0.3497235872235872,0.04990786240786241,0.049991338991858654,0.20017,2.11079,0.04366369238173113,0.43646,343.97267,7550.00668,2492.68414,22415.46483,6107.73875,2203.90098,5359.46121,129.49347,55498.05552,13365.46251,8463.92072,7753.95216,3566.11007,53850.9511,0.1392743740904995
9,5,5,1,0.3497235872235872,0.04990786240786241,0.050023675843874724,0.20335,2.1073,0.04438354997494106,0.44893,345.37976,7635.4004,2570.22949,22682.10596,6222.78321,2164.04092,5443.6658,123.3594,56229.94242,13580.34334,8739.70885,8021.47049,3599.41425,54987.20676,0.14344723634710468
9,5,6,1,0.3497235872235872,0.04990786240786241,0.050008307027745474,0.20093,2.06935,0.044136965845059474,0.45458,362.79206,7793.90708,2563.834,23240.30598,6455.90428,2266.38383,5606.26938,153.0014,57702.66309,13626.00638,8864.30518,8140.23156,3706.76544,56727.39874,0.14214592136609677
9,5,7,1,0.3497235872235872,0.04990786240786241,0.04998520174948206,0.20173,2.04608,0.04448573793246125,0.45814,367.6042,7910.84821,2556.10668,23586.25541,6567.33274,2318.44245,5692.15828,166.92416,58636.35043,13630.86793,8896.60704,8237.36728,3776.12121,57698.47787,0.1426559391639438
