sampling,invalid_value,missing_value,floating_point,unit_converter,distribution_shape,multicollinearity,normalization,outlier,punctuation,stopword,lowercase,whitespace,model,outlier_bef_normalization_strat,outlier_bef_outlier_strat,diff_sensitive_attr,ratio_sensitive_attr,cov,class_imbalance_ratio,corr_Age,ot_Age,corr_Workclass,ot_Workclass,corr_fnlwgt,ot_fnlwgt,corr_Education,ot_Education,corr_Education_Num,ot_Education_Num,corr_Martial_Status,ot_Martial_Status,corr_Occupation,ot_Occupation,corr_Relationship,ot_Relationship,corr_Race,ot_Race,corr_Sex,ot_Sex,corr_Capital_Gain,ot_Capital_Gain,corr_Capital_Loss,ot_Capital_Loss,corr_Hours_per_week,ot_Hours_per_week,corr_Country,ot_Country,utility_sp
4.0,3.0,8.0,3.0,1.0,4.0,1.0,3.0,3.0,1.0,2.0,2.0,2.0,1.0,0.1557574633784535,0.1557574633784535,0.12202,0.94447,0.0304892466155289,2.3166202414113277,429.85,0.39,0.0,1.0,581.24,0.3,73.75,0.42,187.7,0.14,236.9,0.26,73.13,0.5,247.69,0.68,0.0,1.0,62.5,1.0,1541.47,1.0,1541.47,1.0,726.52,0.28,0.0,1.0,0.2030738627539262
2.0,4.0,8.0,1.0,1.0,4.0,1.0,5.0,3.0,2.0,1.0,1.0,2.0,1.0,0.1657571623465211,0.1657571623465211,0.12492,1.91338,0.0281677382489156,2.0631199278629397,4.87,0.45,0.0,1.0,37.35,0.34,87.51,0.42,2487.17,0.16,177.42,0.22,105.13,0.52,178.09,0.33,0.0,1.0,53.78,0.34,1646.05,1.0,1646.05,1.0,1645.24,0.25,0.0,1.0,0.1336500411709937
4.0,2.0,3.0,4.0,1.0,2.0,1.0,1.0,3.0,2.0,2.0,2.0,2.0,1.0,0.1891340626738364,0.1891340626738364,0.09294,0.94738,0.0232200335313669,2.376590330788804,344852.87,0.53,43.69,0.0,182740.24,0.28,234.09,0.0,107032.79,0.26,413.78,0.0,204.43,0.0,433.21,0.0,15.68,0.0,95.71,0.0,3908.12,1.0,3908.12,1.0,3908.11,0.3,42.19,0.0,0.122139227663492
2.0,1.0,8.0,4.0,2.0,1.0,1.0,5.0,3.0,2.0,2.0,1.0,1.0,1.0,0.1458617553433378,0.1458617553433378,0.12301,1.88104,0.027886948058843,2.142405063291139,5492.67,0.42,0.0,1.0,496.16,0.34,86.26,0.43,1114.35,0.17,155.79,0.23,89.08,0.53,157.76,0.34,0.0,1.0,46.52,0.35,1390.03,1.0,1390.03,1.0,1390.03,0.31,0.0,1.0,0.1491614167159756
2.0,3.0,4.0,2.0,1.0,3.0,1.0,1.0,6.0,2.0,1.0,1.0,2.0,1.0,0.1702497952497952,0.1702497952497952,0.11536,1.95153,0.025845919889497,1.8551580409864536,58302.51,0.32,100.24,0.0,1918144.24,0.2,341.78,0.0,110845.28,0.3,392.89,0.0,330.22,0.0,469.87,0.0,41.0,0.0,107.18,0.0,1057.91,0.19,0.15,0.05,0.15,0.15,46.6,0.0,0.2098929902767982
2.0,2.0,3.0,1.0,2.0,3.0,1.0,3.0,3.0,1.0,2.0,2.0,2.0,1.0,0.1737153251477944,0.1737153251477944,0.13744,1.90805,0.0310177893518389,1.9865092748735245,1083.14,0.52,0.0,1.0,734.31,0.24,100.19,0.41,505.03,0.15,226.17,0.22,108.77,0.52,230.34,0.34,0.0,1.0,67.16,0.34,1782.52,1.0,1782.52,1.0,622.06,0.2,0.0,1.0,0.2053682711140127
4.0,4.0,3.0,3.0,2.0,2.0,1.0,1.0,3.0,2.0,2.0,2.0,1.0,1.0,0.1891340626738364,0.1891340626738364,0.09294,0.94738,0.0232200335313669,2.376590330788804,344852.87,0.53,43.69,0.0,182740.24,0.28,234.09,0.0,107032.79,0.26,413.78,0.0,204.43,0.0,433.21,0.0,15.68,0.0,95.71,0.0,3908.12,1.0,3908.12,1.0,3908.11,0.3,42.19,0.0,0.122139227663492
2.0,1.0,2.0,3.0,1.0,1.0,1.0,4.0,3.0,2.0,2.0,2.0,2.0,1.0,0.1458617553433378,0.1458617553433378,0.12284,1.87838,0.0278587548999689,2.1389473684210527,1090.53,0.41,0.0,1.0,431.77,0.34,87.46,0.43,1313.45,0.17,157.32,0.23,88.82,0.53,159.52,0.34,0.0,1.0,46.43,0.35,1393.68,1.0,1393.68,1.0,1393.68,0.35,0.0,1.0,0.1516555095691786
2.0,1.0,4.0,4.0,1.0,1.0,1.0,3.0,3.0,1.0,1.0,1.0,1.0,1.0,0.1474201474201474,0.1474201474201474,0.11551,1.84441,0.0263402077341118,2.1198465963566635,404.87,0.45,0.0,1.0,494.45,0.33,96.55,0.42,217.81,0.16,139.17,0.2,102.75,0.52,179.64,0.34,0.0,1.0,44.92,0.35,1534.55,1.0,1534.55,1.0,627.95,0.3,0.0,1.0,0.1253397076856792
2.0,3.0,8.0,2.0,2.0,3.0,1.0,2.0,3.0,2.0,1.0,2.0,1.0,1.0,0.1875852660300136,0.187244201909959,0.13052,1.86228,0.0296792133556202,2.053728070175439,0.01,0.43,0.0,1.0,157.28,0.23,77.11,0.41,106.64,0.14,166.23,0.22,81.73,0.53,168.63,0.34,0.0,1.0,48.38,0.35,7651.19,1.0,3715.57,1.0,3715.56,0.23,0.0,1.0,0.1410324909419673
4.0,4.0,6.0,2.0,1.0,3.0,1.0,1.0,3.0,2.0,1.0,1.0,2.0,1.0,0.1655850176154274,0.1655850176154274,0.09745,0.92476,0.024327684706893,2.3677366924014627,278184.25,0.39,38.43,0.0,2471367.01,0.25,193.01,0.0,152717.75,0.24,403.07,0.0,172.84,0.0,422.72,0.0,15.95,0.0,93.64,0.0,3499.97,1.0,3499.97,1.0,3498.93,0.23,40.42,0.0,0.1443534922478603
2.0,1.0,9.0,3.0,1.0,1.0,1.0,3.0,7.0,2.0,2.0,1.0,1.0,1.0,0.1458617553433378,0.1458617553433378,0.11734,2.0089,0.0260398326379501,1.9145122371596,935.12,0.27,111.39,0.3,607.44,0.31,333.32,0.28,1367.55,0.28,435.85,0.22,325.23,0.41,448.22,0.34,36.18,0.14,114.09,0.33,170.87,0.16,256.76,0.03,259.87,0.13,45.6,0.1,0.1699264615491301
3.0,3.0,3.0,4.0,1.0,4.0,1.0,1.0,7.0,1.0,2.0,1.0,1.0,1.0,0.1626321172860552,0.1626321172860552,0.09631,2.04153,0.0212582555039113,1.912611198325484,56258.88,0.3,52.59,0.0,70395.28,0.28,242.25,0.0,108073.07,0.28,325.01,0.0,212.25,0.0,336.41,0.0,13.18,0.0,50.11,0.0,542.1,0.17,173.3,0.04,174.67,0.16,49.02,0.0,0.1267104293186365
2.0,1.0,4.0,1.0,1.0,4.0,1.0,3.0,7.0,2.0,1.0,1.0,1.0,1.0,0.1582719082719082,0.1582719082719082,0.11645,2.01446,0.0258172111710623,1.9025371287128712,1022.08,0.31,114.21,0.3,1458.57,0.29,334.12,0.29,1234.17,0.29,415.62,0.19,342.27,0.41,529.7,0.34,42.31,0.14,124.35,0.33,869.84,0.16,162.33,0.03,296.19,0.14,50.44,0.09,0.1907388684927383
2.0,2.0,4.0,1.0,1.0,3.0,1.0,2.0,3.0,2.0,2.0,1.0,1.0,1.0,0.1703521703521703,0.1680999180999181,0.13163,1.89158,0.0297861387150653,1.9833711262282692,777.73,0.51,0.0,1.0,224.68,0.25,107.79,0.41,131.47,0.15,200.66,0.2,130.0,0.52,251.21,0.34,0.0,1.0,68.84,0.35,6554.83,1.0,5329.34,1.0,5329.33,0.24,0.0,1.0,0.1956688031823585
4.0,2.0,3.0,2.0,2.0,3.0,1.0,3.0,3.0,2.0,1.0,2.0,1.0,1.0,0.1646578898572223,0.1646578898572223,0.13567,0.96356,0.0339133680440719,2.2405345211581293,1327.07,0.58,0.0,1.0,773.24,0.24,98.42,0.41,291.51,0.14,309.14,0.26,95.37,0.5,323.66,0.68,0.0,1.0,93.47,1.0,1947.75,1.0,1947.75,1.0,795.33,0.22,0.0,1.0,0.2064002389079788
2.0,3.0,9.0,4.0,1.0,4.0,1.0,4.0,7.0,1.0,1.0,1.0,2.0,1.0,0.1567758071850841,0.1567758071850841,0.12188,1.89052,0.0275814365504469,1.9000734753857456,7141.03,0.29,106.94,0.3,20.99,0.29,335.26,0.29,6530.93,0.29,449.03,0.22,299.09,0.4,460.44,0.34,31.68,0.15,116.91,0.35,3340.84,0.16,3297.87,0.04,3296.05,0.15,53.96,0.1,0.1880038464830842
4.0,1.0,2.0,1.0,1.0,3.0,1.0,5.0,3.0,2.0,2.0,2.0,2.0,1.0,0.1808826256258112,0.1808826256258112,0.12551,0.94865,0.0313644004122232,2.3043062200956936,7789.82,0.4,0.0,1.0,630.58,0.24,72.19,0.41,4143.62,0.14,241.57,0.26,70.64,0.51,254.24,0.69,0.0,1.0,63.79,1.0,1498.06,1.0,1498.06,1.0,1498.01,0.23,0.0,1.0,0.1345354331977499
2.0,3.0,2.0,4.0,2.0,4.0,1.0,4.0,7.0,1.0,2.0,1.0,2.0,1.0,0.1567758071850841,0.1567758071850841,0.12188,1.89052,0.0275814365504469,1.9000734753857456,7141.03,0.29,106.94,0.3,20.99,0.29,335.26,0.29,6530.93,0.29,449.03,0.22,299.09,0.4,460.44,0.34,31.68,0.15,116.91,0.35,3340.84,0.16,3297.87,0.04,3296.05,0.15,53.96,0.1,0.1880038464830842
4.0,1.0,9.0,1.0,1.0,1.0,1.0,4.0,3.0,2.0,2.0,2.0,2.0,1.0,0.1363804932319673,0.1363804932319673,0.11628,0.93835,0.0290485389836928,2.3370577281191807,1183.1,0.48,0.0,1.0,543.9,0.35,77.23,0.42,1977.68,0.15,226.44,0.27,67.48,0.5,238.92,0.68,0.0,1.0,57.11,1.0,1533.12,1.0,1533.12,1.0,1533.12,0.23,0.0,1.0,0.1858750660455141
2.0,1.0,6.0,3.0,2.0,3.0,1.0,1.0,7.0,1.0,2.0,1.0,2.0,1.0,0.1840609367894497,0.1840609367894497,0.11796,1.91532,0.0265862036375383,1.8946188340807175,55660.13,0.32,110.18,0.0,1776346.43,0.2,346.7,0.0,105762.0,0.29,466.83,0.0,336.26,0.0,475.26,0.0,27.15,0.0,106.9,0.0,1003.26,0.19,0.57,0.04,0.56,0.2,45.27,0.0,0.2094334692677343
2.0,1.0,4.0,4.0,1.0,3.0,1.0,4.0,3.0,2.0,2.0,2.0,1.0,1.0,0.1715806715806715,0.1715806715806715,0.12509,1.84495,0.0285227450042129,2.0581854043392505,6244.21,0.45,0.0,1.0,3957.46,0.25,88.67,0.41,3909.45,0.14,144.41,0.2,100.61,0.52,184.72,0.34,0.0,1.0,49.69,0.35,1506.18,1.0,1506.18,1.0,1506.14,0.3,0.0,1.0,0.1413003708958526
3.0,1.0,6.0,4.0,2.0,4.0,1.0,3.0,3.0,2.0,1.0,2.0,1.0,1.0,0.1626321172860552,0.1626321172860552,0.10847,1.91265,0.024468612692735,2.06984126984127,243.71,0.5,0.0,1.0,388.78,0.28,76.36,0.42,124.9,0.15,121.88,0.21,56.16,0.51,122.2,0.33,0.0,1.0,22.87,0.34,933.89,1.0,933.89,1.0,320.47,0.32,0.0,1.0,0.1114434114410397
3.0,2.0,6.0,4.0,2.0,3.0,1.0,2.0,8.0,2.0,2.0,1.0,1.0,1.0,0.1703034435731333,0.169962495738152,0.09375,2.02052,0.0207652569760577,1.9191662430096592,566.87,0.39,59.72,0.31,573.27,0.23,248.63,0.28,540.35,0.28,344.02,0.21,218.99,0.41,353.59,0.34,18.48,0.14,49.21,0.33,576.15,0.1,682.66,0.04,682.66,0.2,48.41,0.1,0.1572052473512823
2.0,2.0,4.0,2.0,2.0,2.0,1.0,4.0,3.0,1.0,2.0,1.0,2.0,1.0,0.1728091728091728,0.173013923013923,0.12285,1.93077,0.0276205559111373,2.03909026297086,3932.21,0.55,0.0,1.0,191.39,0.29,114.75,0.43,1049.99,0.18,197.44,0.2,136.0,0.52,245.55,0.33,0.0,1.0,65.15,0.34,2096.52,1.0,2096.52,1.0,2096.51,0.23,0.0,1.0,0.1952677406804812
4.0,1.0,4.0,2.0,2.0,1.0,1.0,2.0,3.0,1.0,2.0,1.0,1.0,1.0,0.1325,0.138,0.1122,0.93462,0.0280238881476156,2.304383788254756,14.11,0.49,0.0,1.0,816.61,0.34,78.43,0.15,166.59,0.15,202.99,0.24,74.45,0.5,264.79,0.49,0.0,1.0,58.97,1.0,3806.88,1.0,4870.12,1.0,4870.12,0.25,0.0,1.0,0.2052152203640743
4.0,1.0,3.0,4.0,2.0,4.0,1.0,4.0,3.0,2.0,2.0,1.0,1.0,1.0,0.1557574633784535,0.1557574633784535,0.12202,0.94447,0.0304892466155289,2.3166202414113277,7688.46,0.39,0.0,1.0,23.18,0.3,73.75,0.42,4236.03,0.14,236.9,0.26,73.13,0.5,247.69,0.68,0.0,1.0,62.5,1.0,1541.47,1.0,1541.47,1.0,1540.39,0.28,0.0,1.0,0.2030738627539262
4.0,3.0,6.0,1.0,1.0,4.0,1.0,3.0,3.0,1.0,1.0,2.0,2.0,1.0,0.1521416651214537,0.1521416651214537,0.12104,0.94102,0.0302397220178027,2.3151571164510165,427.97,0.47,0.0,1.0,585.82,0.29,71.77,0.42,189.23,0.14,235.48,0.26,71.15,0.5,245.54,0.68,0.0,1.0,61.73,1.0,1548.92,1.0,1548.92,1.0,718.38,0.24,0.0,1.0,0.2042081456975074
2.0,3.0,3.0,3.0,1.0,1.0,1.0,4.0,3.0,1.0,2.0,1.0,1.0,1.0,0.1458617553433378,0.1458617553433378,0.12284,1.87838,0.0278587548999689,2.1389473684210527,1090.53,0.41,0.0,1.0,431.77,0.34,87.46,0.43,1313.45,0.17,157.32,0.23,88.82,0.53,159.52,0.34,0.0,1.0,46.43,0.35,1393.68,1.0,1393.68,1.0,1393.68,0.35,0.0,1.0,0.1516555095691786
4.0,2.0,8.0,2.0,1.0,2.0,1.0,3.0,3.0,1.0,1.0,1.0,2.0,1.0,0.19525310587799,0.19525310587799,0.11588,0.95455,0.0289604826018535,2.354609929078014,1108.02,0.43,0.0,1.0,728.07,0.27,94.71,0.16,202.59,0.16,260.15,0.27,84.83,0.5,272.94,0.68,0.0,1.0,67.71,1.0,1807.52,1.0,1807.52,1.0,719.17,0.24,0.0,1.0,0.1232454414272596
3.0,3.0,1.0,2.0,2.0,4.0,1.0,2.0,3.0,1.0,2.0,2.0,2.0,1.0,0.1638254347084896,0.1636549607909989,0.10933,1.90555,0.0246910817692291,2.0761904761904764,0.44,0.48,0.0,1.0,273.64,0.27,76.13,0.15,61.02,0.15,122.12,0.21,56.89,0.51,122.45,0.33,0.0,1.0,23.34,0.34,3801.47,1.0,2665.39,1.0,2665.36,0.28,0.0,1.0,0.118078647536971
3.0,3.0,6.0,3.0,2.0,3.0,1.0,2.0,8.0,1.0,1.0,2.0,2.0,1.0,0.1687691783157177,0.1691101261506989,0.09495,1.99158,0.0211326398007043,1.9194045174537988,550.65,0.28,55.7,0.31,569.65,0.23,245.45,0.29,534.03,0.29,341.51,0.21,214.56,0.41,350.12,0.35,19.35,0.14,50.24,0.33,529.16,0.18,621.45,0.05,621.45,0.19,50.26,0.1,0.1692461470357998
2.0,1.0,6.0,1.0,1.0,2.0,1.0,2.0,3.0,2.0,2.0,1.0,2.0,1.0,0.1972487494315598,0.198613005911778,0.11912,1.93979,0.0267440347897449,2.105069124423963,668.28,0.36,0.0,1.0,452.37,0.28,89.65,0.43,296.92,0.17,163.97,0.22,97.06,0.38,164.1,0.34,0.0,1.0,48.6,0.34,9359.4,1.0,4446.2,1.0,4446.14,0.27,0.0,1.0,0.1601981191399764
3.0,2.0,5.0,4.0,1.0,1.0,1.0,2.0,4.0,1.0,1.0,2.0,1.0,1.0,0.1508694169792021,0.1481418342993522,0.10459,2.13597,0.0227207906794728,1.8658777120315584,440.45,0.46,46.59,0.3,528.63,0.3,204.35,0.29,441.15,0.29,284.3,0.2,186.92,0.4,289.51,0.33,14.56,0.14,45.13,0.32,407.98,0.08,428.95,0.05,428.95,0.11,46.47,0.11,0.1218495193740595
3.0,1.0,5.0,2.0,2.0,1.0,1.0,4.0,6.0,2.0,1.0,2.0,1.0,1.0,0.1498465734742584,0.1498465734742584,0.08827,2.00237,0.0196106826425451,1.9228554979850316,2659.35,0.31,61.24,0.29,742.49,0.35,229.63,0.3,1691.24,0.3,290.96,0.21,186.05,0.4,304.68,0.34,14.52,0.15,38.65,0.33,2471.32,0.06,2039.54,0.05,2039.54,0.16,37.34,0.1,0.1340249253981067
2.0,1.0,2.0,3.0,2.0,1.0,1.0,1.0,7.0,1.0,1.0,1.0,2.0,1.0,0.1458617553433378,0.1458617553433378,0.11135,1.93447,0.0250178391043282,2.041089965397924,5.31,0.21,81.64,0.0,22621.56,0.28,280.12,0.0,96811.13,0.29,328.21,0.0,225.63,0.0,344.86,0.0,22.24,0.0,88.23,0.0,84.18,0.07,23.22,0.0,23.22,0.18,43.11,0.0,0.1565064391749644
4.0,1.0,8.0,1.0,2.0,2.0,1.0,3.0,3.0,2.0,2.0,2.0,1.0,1.0,0.1918227331726311,0.1918227331726311,0.11469,0.96286,0.0286695015801127,2.348497156783103,722.12,0.32,0.0,1.0,707.48,0.29,95.9,0.16,194.62,0.16,249.32,0.26,80.85,0.61,259.88,0.69,0.0,1.0,64.15,1.0,1754.74,1.0,1754.74,1.0,705.99,0.23,0.0,1.0,0.1662455842871273
3.0,4.0,6.0,3.0,1.0,4.0,1.0,5.0,4.0,2.0,2.0,2.0,2.0,1.0,0.1633140129560177,0.1633140129560177,0.09454,2.15272,0.0204811268134963,1.879946344735077,12.65,0.4,48.37,0.3,49.21,0.26,171.28,0.29,2319.17,0.29,279.84,0.2,172.23,0.4,287.48,0.33,11.89,0.14,36.26,0.32,1768.69,0.09,1611.1,0.05,1610.2,0.18,38.62,0.11,0.1360961029542864
3.0,1.0,7.0,3.0,2.0,1.0,1.0,2.0,3.0,2.0,2.0,2.0,2.0,1.0,0.1510398908966928,0.1515513126491647,0.10992,1.89121,0.0248828974442134,2.074484944532488,0.11,0.46,0.0,1.0,425.87,0.4,75.71,0.43,104.83,0.16,116.73,0.21,58.52,0.51,117.01,0.33,0.0,1.0,23.67,0.35,2027.03,1.0,2644.95,1.0,2644.95,0.24,0.0,1.0,0.1269608067654806
4.0,1.0,3.0,1.0,2.0,4.0,1.0,2.0,3.0,2.0,1.0,1.0,1.0,1.0,0.1521416651214537,0.1521416651214537,0.12104,0.94102,0.0302397220178027,2.3151571164510165,16.83,0.47,0.0,1.0,423.45,0.29,71.77,0.42,86.88,0.14,235.48,0.26,71.15,0.5,245.54,0.68,0.0,1.0,61.73,1.0,6759.51,1.0,4434.4,1.0,4434.35,0.24,0.0,1.0,0.2042081456975074
2.0,3.0,2.0,2.0,1.0,1.0,1.0,3.0,6.0,2.0,2.0,2.0,2.0,1.0,0.1440427467030468,0.1440427467030468,0.11742,2.00358,0.0260806579467193,1.9321203638908329,932.46,0.31,112.53,0.3,598.22,0.35,333.72,0.28,1321.57,0.28,428.75,0.22,313.26,0.4,442.49,0.34,31.49,0.14,113.66,0.33,154.14,0.16,267.91,0.03,270.95,0.14,42.53,0.1,0.1723943806464436
3.0,3.0,1.0,3.0,1.0,1.0,1.0,3.0,3.0,1.0,2.0,1.0,1.0,1.0,0.1510398908966928,0.1510398908966928,0.10964,1.8927,0.0248121119414479,2.076069730586371,224.35,0.41,0.0,1.0,296.08,0.39,75.83,0.16,119.62,0.16,116.29,0.21,58.16,0.51,117.13,0.33,0.0,1.0,23.56,0.35,934.46,1.0,934.46,1.0,274.43,0.35,0.0,1.0,0.1135008272997172
2.0,1.0,1.0,2.0,1.0,1.0,1.0,1.0,8.0,1.0,2.0,2.0,2.0,1.0,0.1440427467030468,0.1440427467030468,0.10804,1.90285,0.0243995863385739,2.069601677148847,69.41,0.22,88.08,0.0,23568.13,0.33,280.73,0.0,101725.87,0.29,347.87,0.0,231.82,0.0,364.11,0.0,22.62,0.0,87.36,0.0,67.97,0.09,33.0,0.01,33.0,0.14,46.49,0.0,0.1136832300014921
3.0,2.0,7.0,1.0,2.0,2.0,1.0,2.0,2.0,1.0,2.0,1.0,2.0,1.0,0.1922945789294238,0.1916126832594613,0.102,2.33784,0.0214077886039118,1.9022881880024736,606.56,0.4,44.01,0.29,541.39,0.23,188.39,0.24,391.4,0.24,261.2,0.19,165.62,0.39,264.1,0.31,19.43,0.08,44.92,0.3,818.31,0.1,6752.9,1.0,6752.89,0.26,29.0,0.05,0.1420871738790814
4.0,2.0,7.0,2.0,1.0,2.0,1.0,4.0,3.0,1.0,1.0,2.0,1.0,1.0,0.1916373076209901,0.1916373076209901,0.11571,0.9534,0.0289169300365619,2.3366186504927975,3691.17,0.45,0.0,1.0,268.65,0.3,93.8,0.16,1389.05,0.16,261.58,0.26,84.01,0.5,274.47,0.68,0.0,1.0,69.59,1.0,1883.06,1.0,1883.06,1.0,1883.05,0.22,0.0,1.0,0.1592395738022797
2.0,2.0,6.0,1.0,2.0,3.0,1.0,2.0,3.0,2.0,1.0,1.0,2.0,1.0,0.1715552523874488,0.1715552523874488,0.13473,1.8904,0.0304960967837899,1.9894551845342707,660.48,0.4,0.0,1.0,204.44,0.27,96.42,0.41,121.97,0.14,205.77,0.22,109.88,0.52,209.79,0.34,0.0,1.0,62.17,0.35,6940.0,1.0,4607.89,1.0,4607.88,0.26,0.0,1.0,0.2197752808988764
3.0,4.0,7.0,2.0,2.0,2.0,1.0,2.0,2.0,2.0,2.0,1.0,2.0,1.0,0.1922945789294238,0.1916126832594613,0.102,2.33784,0.0214077886039118,1.9022881880024736,606.56,0.4,44.01,0.29,541.39,0.23,188.39,0.24,391.4,0.24,261.2,0.19,165.62,0.39,264.1,0.31,19.43,0.08,44.92,0.3,818.31,0.1,6752.9,1.0,6752.89,0.26,29.0,0.05,0.1420871738790814
4.0,1.0,9.0,3.0,1.0,1.0,1.0,1.0,3.0,2.0,1.0,1.0,1.0,1.0,0.1370294826627109,0.1370294826627109,0.08742,0.90851,0.0218074148365363,2.4378927017883036,55212.6,0.48,30.69,0.0,30003.15,0.39,177.12,0.0,145746.35,0.25,307.99,0.0,137.88,0.0,329.81,0.0,21.57,0.0,65.31,0.0,2917.27,1.0,2917.27,1.0,2917.27,0.3,38.07,0.0,0.1303791825143415
3.0,3.0,3.0,1.0,2.0,4.0,1.0,4.0,3.0,1.0,2.0,2.0,1.0,1.0,0.1638254347084896,0.1638254347084896,0.10933,1.90555,0.0246910817692291,2.0761904761904764,3729.92,0.48,0.0,1.0,23.84,0.27,76.13,0.15,2008.83,0.15,122.12,0.21,56.89,0.51,122.45,0.33,0.0,1.0,23.34,0.34,932.96,1.0,932.96,1.0,932.3,0.26,0.0,1.0,0.118078647536971
4.0,2.0,9.0,4.0,1.0,4.0,1.0,5.0,3.0,1.0,1.0,2.0,1.0,1.0,0.1588169849805303,0.1588169849805303,0.12327,0.94643,0.030801751128586,2.3248145094806265,25.23,0.47,0.0,1.0,39.71,0.3,80.48,0.42,3599.86,0.14,254.89,0.26,82.75,0.61,266.59,0.68,0.0,1.0,72.21,1.0,1734.33,1.0,1734.33,1.0,1733.29,0.29,0.0,1.0,0.1933233772856414
3.0,2.0,9.0,2.0,2.0,1.0,1.0,5.0,3.0,1.0,2.0,1.0,2.0,1.0,0.1449028298670303,0.1449028298670303,0.11632,1.88298,0.0263632447122809,1.9944751381215469,36.14,0.46,0.0,1.0,368.53,0.39,78.9,0.16,790.5,0.16,120.64,0.22,65.09,0.51,118.81,0.34,0.0,1.0,29.35,0.35,1086.5,1.0,1086.5,1.0,1086.5,0.2,0.0,1.0,0.1226559682654165
4.0,3.0,5.0,3.0,2.0,3.0,1.0,3.0,3.0,2.0,2.0,1.0,2.0,1.0,0.1808826256258112,0.1808826256258112,0.12553,0.94743,0.0313698420003068,2.3125,417.69,0.53,0.0,1.0,586.1,0.26,71.67,0.41,223.6,0.14,238.07,0.26,72.37,0.51,249.99,0.69,0.0,1.0,63.76,1.0,1489.3,1.0,1489.3,1.0,626.73,0.29,0.0,1.0,0.2005086945552616
2.0,3.0,9.0,2.0,2.0,4.0,1.0,5.0,5.0,2.0,1.0,2.0,1.0,1.0,0.1616643929058663,0.1616643929058663,0.11344,2.0539,0.0249857662637944,1.9023799919322308,6452.5,0.3,106.61,0.3,117.1,0.28,341.48,0.29,4008.1,0.29,364.69,0.21,312.43,0.39,371.39,0.34,29.64,0.15,89.79,0.33,3059.06,0.15,2901.82,0.05,2900.48,0.14,52.44,0.11,0.1622654395122257
2.0,4.0,4.0,1.0,2.0,4.0,1.0,3.0,3.0,1.0,2.0,1.0,2.0,1.0,0.1565315315315315,0.1565315315315315,0.12581,1.89414,0.0284582582475422,1.9978070175438596,672.03,0.52,0.0,1.0,827.09,0.32,107.71,0.41,282.64,0.15,205.44,0.2,135.05,0.51,253.23,0.33,0.0,1.0,65.47,0.35,2052.25,1.0,2052.25,1.0,844.88,0.22,0.0,1.0,0.1621504153839843
4.0,2.0,7.0,1.0,2.0,1.0,1.0,3.0,3.0,1.0,2.0,1.0,2.0,1.0,0.1475060263304283,0.1475060263304283,0.11881,0.93251,0.0296738111178818,2.329143754909662,759.22,0.48,0.0,1.0,544.79,0.34,90.6,0.43,206.74,0.15,258.98,0.26,78.24,0.5,272.12,0.68,0.0,1.0,70.52,1.0,1819.12,1.0,1819.12,1.0,729.87,0.23,0.0,1.0,0.1206894129688038
3.0,3.0,6.0,2.0,2.0,1.0,1.0,5.0,3.0,2.0,1.0,2.0,2.0,1.0,0.1498465734742584,0.1498465734742584,0.11035,1.89717,0.0249558402114587,2.071090047393365,3458.79,0.46,0.0,1.0,309.17,0.39,75.73,0.16,748.61,0.16,115.75,0.21,58.4,0.51,116.79,0.33,0.0,1.0,23.87,0.35,938.15,1.0,938.15,1.0,938.15,0.22,0.0,1.0,0.1482703355135843
4.0,1.0,3.0,2.0,2.0,1.0,1.0,4.0,3.0,2.0,2.0,1.0,2.0,1.0,0.1363804932319673,0.1363804932319673,0.11628,0.93835,0.0290485389836928,2.3370577281191807,1183.1,0.48,0.0,1.0,543.9,0.35,77.23,0.42,1977.68,0.15,226.44,0.27,67.48,0.5,238.92,0.68,0.0,1.0,57.11,1.0,1533.12,1.0,1533.12,1.0,1533.12,0.23,0.0,1.0,0.1858750660455141
4.0,3.0,9.0,2.0,1.0,2.0,1.0,2.0,3.0,1.0,1.0,2.0,2.0,1.0,0.1918227331726311,0.1918227331726311,0.11469,0.96286,0.0286695015801127,2.348497156783103,682.76,0.32,0.0,1.0,442.54,0.29,95.9,0.16,240.02,0.16,249.32,0.26,80.85,0.61,259.88,0.69,0.0,1.0,64.15,1.0,11016.71,1.0,5101.9,1.0,5101.9,0.22,0.0,1.0,0.1662455842871273
3.0,3.0,4.0,4.0,2.0,4.0,1.0,2.0,4.0,2.0,1.0,2.0,1.0,1.0,0.164004914004914,0.164004914004914,0.11495,2.03446,0.0254022024573408,1.87731196054254,450.4,0.26,45.59,0.3,531.24,0.28,194.59,0.28,461.14,0.28,280.33,0.18,201.18,0.39,343.1,0.34,24.66,0.15,59.58,0.33,522.66,0.17,410.93,0.05,410.93,0.19,46.3,0.11,0.2016622883956909
2.0,1.0,3.0,1.0,2.0,4.0,1.0,5.0,4.0,2.0,1.0,1.0,2.0,1.0,0.1616643929058663,0.1616643929058663,0.11839,2.05194,0.0260852191551626,1.885268471776044,5696.68,0.29,99.93,0.3,106.1,0.26,262.9,0.29,3494.57,0.29,352.56,0.21,247.05,0.4,358.09,0.34,25.82,0.14,85.2,0.33,2655.72,0.16,2593.53,0.04,2592.34,0.16,49.38,0.1,0.1907773880807844
2.0,2.0,3.0,3.0,1.0,1.0,1.0,1.0,7.0,2.0,1.0,1.0,1.0,1.0,0.1551841746248294,0.1551841746248294,0.10786,1.91867,0.0242975461307733,2.0018754688672167,69021.45,0.43,95.61,0.0,26747.29,0.3,300.77,0.0,112313.81,0.29,391.37,0.0,268.26,0.0,405.3,0.0,26.44,0.0,93.92,0.0,169.16,0.02,16.94,0.0,16.94,0.16,47.68,0.0,0.180643910830574
4.0,4.0,9.0,4.0,2.0,1.0,1.0,4.0,3.0,2.0,2.0,2.0,2.0,1.0,0.1479695902095308,0.1479695902095308,0.11852,0.93612,0.0296062217565726,2.356369691923397,199.03,0.52,0.0,1.0,603.91,0.33,89.76,0.43,2252.95,0.15,245.76,0.27,81.02,0.61,258.2,0.68,0.0,1.0,67.04,1.0,1710.26,1.0,1710.26,1.0,1710.26,0.29,0.0,1.0,0.1211860660088747
4.0,3.0,9.0,1.0,2.0,2.0,1.0,4.0,3.0,2.0,1.0,1.0,1.0,1.0,0.1918227331726311,0.1925644353791952,0.11469,0.96286,0.0286695015801127,2.348497156783103,73.84,0.32,0.0,1.0,255.86,0.29,95.9,0.16,1320.02,0.16,249.32,0.26,80.85,0.61,259.88,0.69,0.0,1.0,64.15,1.0,1754.74,1.0,1754.74,1.0,1754.73,0.23,0.0,1.0,0.1662455842871273
2.0,3.0,8.0,2.0,1.0,4.0,1.0,3.0,6.0,1.0,2.0,1.0,2.0,1.0,0.1616643929058663,0.1616643929058663,0.11875,2.01283,0.0263351208743197,1.902129120879121,933.25,0.29,120.95,0.3,1319.03,0.28,339.39,0.28,1533.54,0.28,448.8,0.22,324.27,0.4,458.27,0.34,34.06,0.14,116.48,0.33,801.38,0.17,147.46,0.03,267.64,0.16,45.8,0.1,0.1813353261312253
