,pf,block clean threshold,weighting schema,matching threshold,stop count,av sim,sim q1,sim q2,sim q3,sample f-score,f-score
0,0,0.05,0,0.05,21285,0.16796,0.07143,0.10526,0.15385,0.28791,0.04259
1,0,0.05,0,0.1625,21285,0.16796,0.07143,0.10526,0.15385,0.53873,0.11462
2,0,0.05,0,0.275,21285,0.16796,0.07143,0.10526,0.15385,0.54132,0.11783
3,0,0.05,0,0.3875,21285,0.16796,0.07143,0.10526,0.15385,0.84962,0.35055
4,0,0.05,0,0.5,21285,0.16796,0.07143,0.10526,0.15385,0.97414,0.90024
5,0,0.05,0,0.6125,21285,0.16796,0.07143,0.10526,0.15385,0.94222,0.94193
6,0,0.05,0,0.725,21285,0.16796,0.07143,0.10526,0.15385,0.0,0.96247
7,0,0.05,0,0.8375,21285,0.16796,0.07143,0.10526,0.15385,0.0,0.92667
8,0,0.05,0,0.95,21285,0.16796,0.07143,0.10526,0.15385,0.0,0.78195
9,0,0.05,1,0.05,30598,0.17993,0.11111,0.13333,0.16667,0.22013,0.02595
10,0,0.05,1,0.1625,30598,0.17993,0.11111,0.13333,0.16667,0.49553,0.09069
11,0,0.05,1,0.275,30598,0.17993,0.11111,0.13333,0.16667,0.49775,0.09245
12,0,0.05,1,0.3875,30598,0.17993,0.11111,0.13333,0.16667,0.78724,0.26165
13,0,0.05,1,0.5,30598,0.17993,0.11111,0.13333,0.16667,0.96522,0.90834
14,0,0.05,1,0.6125,30598,0.17993,0.11111,0.13333,0.16667,0.93274,0.94593
15,0,0.05,1,0.725,30598,0.17993,0.11111,0.13333,0.16667,0.0,0.96303
16,0,0.05,1,0.8375,30598,0.17993,0.11111,0.13333,0.16667,0.0,0.92352
17,0,0.05,1,0.95,30598,0.17993,0.11111,0.13333,0.16667,0.0,0.77896
18,0,0.05,2,0.05,32077,0.17331,0.10526,0.125,0.15385,0.22137,0.02555
19,0,0.05,2,0.1625,32077,0.17331,0.10526,0.125,0.15385,0.48183,0.08793
20,0,0.05,2,0.275,32077,0.17331,0.10526,0.125,0.15385,0.48384,0.0897
21,0,0.05,2,0.3875,32077,0.17331,0.10526,0.125,0.15385,0.80555,0.25814
22,0,0.05,2,0.5,32077,0.17331,0.10526,0.125,0.15385,0.98723,0.90467
23,0,0.05,2,0.6125,32077,0.17331,0.10526,0.125,0.15385,0.95385,0.94549
24,0,0.05,2,0.725,32077,0.17331,0.10526,0.125,0.15385,0.0,0.96385
25,0,0.05,2,0.8375,32077,0.17331,0.10526,0.125,0.15385,0.0,0.92769
26,0,0.05,2,0.95,32077,0.17331,0.10526,0.125,0.15385,0.0,0.78294
27,0,0.05,3,0.05,35056,0.15422,0.09091,0.11765,0.14286,0.2053,0.02137
28,0,0.05,3,0.1625,35056,0.15422,0.09091,0.11765,0.14286,0.41392,0.0581
29,0,0.05,3,0.275,35056,0.15422,0.09091,0.11765,0.14286,0.4154,0.05904
30,0,0.05,3,0.3875,35056,0.15422,0.09091,0.11765,0.14286,0.80555,0.24699
31,0,0.05,3,0.5,35056,0.15422,0.09091,0.11765,0.14286,0.98723,0.89862
32,0,0.05,3,0.6125,35056,0.15422,0.09091,0.11765,0.14286,0.95385,0.94367
33,0,0.05,3,0.725,35056,0.15422,0.09091,0.11765,0.14286,0.0,0.96385
34,0,0.05,3,0.8375,35056,0.15422,0.09091,0.11765,0.14286,0.0,0.92769
35,0,0.05,3,0.95,35056,0.15422,0.09091,0.11765,0.14286,0.0,0.78294
36,0,0.1625,0,0.05,12132,0.20972,0.07692,0.11111,0.18182,0.38127,0.06752
37,0,0.1625,0,0.1625,12132,0.20972,0.07692,0.11111,0.18182,0.65497,0.18272
38,0,0.1625,0,0.275,12132,0.20972,0.07692,0.11111,0.18182,0.65882,0.18983
39,0,0.1625,0,0.3875,12132,0.20972,0.07692,0.11111,0.18182,0.88363,0.44182
40,0,0.1625,0,0.5,12132,0.20972,0.07692,0.11111,0.18182,0.9697,0.90291
41,0,0.1625,0,0.6125,12132,0.20972,0.07692,0.11111,0.18182,0.94222,0.94158
42,0,0.1625,0,0.725,12132,0.20972,0.07692,0.11111,0.18182,0.0,0.96131
43,0,0.1625,0,0.8375,12132,0.20972,0.07692,0.11111,0.18182,0.0,0.9259
44,0,0.1625,0,0.95,12132,0.20972,0.07692,0.11111,0.18182,0.0,0.78128
45,0,0.1625,1,0.05,9498,0.30293,0.14286,0.18182,0.23529,0.34162,0.04832
46,0,0.1625,1,0.1625,9498,0.30293,0.14286,0.18182,0.23529,0.77876,0.21737
47,0,0.1625,1,0.275,9498,0.30293,0.14286,0.18182,0.23529,0.78431,0.22539
48,0,0.1625,1,0.3875,9498,0.30293,0.14286,0.18182,0.23529,0.83175,0.34172
49,0,0.1625,1,0.5,9498,0.30293,0.14286,0.18182,0.23529,0.9607,0.91749
50,0,0.1625,1,0.6125,9498,0.30293,0.14286,0.18182,0.23529,0.93274,0.94728
51,0,0.1625,1,0.725,9498,0.30293,0.14286,0.18182,0.23529,0.0,0.96253
52,0,0.1625,1,0.8375,9498,0.30293,0.14286,0.18182,0.23529,0.0,0.92275
53,0,0.1625,1,0.95,9498,0.30293,0.14286,0.18182,0.23529,0.0,0.77863
54,0,0.1625,2,0.05,12342,0.22995,0.1,0.14286,0.2,0.32061,0.04364
55,0,0.1625,2,0.1625,12342,0.22995,0.1,0.14286,0.2,0.67151,0.17036
56,0,0.1625,2,0.275,12342,0.22995,0.1,0.14286,0.2,0.67543,0.17607
57,0,0.1625,2,0.3875,12342,0.22995,0.1,0.14286,0.2,0.84306,0.32752
58,0,0.1625,2,0.5,12342,0.22995,0.1,0.14286,0.2,0.98507,0.91265
59,0,0.1625,2,0.6125,12342,0.22995,0.1,0.14286,0.2,0.95385,0.94631
60,0,0.1625,2,0.725,12342,0.22995,0.1,0.14286,0.2,0.0,0.96385
61,0,0.1625,2,0.8375,12342,0.22995,0.1,0.14286,0.2,0.0,0.92769
62,0,0.1625,2,0.95,12342,0.22995,0.1,0.14286,0.2,0.0,0.78294
63,0,0.1625,3,0.05,14329,0.19763,0.09091,0.125,0.18182,0.30596,0.03411
64,0,0.1625,3,0.1625,14329,0.19763,0.09091,0.125,0.18182,0.60789,0.10866
65,0,0.1625,3,0.275,14329,0.19763,0.09091,0.125,0.18182,0.61111,0.11139
66,0,0.1625,3,0.3875,14329,0.19763,0.09091,0.125,0.18182,0.84306,0.30037
67,0,0.1625,3,0.5,14329,0.19763,0.09091,0.125,0.18182,0.98507,0.90991
68,0,0.1625,3,0.6125,14329,0.19763,0.09091,0.125,0.18182,0.95385,0.94613
69,0,0.1625,3,0.725,14329,0.19763,0.09091,0.125,0.18182,0.0,0.96385
70,0,0.1625,3,0.8375,14329,0.19763,0.09091,0.125,0.18182,0.0,0.92769
71,0,0.1625,3,0.95,14329,0.19763,0.09091,0.125,0.18182,0.0,0.78294
72,0,0.275,0,0.05,5999,0.29434,0.07692,0.13333,0.25,0.52153,0.11067
73,0,0.275,0,0.1625,5999,0.29434,0.07692,0.13333,0.25,0.75986,0.27509
74,0,0.275,0,0.275,5999,0.29434,0.07692,0.13333,0.25,0.76535,0.28877
75,0,0.275,0,0.3875,5999,0.29434,0.07692,0.13333,0.25,0.89263,0.54636
76,0,0.275,0,0.5,5999,0.29434,0.07692,0.13333,0.25,0.94222,0.90582
77,0,0.275,0,0.6125,5999,0.29434,0.07692,0.13333,0.25,0.91572,0.94069
78,0,0.275,0,0.725,5999,0.29434,0.07692,0.13333,0.25,0.0,0.95964
79,0,0.275,0,0.8375,5999,0.29434,0.07692,0.13333,0.25,0.0,0.92384
80,0,0.275,0,0.95,5999,0.29434,0.07692,0.13333,0.25,0.0,0.77896
81,0,0.275,1,0.05,3077,0.53238,0.1875,0.29412,1.0,0.5853,0.13561
82,0,0.275,1,0.1625,3077,0.53238,0.1875,0.29412,1.0,0.86147,0.44875
83,0,0.275,1,0.275,3077,0.53238,0.1875,0.29412,1.0,0.869,0.47367
84,0,0.275,1,0.3875,3077,0.53238,0.1875,0.29412,1.0,0.87665,0.5548
85,0,0.275,1,0.5,3077,0.53238,0.1875,0.29412,1.0,0.91076,0.91653
86,0,0.275,1,0.6125,3077,0.53238,0.1875,0.29412,1.0,0.88263,0.94317
87,0,0.275,1,0.725,3077,0.53238,0.1875,0.29412,1.0,0.0,0.95609
88,0,0.275,1,0.8375,3077,0.53238,0.1875,0.29412,1.0,0.0,0.91575
89,0,0.275,1,0.95,3077,0.53238,0.1875,0.29412,1.0,0.0,0.77226
90,0,0.275,2,0.05,4371,0.37798,0.11111,0.2,0.77778,0.54369,0.10526
91,0,0.275,2,0.1625,4371,0.37798,0.11111,0.2,0.77778,0.82353,0.33389
92,0,0.275,2,0.275,4371,0.37798,0.11111,0.2,0.77778,0.82963,0.35111
93,0,0.275,2,0.3875,4371,0.37798,0.11111,0.2,0.77778,0.90688,0.5074
94,0,0.275,2,0.5,4371,0.37798,0.11111,0.2,0.77778,0.9697,0.91835
95,0,0.275,2,0.6125,4371,0.37798,0.11111,0.2,0.77778,0.93987,0.94843
96,0,0.275,2,0.725,4371,0.37798,0.11111,0.2,0.77778,0.0,0.96333
97,0,0.275,2,0.8375,4371,0.37798,0.11111,0.2,0.77778,0.0,0.92667
98,0,0.275,2,0.95,4371,0.37798,0.11111,0.2,0.77778,0.0,0.78195
99,0,0.275,3,0.05,3782,0.39949,0.11111,0.2,1.0,0.57509,0.06409
100,0,0.275,3,0.1625,3782,0.39949,0.11111,0.2,1.0,0.83117,0.20284
101,0,0.275,3,0.275,3782,0.39949,0.11111,0.2,1.0,0.83738,0.21053
102,0,0.275,3,0.3875,3782,0.39949,0.11111,0.2,1.0,0.91242,0.41303
103,0,0.275,3,0.5,3782,0.39949,0.11111,0.2,1.0,0.9697,0.91439
104,0,0.275,3,0.6125,3782,0.39949,0.11111,0.2,1.0,0.93987,0.94742
105,0,0.275,3,0.725,3782,0.39949,0.11111,0.2,1.0,0.0,0.96247
106,0,0.275,3,0.8375,3782,0.39949,0.11111,0.2,1.0,0.0,0.92667
107,0,0.275,3,0.95,3782,0.39949,0.11111,0.2,1.0,0.0,0.78195
108,0,0.3875,0,0.05,3659,0.37857,0.07692,0.15385,1.0,0.60968,0.19644
109,0,0.3875,0,0.1625,3659,0.37857,0.07692,0.15385,1.0,0.76364,0.40692
110,0,0.3875,0,0.275,3659,0.37857,0.07692,0.15385,1.0,0.76986,0.42991
111,0,0.3875,0,0.3875,3659,0.37857,0.07692,0.15385,1.0,0.85135,0.66246
112,0,0.3875,0,0.5,3659,0.37857,0.07692,0.15385,1.0,0.88525,0.90779
113,0,0.3875,0,0.6125,3659,0.37857,0.07692,0.15385,1.0,0.85577,0.93528
114,0,0.3875,0,0.725,3659,0.37857,0.07692,0.15385,1.0,0.0,0.95019
115,0,0.3875,0,0.8375,3659,0.37857,0.07692,0.15385,1.0,0.0,0.91452
116,0,0.3875,0,0.95,3659,0.37857,0.07692,0.15385,1.0,0.0,0.76923
117,0,0.3875,1,0.05,1565,0.7287,0.3,1.0,1.0,0.69899,0.33673
118,0,0.3875,1,0.1625,1565,0.7287,0.3,1.0,1.0,0.81991,0.65718
119,0,0.3875,1,0.275,1565,0.7287,0.3,1.0,1.0,0.82775,0.6973
120,0,0.3875,1,0.3875,1565,0.7287,0.3,1.0,1.0,0.83173,0.74919
121,0,0.3875,1,0.5,1565,0.7287,0.3,1.0,1.0,0.84185,0.91659
122,0,0.3875,1,0.6125,1565,0.7287,0.3,1.0,1.0,0.81592,0.93955
123,0,0.3875,1,0.725,1565,0.7287,0.3,1.0,1.0,0.0,0.94424
124,0,0.3875,1,0.8375,1565,0.7287,0.3,1.0,1.0,0.0,0.90267
125,0,0.3875,1,0.95,1565,0.7287,0.3,1.0,1.0,0.0,0.75989
126,0,0.3875,2,0.05,1803,0.66979,0.23077,1.0,1.0,0.77037,0.21827
127,0,0.3875,2,0.1625,1803,0.66979,0.23077,1.0,1.0,0.90632,0.49699
128,0,0.3875,2,0.275,1803,0.66979,0.23077,1.0,1.0,0.91429,0.52647
129,0,0.3875,2,0.3875,1803,0.66979,0.23077,1.0,1.0,0.9224,0.67644
130,0,0.3875,2,0.5,1803,0.66979,0.23077,1.0,1.0,0.93274,0.92117
131,0,0.3875,2,0.6125,1803,0.66979,0.23077,1.0,1.0,0.90575,0.94948
132,0,0.3875,2,0.725,1803,0.66979,0.23077,1.0,1.0,0.0,0.96178
133,0,0.3875,2,0.8375,1803,0.66979,0.23077,1.0,1.0,0.0,0.92384
134,0,0.3875,2,0.95,1803,0.66979,0.23077,1.0,1.0,0.0,0.77963
135,0,0.3875,3,0.05,2053,0.53413,0.125,0.30385,1.0,0.73592,0.16629
136,0,0.3875,3,0.1625,2053,0.53413,0.125,0.30385,1.0,0.87815,0.41644
137,0,0.3875,3,0.275,2053,0.53413,0.125,0.30385,1.0,0.88559,0.44014
138,0,0.3875,3,0.3875,2053,0.53413,0.125,0.30385,1.0,0.92478,0.62568
139,0,0.3875,3,0.5,2053,0.53413,0.125,0.30385,1.0,0.93512,0.91982
140,0,0.3875,3,0.6125,2053,0.53413,0.125,0.30385,1.0,0.90826,0.94824
141,0,0.3875,3,0.725,2053,0.53413,0.125,0.30385,1.0,0.0,0.96091
142,0,0.3875,3,0.8375,2053,0.53413,0.125,0.30385,1.0,0.0,0.92384
143,0,0.3875,3,0.95,2053,0.53413,0.125,0.30385,1.0,0.0,0.77963
144,0,0.5,0,0.05,1885,0.52176,0.11111,0.25,1.0,0.65678,0.29753
145,0,0.5,0,0.1625,1885,0.52176,0.11111,0.25,1.0,0.72941,0.5162
146,0,0.5,0,0.275,1885,0.52176,0.11111,0.25,1.0,0.73634,0.54813
147,0,0.5,0,0.3875,1885,0.52176,0.11111,0.25,1.0,0.77307,0.74007
148,0,0.5,0,0.5,1885,0.52176,0.11111,0.25,1.0,0.7888,0.90495
149,0,0.5,0,0.6125,1885,0.52176,0.11111,0.25,1.0,0.76041,0.92776
150,0,0.5,0,0.725,1885,0.52176,0.11111,0.25,1.0,0.0,0.94045
151,0,0.5,0,0.8375,1885,0.52176,0.11111,0.25,1.0,0.0,0.90022
152,0,0.5,0,0.95,1885,0.52176,0.11111,0.25,1.0,0.0,0.75694
153,0,0.5,1,0.05,855,0.87312,1.0,1.0,1.0,0.65804,0.50896
154,0,0.5,1,0.1625,855,0.87312,1.0,1.0,1.0,0.68464,0.72924
155,0,0.5,1,0.275,855,0.87312,1.0,1.0,1.0,0.6921,0.77153
156,0,0.5,1,0.3875,855,0.87312,1.0,1.0,1.0,0.6921,0.80936
157,0,0.5,1,0.5,855,0.87312,1.0,1.0,1.0,0.6959,0.90093
158,0,0.5,1,0.6125,855,0.87312,1.0,1.0,1.0,0.67778,0.92047
159,0,0.5,1,0.725,855,0.87312,1.0,1.0,1.0,0.0,0.92461
160,0,0.5,1,0.8375,855,0.87312,1.0,1.0,1.0,0.0,0.88407
161,0,0.5,1,0.95,855,0.87312,1.0,1.0,1.0,0.0,0.74379
162,0,0.5,2,0.05,1048,0.85426,1.0,1.0,1.0,0.78161,0.36425
163,0,0.5,2,0.1625,1048,0.85426,1.0,1.0,1.0,0.81731,0.63325
164,0,0.5,2,0.275,1048,0.85426,1.0,1.0,1.0,0.82524,0.67427
165,0,0.5,2,0.3875,1048,0.85426,1.0,1.0,1.0,0.82927,0.77517
166,0,0.5,2,0.5,1048,0.85426,1.0,1.0,1.0,0.83333,0.92124
167,0,0.5,2,0.6125,1048,0.85426,1.0,1.0,1.0,0.81592,0.94563
168,0,0.5,2,0.725,1048,0.85426,1.0,1.0,1.0,0.0,0.95585
169,0,0.5,2,0.8375,1048,0.85426,1.0,1.0,1.0,0.0,0.91869
170,0,0.5,2,0.95,1048,0.85426,1.0,1.0,1.0,0.0,0.77596
171,0,0.5,3,0.05,1280,0.70764,0.23077,1.0,1.0,0.76659,0.26351
172,0,0.5,3,0.1625,1280,0.70764,0.23077,1.0,1.0,0.8384,0.53417
173,0,0.5,3,0.275,1280,0.70764,0.23077,1.0,1.0,0.84633,0.56824
174,0,0.5,3,0.3875,1280,0.70764,0.23077,1.0,1.0,0.85646,0.71999
175,0,0.5,3,0.5,1280,0.70764,0.23077,1.0,1.0,0.85851,0.92082
176,0,0.5,3,0.6125,1280,0.70764,0.23077,1.0,1.0,0.83619,0.94549
177,0,0.5,3,0.725,1280,0.70764,0.23077,1.0,1.0,0.0,0.95613
178,0,0.5,3,0.8375,1280,0.70764,0.23077,1.0,1.0,0.0,0.9192
179,0,0.5,3,0.95,1280,0.70764,0.23077,1.0,1.0,0.0,0.77596
180,0,0.6125,0,0.05,223,0.96546,1.0,1.0,1.0,0.25455,0.50375
181,0,0.6125,0,0.1625,223,0.96546,1.0,1.0,1.0,0.25455,0.68763
182,0,0.6125,0,0.275,223,0.96546,1.0,1.0,1.0,0.25642,0.7094
183,0,0.6125,0,0.3875,223,0.96546,1.0,1.0,1.0,0.25642,0.8
184,0,0.6125,0,0.5,223,0.96546,1.0,1.0,1.0,0.25642,0.85728
185,0,0.6125,0,0.6125,223,0.96546,1.0,1.0,1.0,0.25,0.86903
186,0,0.6125,0,0.725,223,0.96546,1.0,1.0,1.0,0.0,0.87275
187,0,0.6125,0,0.8375,223,0.96546,1.0,1.0,1.0,0.0,0.8336
188,0,0.6125,0,0.95,223,0.96546,1.0,1.0,1.0,0.0,0.69557
189,0,0.6125,1,0.05,223,0.96546,1.0,1.0,1.0,0.25455,0.64804
190,0,0.6125,1,0.1625,223,0.96546,1.0,1.0,1.0,0.25455,0.72145
191,0,0.6125,1,0.275,223,0.96546,1.0,1.0,1.0,0.25642,0.73982
192,0,0.6125,1,0.3875,223,0.96546,1.0,1.0,1.0,0.25642,0.7586
193,0,0.6125,1,0.5,223,0.96546,1.0,1.0,1.0,0.25642,0.79448
194,0,0.6125,1,0.6125,223,0.96546,1.0,1.0,1.0,0.25,0.80529
195,0,0.6125,1,0.725,223,0.96546,1.0,1.0,1.0,0.0,0.80592
196,0,0.6125,1,0.8375,223,0.96546,1.0,1.0,1.0,0.0,0.76711
197,0,0.6125,1,0.95,223,0.96546,1.0,1.0,1.0,0.0,0.63894
198,0,0.6125,2,0.05,550,0.83794,1.0,1.0,1.0,0.49552,0.59472
199,0,0.6125,2,0.1625,550,0.83794,1.0,1.0,1.0,0.50455,0.74435
200,0,0.6125,2,0.275,550,0.83794,1.0,1.0,1.0,0.50764,0.78007
201,0,0.6125,2,0.3875,550,0.83794,1.0,1.0,1.0,0.51393,0.82732
202,0,0.6125,2,0.5,550,0.83794,1.0,1.0,1.0,0.51713,0.891
203,0,0.6125,2,0.6125,550,0.83794,1.0,1.0,1.0,0.50784,0.90759
204,0,0.6125,2,0.725,550,0.83794,1.0,1.0,1.0,0.0,0.90935
205,0,0.6125,2,0.8375,550,0.83794,1.0,1.0,1.0,0.0,0.87141
206,0,0.6125,2,0.95,550,0.83794,1.0,1.0,1.0,0.0,0.73558
207,0,0.6125,3,0.05,543,0.83639,1.0,1.0,1.0,0.49102,0.5374
208,0,0.6125,3,0.1625,543,0.83639,1.0,1.0,1.0,0.5,0.72038
209,0,0.6125,3,0.275,543,0.83639,1.0,1.0,1.0,0.50307,0.75825
210,0,0.6125,3,0.3875,543,0.83639,1.0,1.0,1.0,0.50932,0.82162
211,0,0.6125,3,0.5,543,0.83639,1.0,1.0,1.0,0.5125,0.89366
212,0,0.6125,3,0.6125,543,0.83639,1.0,1.0,1.0,0.50314,0.91119
213,0,0.6125,3,0.725,543,0.83639,1.0,1.0,1.0,0.0,0.91947
214,0,0.6125,3,0.8375,543,0.83639,1.0,1.0,1.0,0.0,0.88071
215,0,0.6125,3,0.95,543,0.83639,1.0,1.0,1.0,0.0,0.74087
216,0,0.725,0,0.05,288,0.62019,0.16667,1.0,1.0,0.18572,0.54185
217,0,0.725,0,0.1625,288,0.62019,0.16667,1.0,1.0,0.19259,0.65029
218,0,0.725,0,0.275,288,0.62019,0.16667,1.0,1.0,0.19403,0.66352
219,0,0.725,0,0.3875,288,0.62019,0.16667,1.0,1.0,0.19697,0.70129
220,0,0.725,0,0.5,288,0.62019,0.16667,1.0,1.0,0.19697,0.72821
221,0,0.725,0,0.6125,288,0.62019,0.16667,1.0,1.0,0.19011,0.73661
222,0,0.725,0,0.725,288,0.62019,0.16667,1.0,1.0,0.0,0.73865
223,0,0.725,0,0.8375,288,0.62019,0.16667,1.0,1.0,0.0,0.70154
224,0,0.725,0,0.95,288,0.62019,0.16667,1.0,1.0,0.0,0.57673
225,0,0.725,1,0.05,414,0.56422,0.14359,0.5,1.0,0.21917,0.53708
226,0,0.725,1,0.1625,414,0.56422,0.14359,0.5,1.0,0.23021,0.55181
227,0,0.725,1,0.275,414,0.56422,0.14359,0.5,1.0,0.23188,0.55923
228,0,0.725,1,0.3875,414,0.56422,0.14359,0.5,1.0,0.23703,0.5716
229,0,0.725,1,0.5,414,0.56422,0.14359,0.5,1.0,0.23703,0.58687
230,0,0.725,1,0.6125,414,0.56422,0.14359,0.5,1.0,0.23049,0.59188
231,0,0.725,1,0.725,414,0.56422,0.14359,0.5,1.0,0.0,0.59234
232,0,0.725,1,0.8375,414,0.56422,0.14359,0.5,1.0,0.0,0.55951
233,0,0.725,1,0.95,414,0.56422,0.14359,0.5,1.0,0.0,0.45577
234,0,0.725,2,0.05,393,0.57193,0.15385,0.5,1.0,0.20833,0.66636
235,0,0.725,2,0.1625,393,0.57193,0.15385,0.5,1.0,0.21818,0.70127
236,0,0.725,2,0.275,393,0.57193,0.15385,0.5,1.0,0.21978,0.71432
237,0,0.725,2,0.3875,393,0.57193,0.15385,0.5,1.0,0.22388,0.73644
238,0,0.725,2,0.5,393,0.57193,0.15385,0.5,1.0,0.22388,0.75737
239,0,0.725,2,0.6125,393,0.57193,0.15385,0.5,1.0,0.21723,0.76403
240,0,0.725,2,0.725,393,0.57193,0.15385,0.5,1.0,0.0,0.77174
241,0,0.725,2,0.8375,393,0.57193,0.15385,0.5,1.0,0.0,0.7345
242,0,0.725,2,0.95,393,0.57193,0.15385,0.5,1.0,0.0,0.61214
243,0,0.725,3,0.05,393,0.57193,0.15385,0.5,1.0,0.20833,0.58421
244,0,0.725,3,0.1625,393,0.57193,0.15385,0.5,1.0,0.21818,0.68173
245,0,0.725,3,0.275,393,0.57193,0.15385,0.5,1.0,0.21978,0.70959
246,0,0.725,3,0.3875,393,0.57193,0.15385,0.5,1.0,0.22388,0.74837
247,0,0.725,3,0.5,393,0.57193,0.15385,0.5,1.0,0.22388,0.78703
248,0,0.725,3,0.6125,393,0.57193,0.15385,0.5,1.0,0.21723,0.79763
249,0,0.725,3,0.725,393,0.57193,0.15385,0.5,1.0,0.0,0.80442
250,0,0.725,3,0.8375,393,0.57193,0.15385,0.5,1.0,0.0,0.76881
251,0,0.725,3,0.95,393,0.57193,0.15385,0.5,1.0,0.0,0.63995
252,0,0.8375,0,0.05,70,0.69444,0.16667,1.0,1.0,0.04838,0.37742
253,0,0.8375,0,0.1625,70,0.69444,0.16667,1.0,1.0,0.04877,0.40984
254,0,0.8375,0,0.275,70,0.69444,0.16667,1.0,1.0,0.04877,0.41446
255,0,0.8375,0,0.3875,70,0.69444,0.16667,1.0,1.0,0.04917,0.4223
256,0,0.8375,0,0.5,70,0.69444,0.16667,1.0,1.0,0.04917,0.42912
257,0,0.8375,0,0.6125,70,0.69444,0.16667,1.0,1.0,0.04116,0.43259
258,0,0.8375,0,0.725,70,0.69444,0.16667,1.0,1.0,0.0,0.43268
259,0,0.8375,0,0.8375,70,0.69444,0.16667,1.0,1.0,0.0,0.40459
260,0,0.8375,0,0.95,70,0.69444,0.16667,1.0,1.0,0.0,0.32064
261,0,0.8375,1,0.05,70,0.69444,0.16667,1.0,1.0,0.04838,0.16762
262,0,0.8375,1,0.1625,70,0.69444,0.16667,1.0,1.0,0.04877,0.16809
263,0,0.8375,1,0.275,70,0.69444,0.16667,1.0,1.0,0.04877,0.16844
264,0,0.8375,1,0.3875,70,0.69444,0.16667,1.0,1.0,0.04917,0.16851
265,0,0.8375,1,0.5,70,0.69444,0.16667,1.0,1.0,0.04917,0.16885
266,0,0.8375,1,0.6125,70,0.69444,0.16667,1.0,1.0,0.04116,0.16926
267,0,0.8375,1,0.725,70,0.69444,0.16667,1.0,1.0,0.0,0.16955
268,0,0.8375,1,0.8375,70,0.69444,0.16667,1.0,1.0,0.0,0.15894
269,0,0.8375,1,0.95,70,0.69444,0.16667,1.0,1.0,0.0,0.12162
270,0,0.8375,2,0.05,70,0.69444,0.16667,1.0,1.0,0.04838,0.43291
271,0,0.8375,2,0.1625,70,0.69444,0.16667,1.0,1.0,0.04877,0.46981
272,0,0.8375,2,0.275,70,0.69444,0.16667,1.0,1.0,0.04877,0.47979
273,0,0.8375,2,0.3875,70,0.69444,0.16667,1.0,1.0,0.04917,0.49604
274,0,0.8375,2,0.5,70,0.69444,0.16667,1.0,1.0,0.04917,0.51407
275,0,0.8375,2,0.6125,70,0.69444,0.16667,1.0,1.0,0.04116,0.51802
276,0,0.8375,2,0.725,70,0.69444,0.16667,1.0,1.0,0.0,0.52573
277,0,0.8375,2,0.8375,70,0.69444,0.16667,1.0,1.0,0.0,0.49177
278,0,0.8375,2,0.95,70,0.69444,0.16667,1.0,1.0,0.0,0.39771
279,0,0.8375,3,0.05,70,0.69444,0.16667,1.0,1.0,0.04838,0.4323
280,0,0.8375,3,0.1625,70,0.69444,0.16667,1.0,1.0,0.04877,0.46892
281,0,0.8375,3,0.275,70,0.69444,0.16667,1.0,1.0,0.04877,0.47889
282,0,0.8375,3,0.3875,70,0.69444,0.16667,1.0,1.0,0.04917,0.49512
283,0,0.8375,3,0.5,70,0.69444,0.16667,1.0,1.0,0.04917,0.51313
284,0,0.8375,3,0.6125,70,0.69444,0.16667,1.0,1.0,0.04116,0.51708
285,0,0.8375,3,0.725,70,0.69444,0.16667,1.0,1.0,0.0,0.52477
286,0,0.8375,3,0.8375,70,0.69444,0.16667,1.0,1.0,0.0,0.49076
287,0,0.8375,3,0.95,70,0.69444,0.16667,1.0,1.0,0.0,0.39714
288,0,0.95,0,0.05,0,1.0,1.0,1.0,1.0,0.01666,0.17895
289,0,0.95,0,0.1625,0,1.0,1.0,1.0,1.0,0.01666,0.18635
290,0,0.95,0,0.275,0,1.0,1.0,1.0,1.0,0.01666,0.18774
291,0,0.95,0,0.3875,0,1.0,1.0,1.0,1.0,0.01666,0.18938
292,0,0.95,0,0.5,0,1.0,1.0,1.0,1.0,0.01666,0.19058
293,0,0.95,0,0.6125,0,1.0,1.0,1.0,1.0,0.01666,0.19204
294,0,0.95,0,0.725,0,1.0,1.0,1.0,1.0,0.0,0.19317
295,0,0.95,0,0.8375,0,1.0,1.0,1.0,1.0,0.0,0.18286
296,0,0.95,0,0.95,0,1.0,1.0,1.0,1.0,0.0,0.14886
297,0,0.95,1,0.05,0,1.0,1.0,1.0,1.0,0.01666,0.20737
298,0,0.95,1,0.1625,0,1.0,1.0,1.0,1.0,0.01666,0.21894
299,0,0.95,1,0.275,0,1.0,1.0,1.0,1.0,0.01666,0.22324
300,0,0.95,1,0.3875,0,1.0,1.0,1.0,1.0,0.01666,0.23044
301,0,0.95,1,0.5,0,1.0,1.0,1.0,1.0,0.01666,0.23875
302,0,0.95,1,0.6125,0,1.0,1.0,1.0,1.0,0.01666,0.24137
303,0,0.95,1,0.725,0,1.0,1.0,1.0,1.0,0.0,0.24495
304,0,0.95,1,0.8375,0,1.0,1.0,1.0,1.0,0.0,0.22898
305,0,0.95,1,0.95,0,1.0,1.0,1.0,1.0,0.0,0.19135
306,0,0.95,2,0.05,0,1.0,1.0,1.0,1.0,0.01666,0.20737
307,0,0.95,2,0.1625,0,1.0,1.0,1.0,1.0,0.01666,0.21894
308,0,0.95,2,0.275,0,1.0,1.0,1.0,1.0,0.01666,0.22324
309,0,0.95,2,0.3875,0,1.0,1.0,1.0,1.0,0.01666,0.23044
310,0,0.95,2,0.5,0,1.0,1.0,1.0,1.0,0.01666,0.23875
311,0,0.95,2,0.6125,0,1.0,1.0,1.0,1.0,0.01666,0.24137
312,0,0.95,2,0.725,0,1.0,1.0,1.0,1.0,0.0,0.24495
313,0,0.95,2,0.8375,0,1.0,1.0,1.0,1.0,0.0,0.22898
314,0,0.95,2,0.95,0,1.0,1.0,1.0,1.0,0.0,0.19135
315,0,0.95,3,0.05,0,1.0,1.0,1.0,1.0,0.01666,0.20737
316,0,0.95,3,0.1625,0,1.0,1.0,1.0,1.0,0.01666,0.21894
317,0,0.95,3,0.275,0,1.0,1.0,1.0,1.0,0.01666,0.22324
318,0,0.95,3,0.3875,0,1.0,1.0,1.0,1.0,0.01666,0.23044
319,0,0.95,3,0.5,0,1.0,1.0,1.0,1.0,0.01666,0.23875
320,0,0.95,3,0.6125,0,1.0,1.0,1.0,1.0,0.01666,0.24137
321,0,0.95,3,0.725,0,1.0,1.0,1.0,1.0,0.0,0.24495
322,0,0.95,3,0.8375,0,1.0,1.0,1.0,1.0,0.0,0.22898
323,0,0.95,3,0.95,0,1.0,1.0,1.0,1.0,0.0,0.19135
324,1,0.05,0,0.05,1089,0.95804,1.0,1.0,1.0,0.96639,0.71798
325,1,0.05,0,0.1625,1089,0.95804,1.0,1.0,1.0,0.97047,0.81074
326,1,0.05,0,0.275,1089,0.95804,1.0,1.0,1.0,0.97873,0.8254
327,1,0.05,0,0.3875,1089,0.95804,1.0,1.0,1.0,0.97655,0.86939
328,1,0.05,0,0.5,1089,0.95804,1.0,1.0,1.0,0.98073,0.89806
329,1,0.05,0,0.6125,1089,0.95804,1.0,1.0,1.0,0.94923,0.90615
330,1,0.05,0,0.725,1089,0.95804,1.0,1.0,1.0,0.0,0.90693
331,1,0.05,0,0.8375,1089,0.95804,1.0,1.0,1.0,0.0,0.86259
332,1,0.05,0,0.95,1089,0.95804,1.0,1.0,1.0,0.0,0.71737
333,1,0.05,1,0.05,1442,0.84487,1.0,1.0,1.0,0.90946,0.75928
334,1,0.05,1,0.1625,1442,0.84487,1.0,1.0,1.0,0.95763,0.82
335,1,0.05,1,0.275,1442,0.84487,1.0,1.0,1.0,0.96581,0.83034
336,1,0.05,1,0.3875,1442,0.84487,1.0,1.0,1.0,0.96581,0.84493
337,1,0.05,1,0.5,1442,0.84487,1.0,1.0,1.0,0.97414,0.86598
338,1,0.05,1,0.6125,1442,0.84487,1.0,1.0,1.0,0.94457,0.87237
339,1,0.05,1,0.725,1442,0.84487,1.0,1.0,1.0,0.0,0.8718
340,1,0.05,1,0.8375,1442,0.84487,1.0,1.0,1.0,0.0,0.82782
341,1,0.05,1,0.95,1442,0.84487,1.0,1.0,1.0,0.0,0.68284
342,1,0.05,2,0.05,1241,0.90547,1.0,1.0,1.0,0.93004,0.76834
343,1,0.05,2,0.1625,1241,0.90547,1.0,1.0,1.0,0.96376,0.85147
344,1,0.05,2,0.275,1241,0.90547,1.0,1.0,1.0,0.97204,0.87248
345,1,0.05,2,0.3875,1241,0.90547,1.0,1.0,1.0,0.97204,0.9014
346,1,0.05,2,0.5,1241,0.90547,1.0,1.0,1.0,0.97414,0.93348
347,1,0.05,2,0.6125,1241,0.90547,1.0,1.0,1.0,0.94457,0.94595
348,1,0.05,2,0.725,1241,0.90547,1.0,1.0,1.0,0.0,0.95572
349,1,0.05,2,0.8375,1241,0.90547,1.0,1.0,1.0,0.0,0.91019
350,1,0.05,2,0.95,1241,0.90547,1.0,1.0,1.0,0.0,0.76584
351,1,0.05,3,0.05,1132,0.93902,1.0,1.0,1.0,0.96721,0.69432
352,1,0.05,3,0.1625,1132,0.93902,1.0,1.0,1.0,0.97925,0.82419
353,1,0.05,3,0.275,1132,0.93902,1.0,1.0,1.0,0.98952,0.84836
354,1,0.05,3,0.3875,1132,0.93902,1.0,1.0,1.0,0.99156,0.88843
355,1,0.05,3,0.5,1132,0.93902,1.0,1.0,1.0,0.99366,0.93304
356,1,0.05,3,0.6125,1132,0.93902,1.0,1.0,1.0,0.9607,0.94631
357,1,0.05,3,0.725,1132,0.93902,1.0,1.0,1.0,0.0,0.95604
358,1,0.05,3,0.8375,1132,0.93902,1.0,1.0,1.0,0.0,0.91027
359,1,0.05,3,0.95,1132,0.93902,1.0,1.0,1.0,0.0,0.76584
360,1,0.1625,0,0.05,843,0.97539,1.0,1.0,1.0,0.84952,0.75191
361,1,0.1625,0,0.1625,843,0.97539,1.0,1.0,1.0,0.84952,0.75355
362,1,0.1625,0,0.275,843,0.97539,1.0,1.0,1.0,0.84952,0.75417
363,1,0.1625,0,0.3875,843,0.97539,1.0,1.0,1.0,0.84952,0.75603
364,1,0.1625,0,0.5,843,0.97539,1.0,1.0,1.0,0.85158,0.7586
365,1,0.1625,0,0.6125,843,0.97539,1.0,1.0,1.0,0.82,0.75941
366,1,0.1625,0,0.725,843,0.97539,1.0,1.0,1.0,0.0,0.75238
367,1,0.1625,0,0.8375,843,0.97539,1.0,1.0,1.0,0.0,0.7099
368,1,0.1625,0,0.95,843,0.97539,1.0,1.0,1.0,0.0,0.57023
369,1,0.1625,1,0.05,678,0.96228,1.0,1.0,1.0,0.72533,0.62991
370,1,0.1625,1,0.1625,678,0.96228,1.0,1.0,1.0,0.72922,0.63363
371,1,0.1625,1,0.275,678,0.96228,1.0,1.0,1.0,0.72922,0.63588
372,1,0.1625,1,0.3875,678,0.96228,1.0,1.0,1.0,0.72922,0.63757
373,1,0.1625,1,0.5,678,0.96228,1.0,1.0,1.0,0.73118,0.64251
374,1,0.1625,1,0.6125,678,0.96228,1.0,1.0,1.0,0.69613,0.64316
375,1,0.1625,1,0.725,678,0.96228,1.0,1.0,1.0,0.0,0.63844
376,1,0.1625,1,0.8375,678,0.96228,1.0,1.0,1.0,0.0,0.60401
377,1,0.1625,1,0.95,678,0.96228,1.0,1.0,1.0,0.0,0.47567
378,1,0.1625,2,0.05,958,0.97339,1.0,1.0,1.0,0.89607,0.63046
379,1,0.1625,2,0.1625,958,0.97339,1.0,1.0,1.0,0.90023,0.63419
380,1,0.1625,2,0.275,958,0.97339,1.0,1.0,1.0,0.90023,0.63644
381,1,0.1625,2,0.3875,958,0.97339,1.0,1.0,1.0,0.90023,0.63814
382,1,0.1625,2,0.5,958,0.97339,1.0,1.0,1.0,0.90232,0.64251
383,1,0.1625,2,0.6125,958,0.97339,1.0,1.0,1.0,0.87619,0.64316
384,1,0.1625,2,0.725,958,0.97339,1.0,1.0,1.0,0.0,0.63844
385,1,0.1625,2,0.8375,958,0.97339,1.0,1.0,1.0,0.0,0.60401
386,1,0.1625,2,0.95,958,0.97339,1.0,1.0,1.0,0.0,0.47567
387,1,0.1625,3,0.05,1042,0.98785,1.0,1.0,1.0,0.97192,0.84321
388,1,0.1625,3,0.1625,1042,0.98785,1.0,1.0,1.0,0.97192,0.85409
389,1,0.1625,3,0.275,1042,0.98785,1.0,1.0,1.0,0.97192,0.85537
390,1,0.1625,3,0.3875,1042,0.98785,1.0,1.0,1.0,0.97192,0.85707
391,1,0.1625,3,0.5,1042,0.98785,1.0,1.0,1.0,0.97192,0.86
392,1,0.1625,3,0.6125,1042,0.98785,1.0,1.0,1.0,0.95385,0.86354
393,1,0.1625,3,0.725,1042,0.98785,1.0,1.0,1.0,0.0,0.86238
394,1,0.1625,3,0.8375,1042,0.98785,1.0,1.0,1.0,0.0,0.82042
395,1,0.1625,3,0.95,1042,0.98785,1.0,1.0,1.0,0.0,0.6805
396,1,0.275,0,0.05,482,0.97171,1.0,1.0,1.0,0.59941,0.47316
397,1,0.275,0,0.1625,482,0.97171,1.0,1.0,1.0,0.59941,0.47332
398,1,0.275,0,0.275,482,0.97171,1.0,1.0,1.0,0.59941,0.47332
399,1,0.275,0,0.3875,482,0.97171,1.0,1.0,1.0,0.59941,0.47332
400,1,0.275,0,0.5,482,0.97171,1.0,1.0,1.0,0.59941,0.47349
401,1,0.275,0,0.6125,482,0.97171,1.0,1.0,1.0,0.56535,0.47208
402,1,0.275,0,0.725,482,0.97171,1.0,1.0,1.0,0.0,0.46605
403,1,0.275,0,0.8375,482,0.97171,1.0,1.0,1.0,0.0,0.43821
404,1,0.275,0,0.95,482,0.97171,1.0,1.0,1.0,0.0,0.33595
405,1,0.275,1,0.05,482,0.97171,1.0,1.0,1.0,0.59941,0.48436
406,1,0.275,1,0.1625,482,0.97171,1.0,1.0,1.0,0.59941,0.48468
407,1,0.275,1,0.275,482,0.97171,1.0,1.0,1.0,0.59941,0.48517
408,1,0.275,1,0.3875,482,0.97171,1.0,1.0,1.0,0.59941,0.4855
409,1,0.275,1,0.5,482,0.97171,1.0,1.0,1.0,0.59941,0.48665
410,1,0.275,1,0.6125,482,0.97171,1.0,1.0,1.0,0.56535,0.48577
411,1,0.275,1,0.725,482,0.97171,1.0,1.0,1.0,0.0,0.48022
412,1,0.275,1,0.8375,482,0.97171,1.0,1.0,1.0,0.0,0.4518
413,1,0.275,1,0.95,482,0.97171,1.0,1.0,1.0,0.0,0.34708
414,1,0.275,2,0.05,482,0.97171,1.0,1.0,1.0,0.59941,0.48468
415,1,0.275,2,0.1625,482,0.97171,1.0,1.0,1.0,0.59941,0.48501
416,1,0.275,2,0.275,482,0.97171,1.0,1.0,1.0,0.59941,0.4855
417,1,0.275,2,0.3875,482,0.97171,1.0,1.0,1.0,0.59941,0.48583
418,1,0.275,2,0.5,482,0.97171,1.0,1.0,1.0,0.59941,0.48665
419,1,0.275,2,0.6125,482,0.97171,1.0,1.0,1.0,0.56535,0.48577
420,1,0.275,2,0.725,482,0.97171,1.0,1.0,1.0,0.0,0.48022
421,1,0.275,2,0.8375,482,0.97171,1.0,1.0,1.0,0.0,0.4518
422,1,0.275,2,0.95,482,0.97171,1.0,1.0,1.0,0.0,0.34708
423,1,0.275,3,0.05,951,0.99182,1.0,1.0,1.0,0.93213,0.76298
424,1,0.275,3,0.1625,951,0.99182,1.0,1.0,1.0,0.93213,0.76818
425,1,0.275,3,0.275,951,0.99182,1.0,1.0,1.0,0.93213,0.76923
426,1,0.275,3,0.3875,951,0.99182,1.0,1.0,1.0,0.93213,0.77049
427,1,0.275,3,0.5,951,0.99182,1.0,1.0,1.0,0.93213,0.77112
428,1,0.275,3,0.6125,951,0.99182,1.0,1.0,1.0,0.91991,0.77223
429,1,0.275,3,0.725,951,0.99182,1.0,1.0,1.0,0.0,0.76868
430,1,0.275,3,0.8375,951,0.99182,1.0,1.0,1.0,0.0,0.73132
431,1,0.275,3,0.95,951,0.99182,1.0,1.0,1.0,0.0,0.60258
432,1,0.3875,0,0.05,417,0.97305,1.0,1.0,1.0,0.525,0.3655
433,1,0.3875,0,0.1625,417,0.97305,1.0,1.0,1.0,0.525,0.36564
434,1,0.3875,0,0.275,417,0.97305,1.0,1.0,1.0,0.525,0.36564
435,1,0.3875,0,0.3875,417,0.97305,1.0,1.0,1.0,0.525,0.36564
436,1,0.3875,0,0.5,417,0.97305,1.0,1.0,1.0,0.525,0.36564
437,1,0.3875,0,0.6125,417,0.97305,1.0,1.0,1.0,0.49682,0.36397
438,1,0.3875,0,0.725,417,0.97305,1.0,1.0,1.0,0.0,0.35746
439,1,0.3875,0,0.8375,417,0.97305,1.0,1.0,1.0,0.0,0.33533
440,1,0.3875,0,0.95,417,0.97305,1.0,1.0,1.0,0.0,0.25156
441,1,0.3875,1,0.05,417,0.97305,1.0,1.0,1.0,0.525,0.3655
442,1,0.3875,1,0.1625,417,0.97305,1.0,1.0,1.0,0.525,0.36564
443,1,0.3875,1,0.275,417,0.97305,1.0,1.0,1.0,0.525,0.36564
444,1,0.3875,1,0.3875,417,0.97305,1.0,1.0,1.0,0.525,0.36564
445,1,0.3875,1,0.5,417,0.97305,1.0,1.0,1.0,0.525,0.36564
446,1,0.3875,1,0.6125,417,0.97305,1.0,1.0,1.0,0.49682,0.36397
447,1,0.3875,1,0.725,417,0.97305,1.0,1.0,1.0,0.0,0.35746
448,1,0.3875,1,0.8375,417,0.97305,1.0,1.0,1.0,0.0,0.33533
449,1,0.3875,1,0.95,417,0.97305,1.0,1.0,1.0,0.0,0.25156
450,1,0.3875,2,0.05,417,0.97305,1.0,1.0,1.0,0.525,0.3655
451,1,0.3875,2,0.1625,417,0.97305,1.0,1.0,1.0,0.525,0.36564
452,1,0.3875,2,0.275,417,0.97305,1.0,1.0,1.0,0.525,0.36564
453,1,0.3875,2,0.3875,417,0.97305,1.0,1.0,1.0,0.525,0.36564
454,1,0.3875,2,0.5,417,0.97305,1.0,1.0,1.0,0.525,0.36564
455,1,0.3875,2,0.6125,417,0.97305,1.0,1.0,1.0,0.49682,0.36397
456,1,0.3875,2,0.725,417,0.97305,1.0,1.0,1.0,0.0,0.35746
457,1,0.3875,2,0.8375,417,0.97305,1.0,1.0,1.0,0.0,0.33533
458,1,0.3875,2,0.95,417,0.97305,1.0,1.0,1.0,0.0,0.25156
459,1,0.3875,3,0.05,791,0.99103,1.0,1.0,1.0,0.84878,0.70338
460,1,0.3875,3,0.1625,791,0.99103,1.0,1.0,1.0,0.84878,0.70338
461,1,0.3875,3,0.275,791,0.99103,1.0,1.0,1.0,0.84878,0.70338
462,1,0.3875,3,0.3875,791,0.99103,1.0,1.0,1.0,0.84878,0.70338
463,1,0.3875,3,0.5,791,0.99103,1.0,1.0,1.0,0.84878,0.703
464,1,0.3875,3,0.6125,791,0.99103,1.0,1.0,1.0,0.83457,0.70111
465,1,0.3875,3,0.725,791,0.99103,1.0,1.0,1.0,0.0,0.69522
466,1,0.3875,3,0.8375,791,0.99103,1.0,1.0,1.0,0.0,0.6566
467,1,0.3875,3,0.95,791,0.99103,1.0,1.0,1.0,0.0,0.53588
468,1,0.5,0,0.05,330,0.98167,1.0,1.0,1.0,0.44737,0.31352
469,1,0.5,0,0.1625,330,0.98167,1.0,1.0,1.0,0.44737,0.31363
470,1,0.5,0,0.275,330,0.98167,1.0,1.0,1.0,0.44737,0.31363
471,1,0.5,0,0.3875,330,0.98167,1.0,1.0,1.0,0.44737,0.31363
472,1,0.5,0,0.5,330,0.98167,1.0,1.0,1.0,0.44737,0.31363
473,1,0.5,0,0.6125,330,0.98167,1.0,1.0,1.0,0.42667,0.31247
474,1,0.5,0,0.725,330,0.98167,1.0,1.0,1.0,0.0,0.30682
475,1,0.5,0,0.8375,330,0.98167,1.0,1.0,1.0,0.0,0.28726
476,1,0.5,0,0.95,330,0.98167,1.0,1.0,1.0,0.0,0.21223
477,1,0.5,1,0.05,330,0.98167,1.0,1.0,1.0,0.44737,0.31352
478,1,0.5,1,0.1625,330,0.98167,1.0,1.0,1.0,0.44737,0.31363
479,1,0.5,1,0.275,330,0.98167,1.0,1.0,1.0,0.44737,0.31363
480,1,0.5,1,0.3875,330,0.98167,1.0,1.0,1.0,0.44737,0.31363
481,1,0.5,1,0.5,330,0.98167,1.0,1.0,1.0,0.44737,0.31363
482,1,0.5,1,0.6125,330,0.98167,1.0,1.0,1.0,0.42667,0.31247
483,1,0.5,1,0.725,330,0.98167,1.0,1.0,1.0,0.0,0.30682
484,1,0.5,1,0.8375,330,0.98167,1.0,1.0,1.0,0.0,0.28726
485,1,0.5,1,0.95,330,0.98167,1.0,1.0,1.0,0.0,0.21223
486,1,0.5,2,0.05,330,0.98167,1.0,1.0,1.0,0.44737,0.31352
487,1,0.5,2,0.1625,330,0.98167,1.0,1.0,1.0,0.44737,0.31363
488,1,0.5,2,0.275,330,0.98167,1.0,1.0,1.0,0.44737,0.31363
489,1,0.5,2,0.3875,330,0.98167,1.0,1.0,1.0,0.44737,0.31363
490,1,0.5,2,0.5,330,0.98167,1.0,1.0,1.0,0.44737,0.31363
491,1,0.5,2,0.6125,330,0.98167,1.0,1.0,1.0,0.42667,0.31247
492,1,0.5,2,0.725,330,0.98167,1.0,1.0,1.0,0.0,0.30682
493,1,0.5,2,0.8375,330,0.98167,1.0,1.0,1.0,0.0,0.28726
494,1,0.5,2,0.95,330,0.98167,1.0,1.0,1.0,0.0,0.21223
495,1,0.5,3,0.05,702,0.98993,1.0,1.0,1.0,0.79284,0.61481
496,1,0.5,3,0.1625,702,0.98993,1.0,1.0,1.0,0.79284,0.61481
497,1,0.5,3,0.275,702,0.98993,1.0,1.0,1.0,0.79284,0.61481
498,1,0.5,3,0.3875,702,0.98993,1.0,1.0,1.0,0.79284,0.61481
499,1,0.5,3,0.5,702,0.98993,1.0,1.0,1.0,0.79284,0.61437
500,1,0.5,3,0.6125,702,0.98993,1.0,1.0,1.0,0.7772,0.61266
501,1,0.5,3,0.725,702,0.98993,1.0,1.0,1.0,0.0,0.60695
502,1,0.5,3,0.8375,702,0.98993,1.0,1.0,1.0,0.0,0.57253
503,1,0.5,3,0.95,702,0.98993,1.0,1.0,1.0,0.0,0.45555
504,1,0.6125,0,0.05,253,0.98325,1.0,1.0,1.0,0.36111,0.2506
505,1,0.6125,0,0.1625,253,0.98325,1.0,1.0,1.0,0.36111,0.25069
506,1,0.6125,0,0.275,253,0.98325,1.0,1.0,1.0,0.36111,0.25069
507,1,0.6125,0,0.3875,253,0.98325,1.0,1.0,1.0,0.36111,0.25069
508,1,0.6125,0,0.5,253,0.98325,1.0,1.0,1.0,0.36111,0.25069
509,1,0.6125,0,0.6125,253,0.98325,1.0,1.0,1.0,0.34386,0.24942
510,1,0.6125,0,0.725,253,0.98325,1.0,1.0,1.0,0.0,0.24467
511,1,0.6125,0,0.8375,253,0.98325,1.0,1.0,1.0,0.0,0.22719
512,1,0.6125,0,0.95,253,0.98325,1.0,1.0,1.0,0.0,0.17106
513,1,0.6125,1,0.05,253,0.98325,1.0,1.0,1.0,0.36111,0.2506
514,1,0.6125,1,0.1625,253,0.98325,1.0,1.0,1.0,0.36111,0.25069
515,1,0.6125,1,0.275,253,0.98325,1.0,1.0,1.0,0.36111,0.25069
516,1,0.6125,1,0.3875,253,0.98325,1.0,1.0,1.0,0.36111,0.25069
517,1,0.6125,1,0.5,253,0.98325,1.0,1.0,1.0,0.36111,0.25069
518,1,0.6125,1,0.6125,253,0.98325,1.0,1.0,1.0,0.34386,0.24942
519,1,0.6125,1,0.725,253,0.98325,1.0,1.0,1.0,0.0,0.24467
520,1,0.6125,1,0.8375,253,0.98325,1.0,1.0,1.0,0.0,0.22719
521,1,0.6125,1,0.95,253,0.98325,1.0,1.0,1.0,0.0,0.17106
522,1,0.6125,2,0.05,253,0.98325,1.0,1.0,1.0,0.36111,0.2506
523,1,0.6125,2,0.1625,253,0.98325,1.0,1.0,1.0,0.36111,0.25069
524,1,0.6125,2,0.275,253,0.98325,1.0,1.0,1.0,0.36111,0.25069
525,1,0.6125,2,0.3875,253,0.98325,1.0,1.0,1.0,0.36111,0.25069
526,1,0.6125,2,0.5,253,0.98325,1.0,1.0,1.0,0.36111,0.25069
527,1,0.6125,2,0.6125,253,0.98325,1.0,1.0,1.0,0.34386,0.24942
528,1,0.6125,2,0.725,253,0.98325,1.0,1.0,1.0,0.0,0.24467
529,1,0.6125,2,0.8375,253,0.98325,1.0,1.0,1.0,0.0,0.22719
530,1,0.6125,2,0.95,253,0.98325,1.0,1.0,1.0,0.0,0.17106
531,1,0.6125,3,0.05,550,0.99028,1.0,1.0,1.0,0.68156,0.50905
532,1,0.6125,3,0.1625,550,0.99028,1.0,1.0,1.0,0.68156,0.50905
533,1,0.6125,3,0.275,550,0.99028,1.0,1.0,1.0,0.68156,0.50905
534,1,0.6125,3,0.3875,550,0.99028,1.0,1.0,1.0,0.68156,0.50905
535,1,0.6125,3,0.5,550,0.99028,1.0,1.0,1.0,0.68156,0.50855
536,1,0.6125,3,0.6125,550,0.99028,1.0,1.0,1.0,0.66667,0.50704
537,1,0.6125,3,0.725,550,0.99028,1.0,1.0,1.0,0.0,0.50236
538,1,0.6125,3,0.8375,550,0.99028,1.0,1.0,1.0,0.0,0.47042
539,1,0.6125,3,0.95,550,0.99028,1.0,1.0,1.0,0.0,0.37308
540,1,0.725,0,0.05,180,0.98629,1.0,1.0,1.0,0.2647,0.18878
541,1,0.725,0,0.1625,180,0.98629,1.0,1.0,1.0,0.2647,0.18878
542,1,0.725,0,0.275,180,0.98629,1.0,1.0,1.0,0.2647,0.18878
543,1,0.725,0,0.3875,180,0.98629,1.0,1.0,1.0,0.2647,0.18878
544,1,0.725,0,0.5,180,0.98629,1.0,1.0,1.0,0.2647,0.18878
545,1,0.725,0,0.6125,180,0.98629,1.0,1.0,1.0,0.25186,0.18812
546,1,0.725,0,0.725,180,0.98629,1.0,1.0,1.0,0.0,0.18449
547,1,0.725,0,0.8375,180,0.98629,1.0,1.0,1.0,0.0,0.17031
548,1,0.725,0,0.95,180,0.98629,1.0,1.0,1.0,0.0,0.12795
549,1,0.725,1,0.05,180,0.98629,1.0,1.0,1.0,0.2647,0.18878
550,1,0.725,1,0.1625,180,0.98629,1.0,1.0,1.0,0.2647,0.18878
551,1,0.725,1,0.275,180,0.98629,1.0,1.0,1.0,0.2647,0.18878
552,1,0.725,1,0.3875,180,0.98629,1.0,1.0,1.0,0.2647,0.18878
553,1,0.725,1,0.5,180,0.98629,1.0,1.0,1.0,0.2647,0.18878
554,1,0.725,1,0.6125,180,0.98629,1.0,1.0,1.0,0.25186,0.18812
555,1,0.725,1,0.725,180,0.98629,1.0,1.0,1.0,0.0,0.18449
556,1,0.725,1,0.8375,180,0.98629,1.0,1.0,1.0,0.0,0.17031
557,1,0.725,1,0.95,180,0.98629,1.0,1.0,1.0,0.0,0.12795
558,1,0.725,2,0.05,180,0.98629,1.0,1.0,1.0,0.2647,0.18878
559,1,0.725,2,0.1625,180,0.98629,1.0,1.0,1.0,0.2647,0.18878
560,1,0.725,2,0.275,180,0.98629,1.0,1.0,1.0,0.2647,0.18878
561,1,0.725,2,0.3875,180,0.98629,1.0,1.0,1.0,0.2647,0.18878
562,1,0.725,2,0.5,180,0.98629,1.0,1.0,1.0,0.2647,0.18878
563,1,0.725,2,0.6125,180,0.98629,1.0,1.0,1.0,0.25186,0.18812
564,1,0.725,2,0.725,180,0.98629,1.0,1.0,1.0,0.0,0.18449
565,1,0.725,2,0.8375,180,0.98629,1.0,1.0,1.0,0.0,0.17031
566,1,0.725,2,0.95,180,0.98629,1.0,1.0,1.0,0.0,0.12795
567,1,0.725,3,0.05,425,0.98815,1.0,1.0,1.0,0.56535,0.40014
568,1,0.725,3,0.1625,425,0.98815,1.0,1.0,1.0,0.56535,0.40014
569,1,0.725,3,0.275,425,0.98815,1.0,1.0,1.0,0.56535,0.40014
570,1,0.725,3,0.3875,425,0.98815,1.0,1.0,1.0,0.56535,0.40014
571,1,0.725,3,0.5,425,0.98815,1.0,1.0,1.0,0.56535,0.39957
572,1,0.725,3,0.6125,425,0.98815,1.0,1.0,1.0,0.54769,0.39856
573,1,0.725,3,0.725,425,0.98815,1.0,1.0,1.0,0.0,0.39364
574,1,0.725,3,0.8375,425,0.98815,1.0,1.0,1.0,0.0,0.36531
575,1,0.725,3,0.95,425,0.98815,1.0,1.0,1.0,0.0,0.28462
576,1,0.8375,0,0.05,114,0.97532,1.0,1.0,1.0,0.15626,0.11844
577,1,0.8375,0,0.1625,114,0.97532,1.0,1.0,1.0,0.15626,0.11844
578,1,0.8375,0,0.275,114,0.97532,1.0,1.0,1.0,0.15626,0.11844
579,1,0.8375,0,0.3875,114,0.97532,1.0,1.0,1.0,0.15626,0.11844
580,1,0.8375,0,0.5,114,0.97532,1.0,1.0,1.0,0.15626,0.11844
581,1,0.8375,0,0.6125,114,0.97532,1.0,1.0,1.0,0.14173,0.11844
582,1,0.8375,0,0.725,114,0.97532,1.0,1.0,1.0,0.0,0.11525
583,1,0.8375,0,0.8375,114,0.97532,1.0,1.0,1.0,0.0,0.1032
584,1,0.8375,0,0.95,114,0.97532,1.0,1.0,1.0,0.0,0.07779
585,1,0.8375,1,0.05,114,0.97532,1.0,1.0,1.0,0.15626,0.11844
586,1,0.8375,1,0.1625,114,0.97532,1.0,1.0,1.0,0.15626,0.11844
587,1,0.8375,1,0.275,114,0.97532,1.0,1.0,1.0,0.15626,0.11844
588,1,0.8375,1,0.3875,114,0.97532,1.0,1.0,1.0,0.15626,0.11844
589,1,0.8375,1,0.5,114,0.97532,1.0,1.0,1.0,0.15626,0.11844
590,1,0.8375,1,0.6125,114,0.97532,1.0,1.0,1.0,0.14173,0.11844
591,1,0.8375,1,0.725,114,0.97532,1.0,1.0,1.0,0.0,0.11525
592,1,0.8375,1,0.8375,114,0.97532,1.0,1.0,1.0,0.0,0.1032
593,1,0.8375,1,0.95,114,0.97532,1.0,1.0,1.0,0.0,0.07779
594,1,0.8375,2,0.05,114,0.97532,1.0,1.0,1.0,0.15626,0.11844
595,1,0.8375,2,0.1625,114,0.97532,1.0,1.0,1.0,0.15626,0.11844
596,1,0.8375,2,0.275,114,0.97532,1.0,1.0,1.0,0.15626,0.11844
597,1,0.8375,2,0.3875,114,0.97532,1.0,1.0,1.0,0.15626,0.11844
598,1,0.8375,2,0.5,114,0.97532,1.0,1.0,1.0,0.15626,0.11844
599,1,0.8375,2,0.6125,114,0.97532,1.0,1.0,1.0,0.14173,0.11844
600,1,0.8375,2,0.725,114,0.97532,1.0,1.0,1.0,0.0,0.11525
601,1,0.8375,2,0.8375,114,0.97532,1.0,1.0,1.0,0.0,0.1032
602,1,0.8375,2,0.95,114,0.97532,1.0,1.0,1.0,0.0,0.07779
603,1,0.8375,3,0.05,273,0.97996,1.0,1.0,1.0,0.37801,0.25763
604,1,0.8375,3,0.1625,273,0.97996,1.0,1.0,1.0,0.37801,0.25763
605,1,0.8375,3,0.275,273,0.97996,1.0,1.0,1.0,0.37801,0.25763
606,1,0.8375,3,0.3875,273,0.97996,1.0,1.0,1.0,0.37801,0.25763
607,1,0.8375,3,0.5,273,0.97996,1.0,1.0,1.0,0.37801,0.25763
608,1,0.8375,3,0.6125,273,0.97996,1.0,1.0,1.0,0.3554,0.25695
609,1,0.8375,3,0.725,273,0.97996,1.0,1.0,1.0,0.0,0.25294
610,1,0.8375,3,0.8375,273,0.97996,1.0,1.0,1.0,0.0,0.23281
611,1,0.8375,3,0.95,273,0.97996,1.0,1.0,1.0,0.0,0.17705
612,1,0.95,0,0.05,34,0.96,1.0,1.0,1.0,0.0415,0.04311
613,1,0.95,0,0.1625,34,0.96,1.0,1.0,1.0,0.0415,0.04311
614,1,0.95,0,0.275,34,0.96,1.0,1.0,1.0,0.0415,0.04311
615,1,0.95,0,0.3875,34,0.96,1.0,1.0,1.0,0.0415,0.04311
616,1,0.95,0,0.5,34,0.96,1.0,1.0,1.0,0.0415,0.04311
617,1,0.95,0,0.6125,34,0.96,1.0,1.0,1.0,0.03333,0.04311
618,1,0.95,0,0.725,34,0.96,1.0,1.0,1.0,0.0,0.04139
619,1,0.95,0,0.8375,34,0.96,1.0,1.0,1.0,0.0,0.03706
620,1,0.95,0,0.95,34,0.96,1.0,1.0,1.0,0.0,0.02487
621,1,0.95,1,0.05,34,0.96,1.0,1.0,1.0,0.0415,0.04311
622,1,0.95,1,0.1625,34,0.96,1.0,1.0,1.0,0.0415,0.04311
623,1,0.95,1,0.275,34,0.96,1.0,1.0,1.0,0.0415,0.04311
624,1,0.95,1,0.3875,34,0.96,1.0,1.0,1.0,0.0415,0.04311
625,1,0.95,1,0.5,34,0.96,1.0,1.0,1.0,0.0415,0.04311
626,1,0.95,1,0.6125,34,0.96,1.0,1.0,1.0,0.03333,0.04311
627,1,0.95,1,0.725,34,0.96,1.0,1.0,1.0,0.0,0.04139
628,1,0.95,1,0.8375,34,0.96,1.0,1.0,1.0,0.0,0.03706
629,1,0.95,1,0.95,34,0.96,1.0,1.0,1.0,0.0,0.02487
630,1,0.95,2,0.05,54,0.94167,1.0,1.0,1.0,0.09678,0.04311
631,1,0.95,2,0.1625,54,0.94167,1.0,1.0,1.0,0.09678,0.04311
632,1,0.95,2,0.275,54,0.94167,1.0,1.0,1.0,0.09678,0.04311
633,1,0.95,2,0.3875,54,0.94167,1.0,1.0,1.0,0.09678,0.04311
634,1,0.95,2,0.5,54,0.94167,1.0,1.0,1.0,0.09678,0.04311
635,1,0.95,2,0.6125,54,0.94167,1.0,1.0,1.0,0.0813,0.04311
636,1,0.95,2,0.725,54,0.94167,1.0,1.0,1.0,0.0,0.04139
637,1,0.95,2,0.8375,54,0.94167,1.0,1.0,1.0,0.0,0.03706
638,1,0.95,2,0.95,54,0.94167,1.0,1.0,1.0,0.0,0.02487
639,1,0.95,3,0.05,82,0.96111,1.0,1.0,1.0,0.14173,0.0877
640,1,0.95,3,0.1625,82,0.96111,1.0,1.0,1.0,0.14173,0.0877
641,1,0.95,3,0.275,82,0.96111,1.0,1.0,1.0,0.14173,0.0877
642,1,0.95,3,0.3875,82,0.96111,1.0,1.0,1.0,0.14173,0.0877
643,1,0.95,3,0.5,82,0.96111,1.0,1.0,1.0,0.14173,0.0877
644,1,0.95,3,0.6125,82,0.96111,1.0,1.0,1.0,0.12699,0.0877
645,1,0.95,3,0.725,82,0.96111,1.0,1.0,1.0,0.0,0.08605
646,1,0.95,3,0.8375,82,0.96111,1.0,1.0,1.0,0.0,0.07862
647,1,0.95,3,0.95,82,0.96111,1.0,1.0,1.0,0.0,0.0568
