missing_value,normalization,outlier,model,outlier_bef_normalization_strat,outlier_bef_outlier_strat,profile_median,corr_OverallQual,ot_OverallQual,corr_YearBuilt,ot_YearBuilt,corr_YearRemodAdd,ot_YearRemodAdd,corr_ExterQual,ot_ExterQual,corr_BsmtQual,ot_BsmtQual,corr_TotalBsmtSF,ot_TotalBsmtSF,corr_1stFlrSF,ot_1stFlrSF,corr_GrLivArea,ot_GrLivArea,corr_FullBath,ot_FullBath,corr_KitchenQual,ot_KitchenQual,corr_TotRmsAbvGrd,ot_TotRmsAbvGrd,corr_Fireplaces,ot_Fireplaces,corr_GarageFinish,ot_GarageFinish,corr_GarageCars,ot_GarageCars,corr_GarageArea,ot_GarageArea,utility_rmse
1,1,1,1,0.17465753424657535,0.17465753424657535,160600.0,0.78,0.25,0.51,0.4,0.54,0.53,3363.18,0.0,3363.18,0.0,0.57,0.13,0.58,0.16,0.65,0.15,0.5,0.03,3363.18,0.0,0.48,0.19,0.46,0.08,3363.23,0.0,0.62,0.41,0.59,0.21,186.14548582958727
1,1,2,1,0.17465753424657535,0.17465753424657535,157000.0,0.77,0.18,0.65,0.42,0.57,0.54,4133.08,0.0,4133.09,0.0,0.56,0.22,0.53,0.25,0.74,0.2,0.62,1.0,4133.09,0.0,0.52,0.21,0.41,0.05,4133.15,0.0,0.63,0.38,0.61,0.16,145.05955099917364
1,1,3,1,0.17465753424657535,0.17465753424657535,159467.0,0.78,0.21,0.59,0.41,0.55,0.52,4013.02,0.0,4013.04,0.0,0.58,0.27,0.57,0.28,0.68,0.21,0.49,0.02,4013.03,0.0,0.43,0.28,0.41,0.07,4013.09,0.0,0.62,0.4,0.59,0.26,157.7671060443903
1,1,4,1,0.17465753424657535,0.17465753424657535,163000.0,0.8,0.25,0.54,0.32,0.55,0.47,2474.96,0.0,2474.97,0.0,0.64,0.18,0.62,0.21,0.71,0.22,0.5,0.02,2474.97,0.0,0.49,0.18,0.43,0.53,2475.0,0.0,0.67,0.4,0.65,0.28,162.68348301067036
1,1,5,1,0.17465753424657535,0.17465753424657535,161750.0,0.79,0.23,0.57,0.36,0.56,0.53,2778.25,0.0,2778.26,0.0,0.62,0.2,0.6,0.31,0.68,0.25,0.51,0.02,2778.25,0.0,0.45,0.31,0.43,0.55,2778.29,0.0,0.66,0.38,0.66,0.22,165.540316240018
1,1,6,1,0.17465753424657535,0.17465753424657535,162500.0,0.78,0.23,0.59,0.36,0.59,0.67,2864.18,0.0,2864.19,0.0,0.61,0.2,0.59,0.31,0.68,0.31,0.51,0.02,2864.18,0.0,0.44,0.29,0.4,0.55,2864.22,0.0,0.66,0.37,0.66,0.21,162.84595280791734
1,1,7,1,0.17465753424657535,0.17465753424657535,164500.0,0.78,0.2,0.57,0.38,0.57,0.6,3257.81,0.0,3257.82,0.0,0.57,0.32,0.57,0.28,0.7,0.29,0.52,0.02,3257.82,0.0,0.46,0.26,0.39,0.55,3257.86,0.0,0.65,0.35,0.65,0.21,157.85173855691278
1,1,8,1,0.17465753424657535,0.17465753424657535,164000.0,0.78,0.2,0.57,0.34,0.58,0.58,3481.38,0.0,3481.39,0.0,0.52,0.26,0.53,0.28,0.72,0.3,0.57,0.02,3481.38,0.0,0.48,0.26,0.41,0.55,3481.43,0.0,0.62,0.34,0.61,0.21,156.3469340536561
1,2,1,1,0.17465753424657535,0.17465753424657535,160600.0,0.78,0.25,0.51,0.4,0.54,0.53,3363.27,0.04,3363.27,0.1,0.57,0.13,0.58,0.16,0.65,0.15,0.5,0.03,3363.27,0.1,0.48,0.19,0.46,0.08,3363.27,0.52,0.62,0.41,0.59,0.21,186.14548582958727
1,2,2,1,0.17465753424657535,0.17465753424657535,157000.0,0.77,0.18,0.65,0.42,0.57,0.54,4133.21,0.34,4133.2,0.01,0.56,0.22,0.53,0.25,0.74,0.2,0.62,1.0,4133.2,0.02,0.52,0.21,0.41,0.05,4133.21,0.51,0.63,0.38,0.61,0.16,145.05955099917367
1,2,3,1,0.17465753424657535,0.17465753424657535,153000.0,0.73,0.17,0.58,0.43,0.52,0.49,4638.54,0.31,4638.53,0.03,0.52,0.23,0.52,0.28,0.66,0.21,0.54,0.01,4638.53,0.03,0.41,0.27,0.4,0.07,4638.54,0.48,0.58,0.4,0.54,0.24,152.83649782443027
1,2,4,1,0.17465753424657535,0.17465753424657535,158000.0,0.78,0.21,0.54,0.35,0.55,0.5,2393.03,0.03,2393.03,0.1,0.68,0.13,0.66,0.19,0.68,0.21,0.5,0.02,2393.03,0.09,0.48,0.16,0.44,0.56,2393.03,0.52,0.61,0.15,0.59,0.25,166.0281084418605
1,2,5,1,0.17465753424657535,0.17465753424657535,155000.0,0.81,0.2,0.6,0.34,0.56,0.51,2829.37,0.34,2829.37,0.09,0.63,0.21,0.58,0.28,0.66,0.26,0.47,0.0,2829.37,0.09,0.43,0.27,0.4,0.55,2829.37,0.52,0.67,0.43,0.65,0.22,155.8261185818897
1,2,6,1,0.17465753424657535,0.17465753424657535,160000.0,0.8,0.19,0.59,0.36,0.55,0.59,2977.62,0.35,2977.62,0.08,0.65,0.19,0.6,0.23,0.68,0.25,0.5,0.45,2977.62,0.08,0.48,0.25,0.4,0.53,2977.62,1.0,0.68,0.42,0.66,0.2,152.86463259999886
1,2,7,1,0.17465753424657535,0.17465753424657535,160000.0,0.79,0.18,0.6,0.33,0.54,0.52,3164.87,0.35,3164.87,0.05,0.61,0.23,0.58,0.24,0.7,0.25,0.54,0.47,3164.87,0.05,0.5,0.25,0.39,0.53,3164.87,1.0,0.68,0.39,0.65,0.16,154.2834070021829
1,2,8,1,0.17465753424657535,0.17465753424657535,159434.0,0.75,0.16,0.6,0.37,0.53,0.6,3886.26,0.33,3886.26,0.02,0.57,0.21,0.53,0.26,0.69,0.23,0.58,0.47,3886.26,0.01,0.49,0.24,0.35,0.54,3886.26,0.53,0.65,0.37,0.6,0.17,151.6968390624006
1,3,1,1,0.17465753424657535,0.17465753424657535,160600.0,0.78,0.25,0.51,0.4,0.54,0.53,3363.29,0.04,3363.26,0.1,0.57,0.13,0.58,0.16,0.65,0.15,0.5,0.03,3363.3,0.1,0.48,0.19,0.46,0.08,3363.27,0.52,0.62,0.41,0.59,0.21,186.14548582958727
1,3,2,1,0.17465753424657535,0.17465753424657535,157000.0,0.77,0.18,0.65,0.42,0.57,0.54,4133.23,0.34,4133.19,0.01,0.56,0.22,0.53,0.25,0.74,0.2,0.62,1.0,4133.24,0.02,0.52,0.21,0.41,0.05,4133.21,0.51,0.63,0.38,0.61,0.16,145.05955099917367
1,3,3,1,0.17465753424657535,0.17465753424657535,153000.0,0.73,0.17,0.58,0.43,0.52,0.49,4638.56,0.31,4638.52,0.03,0.52,0.23,0.52,0.28,0.66,0.21,0.54,0.01,4638.57,0.03,0.41,0.27,0.4,0.07,4638.54,0.48,0.58,0.4,0.54,0.24,152.83649782443027
1,3,4,1,0.17465753424657535,0.17465753424657535,158000.0,0.79,0.23,0.52,0.35,0.56,0.53,2266.41,0.34,2266.39,0.11,0.66,0.15,0.64,0.18,0.7,0.2,0.52,0.02,2266.42,0.1,0.51,0.17,0.45,0.56,2266.4,0.51,0.65,0.16,0.63,0.23,164.99079796215668
1,3,5,1,0.17465753424657535,0.17465753424657535,157500.0,0.8,0.21,0.6,0.37,0.57,0.46,2756.44,0.35,2756.42,0.1,0.63,0.19,0.58,0.31,0.68,0.23,0.5,0.01,2756.45,0.09,0.46,0.27,0.42,0.55,2756.42,0.52,0.68,0.44,0.68,0.2,155.63277901915853
1,3,6,1,0.17465753424657535,0.17465753424657535,160000.0,0.79,0.2,0.59,0.34,0.56,0.46,2820.96,0.34,2820.93,0.09,0.64,0.2,0.61,0.24,0.69,0.27,0.51,0.48,2820.96,0.08,0.49,0.25,0.41,0.55,2820.94,0.53,0.69,0.41,0.68,0.19,154.30128450941965
1,3,7,1,0.17465753424657535,0.17465753424657535,162000.0,0.79,0.18,0.59,0.36,0.54,0.47,3134.3,0.35,3134.27,0.06,0.62,0.24,0.58,0.25,0.7,0.26,0.52,0.46,3134.31,0.06,0.52,0.25,0.4,0.52,3134.28,0.54,0.67,0.38,0.64,0.17,153.61942442186486
1,3,8,1,0.17465753424657535,0.17465753424657535,160000.0,0.78,0.16,0.59,0.39,0.53,0.68,3528.56,0.34,3528.53,0.03,0.6,0.26,0.56,0.27,0.71,0.2,0.56,0.48,3528.57,0.03,0.54,0.25,0.37,0.53,3528.54,1.0,0.65,0.36,0.63,0.17,149.8388625122494
1,4,1,1,0.17465753424657535,0.17465753424657535,160600.0,0.78,0.25,0.51,0.4,0.54,0.53,3363.24,0.04,3363.24,0.1,0.57,0.13,0.58,0.16,0.65,0.15,0.5,0.03,3363.24,0.1,0.48,0.19,0.46,0.08,3363.25,0.52,0.62,0.41,0.59,0.21,186.14548582958724
1,4,2,1,0.17465753424657535,0.17465753424657535,157000.0,0.77,0.18,0.65,0.42,0.57,0.54,4133.17,0.34,4133.17,0.01,0.56,0.22,0.53,0.25,0.74,0.2,0.62,1.0,4133.17,0.02,0.52,0.21,0.41,0.05,4133.18,0.51,0.63,0.38,0.61,0.16,145.05955099917367
1,4,3,1,0.17465753424657535,0.17465753424657535,153450.0,0.72,0.17,0.58,0.43,0.52,0.53,4667.71,0.31,4667.71,0.03,0.51,0.22,0.51,0.29,0.66,0.23,0.54,0.01,4667.71,0.03,0.41,0.27,0.4,0.07,4667.72,0.48,0.58,0.4,0.54,0.25,152.72835544985904
1,4,4,1,0.17465753424657535,0.17465753424657535,160000.0,0.79,0.22,0.57,0.4,0.54,0.46,2606.74,0.03,2606.74,0.11,0.63,0.17,0.6,0.25,0.66,0.25,0.49,0.01,2606.74,0.08,0.44,0.17,0.44,0.07,2606.74,0.51,0.66,0.41,0.65,0.24,163.6835627507283
1,4,5,1,0.17465753424657535,0.17465753424657535,156000.0,0.8,0.22,0.59,0.35,0.57,0.51,2647.02,0.32,2647.02,0.11,0.61,0.19,0.58,0.25,0.67,0.17,0.48,0.01,2647.02,0.1,0.48,0.15,0.42,0.06,2647.03,0.48,0.68,0.43,0.66,0.23,155.7087877891142
1,4,6,1,0.17465753424657535,0.17465753424657535,159895.0,0.81,0.2,0.58,0.42,0.57,0.5,2611.44,0.33,2611.44,0.12,0.64,0.16,0.59,0.2,0.64,0.19,0.47,0.45,2611.44,0.09,0.45,0.13,0.45,0.54,2611.45,0.52,0.63,0.38,0.61,0.22,162.03011707345937
1,4,7,1,0.17465753424657535,0.17465753424657535,160000.0,0.79,0.19,0.57,0.43,0.56,0.56,2653.82,0.33,2653.82,0.1,0.65,0.13,0.6,0.18,0.66,0.23,0.5,0.45,2653.82,0.08,0.46,0.27,0.41,0.5,2653.82,0.54,0.64,0.4,0.61,0.16,163.862488115696
1,4,8,1,0.17465753424657535,0.17465753424657535,160000.0,0.79,0.2,0.58,0.35,0.57,0.5,2684.33,0.34,2684.34,0.08,0.63,0.13,0.59,0.19,0.66,0.26,0.47,0.45,2684.33,0.08,0.47,0.28,0.44,0.54,2684.34,0.51,0.6,0.36,0.57,0.18,163.11540344691693
1,5,1,1,0.17465753424657535,0.17465753424657535,160600.0,0.78,0.25,0.51,0.4,0.54,0.53,3363.24,0.04,3363.24,0.1,0.57,0.13,0.58,0.16,0.65,0.15,0.5,0.03,3363.24,0.1,0.48,0.19,0.46,0.08,3363.25,0.52,0.62,0.41,0.59,0.21,186.14548582958727
1,5,2,1,0.17465753424657535,0.17465753424657535,157000.0,0.77,0.18,0.65,0.42,0.57,0.54,4133.17,0.34,4133.17,0.01,0.56,0.22,0.53,0.25,0.74,0.2,0.62,1.0,4133.17,0.02,0.52,0.21,0.41,0.05,4133.18,0.51,0.63,0.38,0.61,0.16,145.05955099917367
1,5,3,1,0.17465753424657535,0.17465753424657535,153950.0,0.72,0.17,0.59,0.46,0.52,0.58,4566.62,0.31,4566.63,0.03,0.53,0.23,0.54,0.24,0.7,0.18,0.55,0.01,4566.63,0.04,0.46,0.26,0.39,0.07,4566.64,0.49,0.58,0.11,0.55,0.25,151.65352785696197
1,5,4,1,0.17465753424657535,0.17465753424657535,159434.0,0.79,0.22,0.56,0.36,0.55,0.47,2770.08,0.02,2770.08,0.1,0.61,0.15,0.58,0.2,0.66,0.25,0.49,0.01,2770.08,0.08,0.45,0.15,0.4,0.55,2770.08,0.51,0.63,0.41,0.6,0.21,163.6103993288228
1,5,5,1,0.17465753424657535,0.17465753424657535,155000.0,0.82,0.22,0.6,0.32,0.57,0.45,2636.9,0.31,2636.9,0.1,0.63,0.2,0.58,0.23,0.7,0.17,0.54,0.5,2636.9,0.1,0.51,0.25,0.4,0.06,2636.91,0.48,0.68,0.45,0.66,0.25,152.83652816514586
1,5,6,1,0.17465753424657535,0.17465753424657535,157000.0,0.81,0.2,0.6,0.41,0.53,0.49,2569.66,0.33,2569.66,0.11,0.65,0.17,0.61,0.23,0.68,0.16,0.5,0.48,2569.66,0.09,0.5,0.25,0.41,0.53,2569.67,0.49,0.64,0.41,0.62,0.21,160.91996049108613
1,5,7,1,0.17465753424657535,0.17465753424657535,157000.0,0.8,0.19,0.58,0.35,0.51,0.51,2595.96,0.33,2595.96,0.06,0.65,0.14,0.61,0.27,0.7,0.18,0.51,0.48,2595.96,0.07,0.51,0.25,0.44,0.54,2595.97,0.5,0.63,0.4,0.59,0.21,161.04805257927484
1,5,8,1,0.17465753424657535,0.17465753424657535,157900.0,0.8,0.21,0.6,0.35,0.51,0.48,2595.3,0.35,2595.3,0.05,0.68,0.13,0.64,0.18,0.74,0.2,0.53,0.48,2595.3,0.06,0.55,0.24,0.44,0.55,2595.31,0.51,0.67,0.41,0.64,0.18,156.54880028107183
2,1,1,1,0.17123287671232876,0.17123287671232876,163000.0,0.68,0.2,0.5,0.36,0.5,0.45,4033.93,0.0,4033.94,0.0,0.57,0.14,0.59,0.19,0.68,0.2,0.53,0.03,4033.93,0.0,0.51,0.19,0.45,0.08,4033.99,0.0,0.63,0.41,0.6,0.22,190.25646027387248
2,1,2,1,0.17123287671232876,0.17123287671232876,158000.0,0.69,0.13,0.65,0.31,0.58,0.54,5374.84,0.0,5374.85,0.0,0.53,0.21,0.5,0.24,0.73,0.23,0.61,0.49,5374.85,0.0,0.51,0.23,0.39,0.04,5374.93,0.0,0.62,0.35,0.61,0.18,145.40895271122042
2,1,3,1,0.17123287671232876,0.17123287671232876,160000.0,0.7,0.17,0.58,0.42,0.53,0.44,5047.05,0.0,5047.07,0.0,0.57,0.22,0.56,0.27,0.68,0.22,0.51,0.02,5047.06,0.0,0.44,0.28,0.41,0.07,5047.13,0.0,0.64,0.4,0.6,0.24,159.72762655019048
2,1,4,1,0.17123287671232876,0.17123287671232876,163000.0,0.73,0.2,0.51,0.43,0.52,0.57,3167.73,0.0,3167.74,0.0,0.63,0.17,0.61,0.15,0.7,0.2,0.52,0.03,3167.74,0.0,0.51,0.3,0.45,0.54,3167.78,0.0,0.66,0.41,0.65,0.28,166.12276964429034
2,1,5,1,0.17123287671232876,0.17123287671232876,164500.0,0.69,0.19,0.5,0.32,0.51,0.57,3202.71,0.0,3202.72,0.0,0.62,0.17,0.61,0.26,0.74,0.23,0.54,0.02,3202.72,0.0,0.53,0.18,0.44,0.54,3202.76,0.0,0.66,0.39,0.68,0.25,170.30159002400532
2,1,6,1,0.17123287671232876,0.17123287671232876,163000.0,0.72,0.19,0.59,0.3,0.57,0.61,3503.22,0.0,3503.23,0.0,0.63,0.21,0.61,0.32,0.68,0.28,0.54,0.02,3503.23,0.0,0.47,0.3,0.41,0.06,3503.27,0.0,0.68,0.37,0.69,0.23,162.36607160465883
2,1,7,1,0.17123287671232876,0.17123287671232876,166000.0,0.71,0.18,0.58,0.35,0.55,0.6,3930.39,0.0,3930.4,0.0,0.6,0.3,0.6,0.32,0.69,0.26,0.53,0.02,3930.39,0.0,0.47,0.28,0.39,0.54,3930.45,0.0,0.68,0.36,0.68,0.22,160.26588487651478
2,1,8,1,0.17123287671232876,0.17123287671232876,166000.0,0.71,0.16,0.57,0.3,0.56,0.62,4263.95,0.0,4263.96,0.0,0.55,0.31,0.54,0.33,0.69,0.29,0.53,0.02,4263.96,0.0,0.46,0.27,0.4,0.55,4264.02,0.0,0.66,0.34,0.65,0.28,158.47524957421413
2,2,1,1,0.17123287671232876,0.17123287671232876,163000.0,0.68,0.2,0.5,0.36,0.5,0.45,4034.04,0.04,4034.04,0.11,0.57,0.14,0.59,0.19,0.68,0.2,0.53,0.03,4034.04,0.09,0.51,0.19,0.45,0.08,4034.04,0.52,0.63,0.41,0.6,0.22,190.25646027387248
2,2,2,1,0.17123287671232876,0.17123287671232876,158000.0,0.69,0.13,0.65,0.31,0.58,0.54,5375.0,0.34,5375.0,0.02,0.53,0.21,0.5,0.24,0.73,0.23,0.61,0.49,5375.0,0.01,0.51,0.23,0.39,0.04,5375.01,0.53,0.62,0.35,0.61,0.18,145.4089527112204
2,2,3,1,0.17123287671232876,0.17123287671232876,155000.0,0.65,0.14,0.58,0.42,0.5,0.54,5832.89,0.31,5832.88,0.04,0.52,0.23,0.52,0.27,0.7,0.2,0.56,0.01,5832.88,0.03,0.47,0.26,0.4,0.07,5832.89,0.49,0.61,0.39,0.57,0.26,151.64602760235218
2,2,4,1,0.17123287671232876,0.17123287671232876,160000.0,0.68,0.18,0.51,0.3,0.53,0.54,2664.09,0.03,2664.09,0.1,0.66,0.16,0.66,0.22,0.73,0.21,0.56,0.03,2664.09,0.09,0.56,0.17,0.44,0.09,2664.09,0.52,0.64,0.43,0.64,0.24,174.62497616953164
2,2,5,1,0.17123287671232876,0.17123287671232876,157900.0,0.69,0.16,0.57,0.36,0.54,0.5,3187.87,0.33,3187.87,0.09,0.62,0.19,0.62,0.28,0.68,0.23,0.53,0.47,3187.87,0.08,0.48,0.27,0.42,0.07,3187.87,0.52,0.67,0.42,0.66,0.24,166.2437110356625
2,2,6,1,0.17123287671232876,0.17123287671232876,160000.0,0.73,0.14,0.57,0.38,0.54,0.58,3680.43,0.34,3680.43,0.09,0.63,0.16,0.6,0.21,0.65,0.24,0.53,0.46,3680.43,0.07,0.46,0.26,0.39,0.53,3680.43,0.54,0.67,0.41,0.64,0.24,159.90530423335682
2,2,7,1,0.17123287671232876,0.17123287671232876,163000.0,0.72,0.14,0.62,0.4,0.53,0.6,4044.82,0.36,4044.82,0.05,0.62,0.26,0.58,0.23,0.69,0.28,0.56,0.46,4044.82,0.05,0.52,0.25,0.39,0.52,4044.82,1.0,0.71,0.39,0.68,0.16,151.1927914309688
2,2,8,1,0.17123287671232876,0.17123287671232876,162000.0,0.71,0.14,0.61,0.35,0.52,0.62,4545.09,0.34,4545.09,0.03,0.59,0.24,0.56,0.26,0.7,0.21,0.59,0.46,4545.09,0.03,0.54,0.24,0.36,0.53,4545.1,0.54,0.68,0.37,0.64,0.2,151.60662342899957
2,3,1,1,0.17123287671232876,0.17123287671232876,163000.0,0.68,0.2,0.5,0.36,0.5,0.45,4034.06,0.04,4034.03,0.11,0.57,0.14,0.59,0.19,0.68,0.2,0.53,0.03,4034.07,0.09,0.51,0.19,0.45,0.08,4034.04,0.52,0.63,0.41,0.6,0.22,190.25646027387248
2,3,2,1,0.17123287671232876,0.17123287671232876,158000.0,0.69,0.13,0.65,0.31,0.58,0.54,5375.03,0.34,5374.98,0.02,0.53,0.21,0.5,0.24,0.73,0.23,0.61,0.49,5375.04,0.01,0.51,0.23,0.39,0.04,5375.0,0.53,0.62,0.35,0.61,0.18,145.40895271122037
2,3,3,1,0.17123287671232876,0.17123287671232876,154000.0,0.66,0.14,0.56,0.42,0.49,0.53,5890.6,0.31,5890.55,0.04,0.5,0.24,0.51,0.26,0.67,0.2,0.55,0.01,5890.62,0.03,0.43,0.27,0.41,0.07,5890.57,0.48,0.6,0.39,0.56,0.23,153.82585952617805
2,3,4,1,0.17123287671232876,0.17123287671232876,163000.0,0.68,0.19,0.48,0.37,0.51,0.5,2601.35,0.04,2601.33,0.1,0.64,0.16,0.64,0.16,0.74,0.2,0.57,0.03,2601.36,0.1,0.57,0.19,0.47,0.09,2601.34,0.51,0.65,0.43,0.64,0.29,177.38313263358424
2,3,5,1,0.17123287671232876,0.17123287671232876,158000.0,0.72,0.17,0.58,0.35,0.56,0.56,3350.97,0.32,3350.94,0.11,0.64,0.2,0.62,0.3,0.69,0.16,0.53,0.01,3350.97,0.08,0.48,0.27,0.42,0.06,3350.95,0.51,0.68,0.42,0.67,0.22,158.1345349785086
2,3,6,1,0.17123287671232876,0.17123287671232876,160000.0,0.71,0.16,0.57,0.34,0.52,0.45,3304.98,0.33,3304.96,0.1,0.64,0.22,0.63,0.23,0.7,0.22,0.53,0.47,3304.99,0.07,0.52,0.25,0.42,0.55,3304.96,0.53,0.68,0.4,0.67,0.25,162.87533078533374
2,3,7,1,0.17123287671232876,0.17123287671232876,161000.0,0.69,0.14,0.59,0.33,0.51,0.58,3735.9,0.34,3735.87,0.06,0.61,0.24,0.57,0.26,0.7,0.24,0.55,0.48,3735.91,0.05,0.54,0.25,0.39,0.55,3735.88,1.0,0.69,0.37,0.67,0.2,157.79816306036008
2,3,8,1,0.17123287671232876,0.17123287671232876,162500.0,0.71,0.14,0.61,0.39,0.52,0.6,4282.29,0.35,4282.25,0.04,0.61,0.24,0.58,0.27,0.69,0.23,0.54,0.47,4282.3,0.04,0.53,0.25,0.38,0.54,4282.26,1.0,0.69,0.36,0.65,0.17,151.6270995931908
2,4,1,1,0.17123287671232876,0.17123287671232876,163000.0,0.68,0.2,0.5,0.36,0.5,0.45,4034.0,0.04,4034.01,0.11,0.57,0.14,0.59,0.19,0.68,0.2,0.53,0.03,4034.01,0.09,0.51,0.19,0.45,0.08,4034.01,0.52,0.63,0.41,0.6,0.22,190.25646027387248
2,4,2,1,0.17123287671232876,0.17123287671232876,158000.0,0.69,0.13,0.65,0.31,0.58,0.54,5374.95,0.34,5374.96,0.02,0.53,0.21,0.5,0.24,0.73,0.23,0.61,0.49,5374.96,0.01,0.51,0.23,0.39,0.04,5374.97,0.53,0.62,0.35,0.61,0.18,145.40895271122034
2,4,3,1,0.17123287671232876,0.17123287671232876,154000.0,0.65,0.32,0.56,0.45,0.49,0.51,5920.66,0.31,5920.67,0.04,0.5,0.24,0.51,0.26,0.67,0.24,0.55,0.01,5920.66,0.03,0.43,0.27,0.41,0.07,5920.68,0.48,0.6,0.39,0.56,0.25,153.7898019906912
2,4,4,1,0.17123287671232876,0.17123287671232876,162000.0,0.68,0.18,0.51,0.33,0.49,0.54,3066.33,0.02,3066.33,0.1,0.62,0.15,0.62,0.27,0.7,0.23,0.53,0.02,3066.33,0.08,0.51,0.16,0.47,0.08,3066.34,0.51,0.64,0.4,0.64,0.27,171.4654940110436
2,4,5,1,0.17123287671232876,0.17123287671232876,159000.0,0.72,0.17,0.6,0.37,0.55,0.53,3452.63,0.32,3452.63,0.11,0.61,0.22,0.58,0.28,0.69,0.2,0.52,0.46,3452.63,0.08,0.51,0.28,0.44,0.06,3452.64,0.49,0.7,0.4,0.67,0.22,154.56099998750219
2,4,6,1,0.17123287671232876,0.17123287671232876,160200.0,0.72,0.18,0.6,0.44,0.53,0.51,2980.37,0.34,2980.38,0.12,0.64,0.15,0.6,0.2,0.7,0.18,0.54,0.46,2980.38,0.09,0.49,0.26,0.45,0.05,2980.38,0.52,0.67,0.4,0.65,0.29,168.16072175618748
2,4,7,1,0.17123287671232876,0.17123287671232876,163000.0,0.68,0.15,0.53,0.36,0.52,0.46,2953.1,0.32,2953.1,0.11,0.62,0.15,0.6,0.24,0.69,0.18,0.54,0.45,2953.1,0.07,0.52,0.15,0.39,0.5,2953.11,0.53,0.64,0.38,0.61,0.19,175.16756978446296
2,4,8,1,0.17123287671232876,0.17123287671232876,164990.0,0.69,0.15,0.53,0.37,0.52,0.45,3449.3,0.33,3449.31,0.09,0.63,0.14,0.6,0.24,0.66,0.25,0.52,0.44,3449.31,0.06,0.5,0.31,0.42,0.52,3449.31,0.53,0.61,0.34,0.59,0.18,166.16694581775326
2,5,1,1,0.17123287671232876,0.17123287671232876,163000.0,0.68,0.2,0.5,0.36,0.5,0.45,4034.0,0.04,4034.01,0.11,0.57,0.14,0.59,0.19,0.68,0.2,0.53,0.03,4034.01,0.09,0.51,0.19,0.45,0.08,4034.01,0.52,0.63,0.41,0.6,0.22,190.25646027387248
2,5,2,1,0.17123287671232876,0.17123287671232876,158000.0,0.69,0.13,0.65,0.31,0.58,0.54,5374.95,0.34,5374.96,0.02,0.53,0.21,0.5,0.24,0.73,0.23,0.61,0.49,5374.96,0.01,0.51,0.23,0.39,0.04,5374.97,0.53,0.62,0.35,0.61,0.18,145.40895271122037
2,5,3,1,0.17123287671232876,0.17123287671232876,155000.0,0.65,0.14,0.58,0.42,0.5,0.54,5832.83,0.31,5832.84,0.04,0.52,0.23,0.52,0.27,0.7,0.2,0.56,0.01,5832.84,0.03,0.47,0.26,0.4,0.07,5832.85,0.49,0.61,0.39,0.57,0.26,151.64602760235215
2,5,4,1,0.17123287671232876,0.17123287671232876,162000.0,0.68,0.18,0.52,0.36,0.49,0.48,3098.28,0.02,3098.28,0.1,0.62,0.18,0.6,0.19,0.72,0.21,0.55,0.02,3098.28,0.08,0.52,0.18,0.44,0.08,3098.29,0.52,0.65,0.4,0.63,0.26,171.65676488526432
2,5,5,1,0.17123287671232876,0.17123287671232876,158000.0,0.72,0.17,0.55,0.32,0.54,0.51,3427.29,0.32,3427.29,0.11,0.58,0.2,0.58,0.22,0.7,0.17,0.55,0.49,3427.29,0.09,0.51,0.27,0.43,0.06,3427.3,0.49,0.67,0.41,0.65,0.25,160.32904065782157
2,5,6,1,0.17123287671232876,0.17123287671232876,160000.0,0.71,0.16,0.58,0.46,0.52,0.43,3106.94,0.34,3106.95,0.12,0.63,0.17,0.6,0.26,0.71,0.2,0.54,0.47,3106.94,0.07,0.53,0.25,0.42,0.54,3106.95,0.52,0.67,0.4,0.65,0.22,168.90551853465823
2,5,7,1,0.17123287671232876,0.17123287671232876,160000.0,0.71,0.15,0.58,0.36,0.49,0.45,3126.64,0.33,3126.64,0.07,0.64,0.16,0.6,0.21,0.7,0.2,0.55,0.48,3126.64,0.06,0.55,0.25,0.41,0.54,3126.65,0.51,0.65,0.39,0.62,0.2,166.65931970318954
2,5,8,1,0.17123287671232876,0.17123287671232876,160000.0,0.71,0.16,0.59,0.4,0.49,0.6,3273.67,0.34,3273.67,0.05,0.65,0.16,0.62,0.25,0.71,0.17,0.56,0.47,3273.67,0.05,0.54,0.13,0.42,0.54,3273.68,0.52,0.67,0.38,0.64,0.17,162.1970334500789
3,1,1,1,0.17397260273972603,0.17397260273972603,163000.0,0.68,0.2,0.5,0.36,0.5,0.45,4033.93,0.0,4033.94,0.0,0.57,0.14,0.59,0.19,0.68,0.2,0.53,0.03,4033.93,0.0,0.51,0.19,0.45,0.08,4033.99,0.0,0.63,0.41,0.6,0.22,190.27377583262
3,1,2,1,0.17397260273972603,0.17397260273972603,159000.0,0.69,0.32,0.64,0.33,0.57,0.58,5401.6,0.0,5401.62,0.0,0.51,0.18,0.49,0.24,0.73,0.24,0.62,0.49,5401.61,0.0,0.5,0.23,0.4,0.04,5401.69,0.0,0.62,0.34,0.6,0.15,146.88735765706608
3,1,3,1,0.17397260273972603,0.17397260273972603,160000.0,0.7,0.17,0.58,0.42,0.53,0.44,5047.05,0.0,5047.07,0.0,0.57,0.22,0.56,0.27,0.68,0.22,0.51,0.02,5047.06,0.0,0.44,0.28,0.41,0.07,5047.13,0.0,0.64,0.4,0.6,0.24,159.68447549754902
3,1,4,1,0.17397260273972603,0.17397260273972603,163000.0,0.73,0.2,0.51,0.43,0.52,0.57,3167.73,0.0,3167.74,0.0,0.63,0.17,0.61,0.15,0.7,0.2,0.52,0.03,3167.74,0.0,0.51,0.3,0.45,0.54,3167.78,0.0,0.66,0.41,0.65,0.28,166.0987912082807
3,1,5,1,0.17397260273972603,0.17397260273972603,164500.0,0.69,0.37,0.5,0.32,0.51,0.57,3202.71,0.0,3202.72,0.0,0.62,0.17,0.61,0.26,0.74,0.23,0.54,0.02,3202.72,0.0,0.53,0.18,0.44,0.54,3202.76,0.0,0.66,0.39,0.68,0.25,170.2809155505525
3,1,6,1,0.17397260273972603,0.17397260273972603,163000.0,0.72,0.19,0.59,0.3,0.57,0.61,3503.22,0.0,3503.23,0.0,0.63,0.21,0.61,0.32,0.68,0.28,0.54,0.02,3503.23,0.0,0.47,0.3,0.41,0.06,3503.27,0.0,0.68,0.37,0.69,0.23,162.34077574978292
3,1,7,1,0.17397260273972603,0.17397260273972603,166000.0,0.71,0.35,0.58,0.35,0.55,0.6,3930.39,0.0,3930.4,0.0,0.6,0.3,0.6,0.32,0.69,0.26,0.53,0.02,3930.39,0.0,0.47,0.28,0.39,0.54,3930.45,0.0,0.68,0.36,0.68,0.22,160.24186561880754
3,1,8,1,0.17397260273972603,0.17397260273972603,166000.0,0.71,0.16,0.57,0.3,0.56,0.62,4263.95,0.0,4263.96,0.0,0.55,0.31,0.54,0.33,0.69,0.29,0.53,0.02,4263.96,0.0,0.46,0.27,0.4,0.55,4264.02,0.0,0.66,0.34,0.65,0.28,158.4369061643667
3,2,1,1,0.17397260273972603,0.17397260273972603,163000.0,0.68,0.2,0.5,0.36,0.5,0.45,4034.04,0.04,4034.04,0.11,0.57,0.14,0.59,0.19,0.68,0.2,0.53,0.03,4034.04,0.09,0.51,0.19,0.45,0.08,4034.04,0.52,0.63,0.41,0.6,0.22,190.27377583261998
3,2,2,1,0.17397260273972603,0.17397260273972603,159000.0,0.69,0.32,0.64,0.33,0.57,0.58,5401.76,0.34,5401.76,0.03,0.51,0.18,0.49,0.24,0.73,0.24,0.62,0.49,5401.76,0.01,0.5,0.23,0.4,0.04,5401.77,0.54,0.62,0.34,0.6,0.15,146.8873576570662
3,2,3,1,0.17397260273972603,0.17397260273972603,155000.0,0.65,0.14,0.58,0.42,0.49,0.51,5863.78,0.31,5863.78,0.04,0.52,0.23,0.52,0.28,0.7,0.21,0.55,0.01,5863.78,0.03,0.46,0.26,0.39,0.07,5863.79,0.49,0.6,0.39,0.57,0.26,151.55355307155313
3,2,4,1,0.17397260273972603,0.17397260273972603,160000.0,0.67,0.18,0.51,0.33,0.53,0.49,2673.7,0.03,2673.7,0.1,0.66,0.15,0.65,0.24,0.73,0.2,0.56,0.03,2673.7,0.09,0.56,0.18,0.44,0.09,2673.7,0.51,0.64,0.42,0.64,0.22,174.55931020186017
3,2,5,1,0.17397260273972603,0.17397260273972603,158000.0,0.69,0.16,0.57,0.41,0.54,0.47,3207.26,0.32,3207.26,0.09,0.61,0.2,0.61,0.24,0.68,0.18,0.53,0.47,3207.26,0.08,0.48,0.27,0.42,0.06,3207.26,0.52,0.67,0.42,0.66,0.23,166.18087920728763
3,2,6,1,0.17397260273972603,0.17397260273972603,160000.0,0.73,0.14,0.59,0.43,0.54,0.56,3691.0,0.34,3691.0,0.08,0.62,0.18,0.59,0.21,0.66,0.22,0.53,0.46,3691.0,0.07,0.46,0.26,0.4,0.54,3691.01,0.54,0.67,0.41,0.64,0.24,159.77926252694073
3,2,7,1,0.17397260273972603,0.17397260273972603,163000.0,0.72,0.14,0.62,0.34,0.53,0.54,4033.07,0.36,4033.07,0.06,0.62,0.23,0.57,0.28,0.69,0.2,0.56,0.46,4033.07,0.05,0.52,0.25,0.38,0.52,4033.08,1.0,0.71,0.39,0.67,0.18,152.50446230101775
3,2,8,1,0.17397260273972603,0.17397260273972603,162000.0,0.71,0.14,0.61,0.36,0.52,0.57,4561.22,0.34,4561.21,0.03,0.59,0.27,0.55,0.24,0.7,0.25,0.59,0.46,4561.22,0.03,0.54,0.24,0.36,0.53,4561.22,0.54,0.68,0.36,0.64,0.23,151.0291034402861
3,3,1,1,0.17397260273972603,0.17397260273972603,163000.0,0.68,0.2,0.5,0.36,0.5,0.45,4034.06,0.04,4034.03,0.11,0.57,0.14,0.59,0.19,0.68,0.2,0.53,0.03,4034.07,0.09,0.51,0.19,0.45,0.08,4034.04,0.52,0.63,0.41,0.6,0.22,190.27377583261998
3,3,2,1,0.17397260273972603,0.17397260273972603,159000.0,0.69,0.32,0.64,0.33,0.57,0.58,5401.8,0.34,5401.75,0.03,0.51,0.18,0.49,0.24,0.73,0.24,0.62,0.49,5401.8,0.01,0.5,0.23,0.4,0.04,5401.77,0.54,0.62,0.34,0.6,0.15,146.8873576570662
3,3,3,1,0.17397260273972603,0.17397260273972603,154000.0,0.66,0.14,0.56,0.42,0.49,0.53,5890.6,0.31,5890.55,0.04,0.5,0.24,0.51,0.26,0.67,0.2,0.55,0.01,5890.62,0.03,0.43,0.27,0.41,0.07,5890.57,0.48,0.6,0.39,0.56,0.23,153.7664443263262
3,3,4,1,0.17397260273972603,0.17397260273972603,162500.0,0.68,0.19,0.48,0.35,0.51,0.48,2590.02,0.04,2590.0,0.1,0.64,0.17,0.64,0.17,0.74,0.19,0.57,0.03,2590.03,0.1,0.57,0.19,0.47,0.09,2590.01,0.51,0.64,0.43,0.64,0.29,177.33259017966867
3,3,5,1,0.17397260273972603,0.17397260273972603,158000.0,0.72,0.18,0.58,0.31,0.55,0.49,3281.04,0.32,3281.01,0.11,0.65,0.21,0.63,0.27,0.69,0.18,0.53,0.01,3281.04,0.08,0.47,0.27,0.42,0.55,3281.02,0.51,0.68,0.42,0.68,0.23,160.09401515108112
3,3,6,1,0.17397260273972603,0.17397260273972603,160000.0,0.71,0.16,0.57,0.36,0.52,0.57,3301.18,0.34,3301.15,0.1,0.65,0.19,0.64,0.22,0.7,0.21,0.54,0.47,3301.18,0.07,0.53,0.25,0.42,0.55,3301.16,0.53,0.68,0.4,0.67,0.27,162.25192686628458
3,3,7,1,0.17397260273972603,0.17397260273972603,161000.0,0.69,0.14,0.59,0.38,0.51,0.58,3741.64,0.34,3741.61,0.06,0.61,0.25,0.57,0.28,0.7,0.25,0.55,0.48,3741.65,0.05,0.54,0.25,0.4,0.55,3741.62,1.0,0.69,0.37,0.67,0.2,157.80068788666267
3,3,8,1,0.17397260273972603,0.17397260273972603,163000.0,0.71,0.14,0.61,0.38,0.52,0.56,4284.87,0.35,4284.83,0.04,0.62,0.28,0.58,0.26,0.69,0.24,0.54,0.47,4284.87,0.04,0.53,0.25,0.38,0.54,4284.84,1.0,0.69,0.36,0.65,0.21,151.56256597389415
3,4,1,1,0.17397260273972603,0.17397260273972603,163000.0,0.68,0.2,0.5,0.36,0.5,0.45,4034.0,0.04,4034.01,0.11,0.57,0.14,0.59,0.19,0.68,0.2,0.53,0.03,4034.01,0.09,0.51,0.19,0.45,0.08,4034.01,0.52,0.63,0.41,0.6,0.22,190.27377583261995
3,4,2,1,0.17397260273972603,0.17397260273972603,159000.0,0.69,0.32,0.64,0.33,0.57,0.58,5401.72,0.34,5401.72,0.03,0.51,0.18,0.49,0.24,0.73,0.24,0.62,0.49,5401.72,0.01,0.5,0.23,0.4,0.04,5401.73,0.54,0.62,0.34,0.6,0.15,146.8873576570661
3,4,3,1,0.17397260273972603,0.17397260273972603,154000.0,0.66,0.32,0.56,0.45,0.49,0.51,5920.66,0.31,5920.67,0.04,0.5,0.24,0.51,0.26,0.67,0.24,0.55,0.01,5920.66,0.03,0.43,0.27,0.41,0.07,5920.68,0.48,0.6,0.39,0.56,0.25,153.72819475832455
3,4,4,1,0.17397260273972603,0.17397260273972603,162000.0,0.68,0.18,0.51,0.32,0.49,0.59,3064.19,0.02,3064.19,0.1,0.63,0.19,0.63,0.3,0.71,0.19,0.53,0.02,3064.19,0.08,0.51,0.17,0.47,0.08,3064.2,0.51,0.64,0.4,0.64,0.25,170.88624545133516
3,4,5,1,0.17397260273972603,0.17397260273972603,159000.0,0.72,0.17,0.6,0.35,0.55,0.49,3439.03,0.32,3439.03,0.11,0.61,0.17,0.58,0.25,0.69,0.17,0.53,0.47,3439.03,0.08,0.51,0.27,0.43,0.06,3439.04,0.48,0.7,0.41,0.67,0.21,154.64301370640132
3,4,6,1,0.17397260273972603,0.17397260273972603,161750.0,0.72,0.18,0.6,0.38,0.54,0.53,3001.72,0.34,3001.72,0.12,0.64,0.15,0.6,0.24,0.7,0.19,0.54,0.46,3001.72,0.09,0.49,0.14,0.45,0.05,3001.73,0.52,0.67,0.39,0.65,0.24,168.23499723613799
3,4,7,1,0.17397260273972603,0.17397260273972603,163000.0,0.68,0.15,0.53,0.39,0.52,0.52,2947.59,0.32,2947.59,0.11,0.62,0.16,0.6,0.19,0.69,0.17,0.54,0.45,2947.59,0.07,0.53,0.14,0.39,0.5,2947.6,0.53,0.64,0.38,0.61,0.21,175.28957967975225
3,4,8,1,0.17397260273972603,0.17397260273972603,164500.0,0.69,0.15,0.53,0.44,0.52,0.54,3441.03,0.33,3441.04,0.09,0.63,0.14,0.6,0.17,0.66,0.21,0.51,0.44,3441.03,0.06,0.49,0.31,0.41,0.52,3441.04,0.53,0.6,0.33,0.58,0.2,166.39716599172468
3,5,1,1,0.17397260273972603,0.17397260273972603,163000.0,0.68,0.2,0.5,0.36,0.5,0.45,4034.0,0.04,4034.01,0.11,0.57,0.14,0.59,0.19,0.68,0.2,0.53,0.03,4034.01,0.09,0.51,0.19,0.45,0.08,4034.01,0.52,0.63,0.41,0.6,0.22,190.27377583261998
3,5,2,1,0.17397260273972603,0.17397260273972603,159000.0,0.69,0.32,0.64,0.33,0.57,0.58,5401.72,0.34,5401.72,0.03,0.51,0.18,0.49,0.24,0.73,0.24,0.62,0.49,5401.72,0.01,0.5,0.23,0.4,0.04,5401.73,0.54,0.62,0.34,0.6,0.15,146.8873576570662
3,5,3,1,0.17397260273972603,0.17397260273972603,155000.0,0.66,0.14,0.58,0.42,0.5,0.54,5832.83,0.31,5832.84,0.04,0.52,0.23,0.52,0.27,0.7,0.2,0.56,0.01,5832.84,0.03,0.47,0.26,0.4,0.07,5832.85,0.49,0.61,0.39,0.57,0.26,151.6013105518248
3,5,4,1,0.17397260273972603,0.17397260273972603,162500.0,0.68,0.18,0.52,0.37,0.49,0.46,3098.07,0.02,3098.07,0.1,0.62,0.18,0.6,0.24,0.72,0.21,0.55,0.02,3098.07,0.08,0.52,0.18,0.44,0.08,3098.08,0.52,0.65,0.4,0.63,0.25,171.864719473328
3,5,5,1,0.17397260273972603,0.17397260273972603,158000.0,0.72,0.18,0.55,0.32,0.55,0.5,3438.21,0.32,3438.22,0.11,0.58,0.21,0.58,0.25,0.7,0.2,0.55,0.49,3438.22,0.09,0.51,0.27,0.43,0.06,3438.22,0.5,0.68,0.41,0.65,0.22,160.34359152298475
3,5,6,1,0.17397260273972603,0.17397260273972603,160000.0,0.71,0.16,0.58,0.41,0.52,0.41,3091.21,0.34,3091.21,0.12,0.63,0.16,0.6,0.22,0.71,0.15,0.55,0.47,3091.21,0.07,0.53,0.25,0.42,0.05,3091.21,0.51,0.67,0.4,0.65,0.21,168.65543717763634
3,5,7,1,0.17397260273972603,0.17397260273972603,160000.0,0.71,0.15,0.58,0.36,0.49,0.46,3126.46,0.33,3126.46,0.07,0.64,0.17,0.6,0.22,0.7,0.23,0.55,0.48,3126.46,0.06,0.55,0.25,0.41,0.54,3126.47,0.51,0.65,0.39,0.62,0.2,166.63808088808486
3,5,8,1,0.17397260273972603,0.17397260273972603,160000.0,0.71,0.16,0.59,0.39,0.49,0.6,3289.05,0.34,3289.06,0.05,0.65,0.15,0.61,0.25,0.71,0.2,0.56,0.47,3289.06,0.05,0.54,0.13,0.42,0.55,3289.06,0.52,0.66,0.38,0.63,0.17,162.07300585310966
4,1,1,1,0.17397260273972603,0.17397260273972603,163000.0,0.68,0.2,0.5,0.36,0.5,0.45,4033.93,0.0,4033.94,0.0,0.57,0.14,0.59,0.19,0.68,0.2,0.53,0.03,4033.93,0.0,0.51,0.19,0.45,0.08,4033.99,0.0,0.63,0.41,0.6,0.22,190.27377583262
4,1,2,1,0.17397260273972603,0.17397260273972603,159000.0,0.69,0.32,0.64,0.33,0.57,0.58,5401.6,0.0,5401.62,0.0,0.51,0.18,0.49,0.24,0.73,0.24,0.62,0.49,5401.61,0.0,0.5,0.23,0.4,0.04,5401.69,0.0,0.62,0.34,0.6,0.15,146.88735765706608
4,1,3,1,0.17397260273972603,0.17397260273972603,160000.0,0.7,0.17,0.58,0.42,0.53,0.44,5047.05,0.0,5047.07,0.0,0.57,0.22,0.56,0.27,0.68,0.22,0.51,0.02,5047.06,0.0,0.44,0.28,0.41,0.07,5047.13,0.0,0.64,0.4,0.6,0.24,159.68447549754902
4,1,4,1,0.17397260273972603,0.17397260273972603,163000.0,0.73,0.2,0.51,0.43,0.52,0.57,3167.73,0.0,3167.74,0.0,0.63,0.17,0.61,0.15,0.7,0.2,0.52,0.03,3167.74,0.0,0.51,0.3,0.45,0.54,3167.78,0.0,0.66,0.41,0.65,0.28,166.0987912082807
4,1,5,1,0.17397260273972603,0.17397260273972603,164500.0,0.69,0.37,0.5,0.32,0.51,0.57,3202.71,0.0,3202.72,0.0,0.62,0.17,0.61,0.26,0.74,0.23,0.54,0.02,3202.72,0.0,0.53,0.18,0.44,0.54,3202.76,0.0,0.66,0.39,0.68,0.25,170.2809155505525
4,1,6,1,0.17397260273972603,0.17397260273972603,163000.0,0.72,0.19,0.59,0.3,0.57,0.61,3503.22,0.0,3503.23,0.0,0.63,0.21,0.61,0.32,0.68,0.28,0.54,0.02,3503.23,0.0,0.47,0.3,0.41,0.06,3503.27,0.0,0.68,0.37,0.69,0.23,162.34077574978292
4,1,7,1,0.17397260273972603,0.17397260273972603,166000.0,0.71,0.35,0.58,0.35,0.55,0.6,3930.39,0.0,3930.4,0.0,0.6,0.3,0.6,0.32,0.69,0.26,0.53,0.02,3930.39,0.0,0.47,0.28,0.39,0.54,3930.45,0.0,0.68,0.36,0.68,0.22,160.24186561880754
4,1,8,1,0.17397260273972603,0.17397260273972603,166000.0,0.71,0.16,0.57,0.3,0.56,0.62,4263.95,0.0,4263.96,0.0,0.55,0.31,0.54,0.33,0.69,0.29,0.53,0.02,4263.96,0.0,0.46,0.27,0.4,0.55,4264.02,0.0,0.66,0.34,0.65,0.28,158.4369061643667
4,2,1,1,0.17397260273972603,0.17397260273972603,163000.0,0.68,0.2,0.5,0.36,0.5,0.45,4034.04,0.04,4034.04,0.11,0.57,0.14,0.59,0.19,0.68,0.2,0.53,0.03,4034.04,0.09,0.51,0.19,0.45,0.08,4034.04,0.52,0.63,0.41,0.6,0.22,190.27377583261998
4,2,2,1,0.17397260273972603,0.17397260273972603,159000.0,0.69,0.32,0.64,0.33,0.57,0.58,5401.76,0.34,5401.76,0.03,0.51,0.18,0.49,0.24,0.73,0.24,0.62,0.49,5401.76,0.01,0.5,0.23,0.4,0.04,5401.77,0.54,0.62,0.34,0.6,0.15,146.8873576570662
4,2,3,1,0.17397260273972603,0.17397260273972603,155000.0,0.65,0.14,0.58,0.42,0.49,0.51,5863.78,0.31,5863.78,0.04,0.52,0.23,0.52,0.28,0.7,0.21,0.55,0.01,5863.78,0.03,0.46,0.26,0.39,0.07,5863.79,0.49,0.6,0.39,0.57,0.26,151.55355307155313
4,2,4,1,0.17397260273972603,0.17397260273972603,160000.0,0.67,0.18,0.51,0.33,0.53,0.49,2673.7,0.03,2673.7,0.1,0.66,0.15,0.65,0.24,0.73,0.2,0.56,0.03,2673.7,0.09,0.56,0.18,0.44,0.09,2673.7,0.51,0.64,0.42,0.64,0.22,174.55931020186017
4,2,5,1,0.17397260273972603,0.17397260273972603,158000.0,0.69,0.16,0.57,0.41,0.54,0.47,3207.26,0.32,3207.26,0.09,0.61,0.2,0.61,0.24,0.68,0.18,0.53,0.47,3207.26,0.08,0.48,0.27,0.42,0.06,3207.26,0.52,0.67,0.42,0.66,0.23,166.18087920728763
4,2,6,1,0.17397260273972603,0.17397260273972603,160000.0,0.73,0.14,0.59,0.43,0.54,0.56,3691.0,0.34,3691.0,0.08,0.62,0.18,0.59,0.21,0.66,0.22,0.53,0.46,3691.0,0.07,0.46,0.26,0.4,0.54,3691.01,0.54,0.67,0.41,0.64,0.24,159.77926252694073
4,2,7,1,0.17397260273972603,0.17397260273972603,163000.0,0.72,0.14,0.62,0.34,0.53,0.54,4033.07,0.36,4033.07,0.06,0.62,0.23,0.57,0.28,0.69,0.2,0.56,0.46,4033.07,0.05,0.52,0.25,0.38,0.52,4033.08,1.0,0.71,0.39,0.67,0.18,152.50446230101775
4,2,8,1,0.17397260273972603,0.17397260273972603,162000.0,0.71,0.14,0.61,0.36,0.52,0.57,4561.22,0.34,4561.21,0.03,0.59,0.27,0.55,0.24,0.7,0.25,0.59,0.46,4561.22,0.03,0.54,0.24,0.36,0.53,4561.22,0.54,0.68,0.36,0.64,0.23,151.0291034402861
4,3,1,1,0.17397260273972603,0.17397260273972603,163000.0,0.68,0.2,0.5,0.36,0.5,0.45,4034.06,0.04,4034.03,0.11,0.57,0.14,0.59,0.19,0.68,0.2,0.53,0.03,4034.07,0.09,0.51,0.19,0.45,0.08,4034.04,0.52,0.63,0.41,0.6,0.22,190.27377583261998
4,3,2,1,0.17397260273972603,0.17397260273972603,159000.0,0.69,0.32,0.64,0.33,0.57,0.58,5401.8,0.34,5401.75,0.03,0.51,0.18,0.49,0.24,0.73,0.24,0.62,0.49,5401.8,0.01,0.5,0.23,0.4,0.04,5401.77,0.54,0.62,0.34,0.6,0.15,146.8873576570662
4,3,3,1,0.17397260273972603,0.17397260273972603,154000.0,0.66,0.14,0.56,0.42,0.49,0.53,5890.6,0.31,5890.55,0.04,0.5,0.24,0.51,0.26,0.67,0.2,0.55,0.01,5890.62,0.03,0.43,0.27,0.41,0.07,5890.57,0.48,0.6,0.39,0.56,0.23,153.7664443263262
4,3,4,1,0.17397260273972603,0.17397260273972603,162500.0,0.68,0.19,0.48,0.35,0.51,0.48,2590.02,0.04,2590.0,0.1,0.64,0.17,0.64,0.17,0.74,0.19,0.57,0.03,2590.03,0.1,0.57,0.19,0.47,0.09,2590.01,0.51,0.64,0.43,0.64,0.29,177.33259017966867
4,3,5,1,0.17397260273972603,0.17397260273972603,158000.0,0.72,0.18,0.58,0.31,0.55,0.49,3281.04,0.32,3281.01,0.11,0.65,0.21,0.63,0.27,0.69,0.18,0.53,0.01,3281.04,0.08,0.47,0.27,0.42,0.55,3281.02,0.51,0.68,0.42,0.68,0.23,160.09401515108112
4,3,6,1,0.17397260273972603,0.17397260273972603,160000.0,0.71,0.16,0.57,0.36,0.52,0.57,3301.18,0.34,3301.15,0.1,0.65,0.19,0.64,0.22,0.7,0.21,0.54,0.47,3301.18,0.07,0.53,0.25,0.42,0.55,3301.16,0.53,0.68,0.4,0.67,0.27,162.25192686628458
4,3,7,1,0.17397260273972603,0.17397260273972603,161000.0,0.69,0.14,0.59,0.38,0.51,0.58,3741.64,0.34,3741.61,0.06,0.61,0.25,0.57,0.28,0.7,0.25,0.55,0.48,3741.65,0.05,0.54,0.25,0.4,0.55,3741.62,1.0,0.69,0.37,0.67,0.2,157.80068788666267
4,3,8,1,0.17397260273972603,0.17397260273972603,163000.0,0.71,0.14,0.61,0.38,0.52,0.56,4284.87,0.35,4284.83,0.04,0.62,0.28,0.58,0.26,0.69,0.24,0.54,0.47,4284.87,0.04,0.53,0.25,0.38,0.54,4284.84,1.0,0.69,0.36,0.65,0.21,151.56256597389415
4,4,1,1,0.17397260273972603,0.17397260273972603,163000.0,0.68,0.2,0.5,0.36,0.5,0.45,4034.0,0.04,4034.01,0.11,0.57,0.14,0.59,0.19,0.68,0.2,0.53,0.03,4034.01,0.09,0.51,0.19,0.45,0.08,4034.01,0.52,0.63,0.41,0.6,0.22,190.27377583261995
4,4,2,1,0.17397260273972603,0.17397260273972603,159000.0,0.69,0.32,0.64,0.33,0.57,0.58,5401.72,0.34,5401.72,0.03,0.51,0.18,0.49,0.24,0.73,0.24,0.62,0.49,5401.72,0.01,0.5,0.23,0.4,0.04,5401.73,0.54,0.62,0.34,0.6,0.15,146.8873576570661
4,4,3,1,0.17397260273972603,0.17397260273972603,154000.0,0.66,0.32,0.56,0.45,0.49,0.51,5920.66,0.31,5920.67,0.04,0.5,0.24,0.51,0.26,0.67,0.24,0.55,0.01,5920.66,0.03,0.43,0.27,0.41,0.07,5920.68,0.48,0.6,0.39,0.56,0.25,153.72819475832455
4,4,4,1,0.17397260273972603,0.17397260273972603,162000.0,0.68,0.18,0.51,0.32,0.49,0.59,3064.19,0.02,3064.19,0.1,0.63,0.19,0.63,0.3,0.71,0.19,0.53,0.02,3064.19,0.08,0.51,0.17,0.47,0.08,3064.2,0.51,0.64,0.4,0.64,0.25,170.88624545133516
4,4,5,1,0.17397260273972603,0.17397260273972603,159000.0,0.72,0.17,0.6,0.35,0.55,0.49,3439.03,0.32,3439.03,0.11,0.61,0.17,0.58,0.25,0.69,0.17,0.53,0.47,3439.03,0.08,0.51,0.27,0.43,0.06,3439.04,0.48,0.7,0.41,0.67,0.21,154.64301370640132
4,4,6,1,0.17397260273972603,0.17397260273972603,161750.0,0.72,0.18,0.6,0.38,0.54,0.53,3001.72,0.34,3001.72,0.12,0.64,0.15,0.6,0.24,0.7,0.19,0.54,0.46,3001.72,0.09,0.49,0.14,0.45,0.05,3001.73,0.52,0.67,0.39,0.65,0.24,168.23499723613799
4,4,7,1,0.17397260273972603,0.17397260273972603,163000.0,0.68,0.15,0.53,0.39,0.52,0.52,2947.59,0.32,2947.59,0.11,0.62,0.16,0.6,0.19,0.69,0.17,0.54,0.45,2947.59,0.07,0.53,0.14,0.39,0.5,2947.6,0.53,0.64,0.38,0.61,0.21,175.28957967975225
4,4,8,1,0.17397260273972603,0.17397260273972603,164500.0,0.69,0.15,0.53,0.44,0.52,0.54,3441.03,0.33,3441.04,0.09,0.63,0.14,0.6,0.17,0.66,0.21,0.51,0.44,3441.03,0.06,0.49,0.31,0.41,0.52,3441.04,0.53,0.6,0.33,0.58,0.2,166.39716599172468
4,5,1,1,0.17397260273972603,0.17397260273972603,163000.0,0.68,0.2,0.5,0.36,0.5,0.45,4034.0,0.04,4034.01,0.11,0.57,0.14,0.59,0.19,0.68,0.2,0.53,0.03,4034.01,0.09,0.51,0.19,0.45,0.08,4034.01,0.52,0.63,0.41,0.6,0.22,190.27377583261998
4,5,2,1,0.17397260273972603,0.17397260273972603,159000.0,0.69,0.32,0.64,0.33,0.57,0.58,5401.72,0.34,5401.72,0.03,0.51,0.18,0.49,0.24,0.73,0.24,0.62,0.49,5401.72,0.01,0.5,0.23,0.4,0.04,5401.73,0.54,0.62,0.34,0.6,0.15,146.8873576570662
4,5,3,1,0.17397260273972603,0.17397260273972603,155000.0,0.66,0.14,0.58,0.42,0.5,0.54,5832.83,0.31,5832.84,0.04,0.52,0.23,0.52,0.27,0.7,0.2,0.56,0.01,5832.84,0.03,0.47,0.26,0.4,0.07,5832.85,0.49,0.61,0.39,0.57,0.26,151.6013105518248
4,5,4,1,0.17397260273972603,0.17397260273972603,162500.0,0.68,0.18,0.52,0.37,0.49,0.46,3098.07,0.02,3098.07,0.1,0.62,0.18,0.6,0.24,0.72,0.21,0.55,0.02,3098.07,0.08,0.52,0.18,0.44,0.08,3098.08,0.52,0.65,0.4,0.63,0.25,171.864719473328
4,5,5,1,0.17397260273972603,0.17397260273972603,158000.0,0.72,0.18,0.55,0.32,0.55,0.5,3438.21,0.32,3438.22,0.11,0.58,0.21,0.58,0.25,0.7,0.2,0.55,0.49,3438.22,0.09,0.51,0.27,0.43,0.06,3438.22,0.5,0.68,0.41,0.65,0.22,160.34359152298475
4,5,6,1,0.17397260273972603,0.17397260273972603,160000.0,0.71,0.16,0.58,0.41,0.52,0.41,3091.21,0.34,3091.21,0.12,0.63,0.16,0.6,0.22,0.71,0.15,0.55,0.47,3091.21,0.07,0.53,0.25,0.42,0.05,3091.21,0.51,0.67,0.4,0.65,0.21,168.65543717763634
4,5,7,1,0.17397260273972603,0.17397260273972603,160000.0,0.71,0.15,0.58,0.36,0.49,0.46,3126.46,0.33,3126.46,0.07,0.64,0.17,0.6,0.22,0.7,0.23,0.55,0.48,3126.46,0.06,0.55,0.25,0.41,0.54,3126.47,0.51,0.65,0.39,0.62,0.2,166.63808088808486
4,5,8,1,0.17397260273972603,0.17397260273972603,160000.0,0.71,0.16,0.59,0.39,0.49,0.6,3289.05,0.34,3289.06,0.05,0.65,0.15,0.61,0.25,0.71,0.2,0.56,0.47,3289.06,0.05,0.54,0.13,0.42,0.55,3289.06,0.52,0.66,0.38,0.63,0.17,162.07300585310966
5,1,1,1,0.16712328767123288,0.16712328767123288,163000.0,0.75,0.25,0.5,0.36,0.5,0.45,4033.93,0.0,4033.94,0.0,0.57,0.14,0.59,0.19,0.68,0.2,0.53,0.03,4033.93,0.0,0.51,0.19,0.45,0.08,4033.99,0.0,0.63,0.41,0.6,0.22,189.36039097238952
5,1,2,1,0.16712328767123288,0.16712328767123288,159895.0,0.74,0.17,0.64,0.34,0.59,0.45,5348.6,0.0,5348.61,0.0,0.53,0.23,0.51,0.24,0.74,0.2,0.62,0.48,5348.61,0.0,0.51,0.22,0.42,0.04,5348.69,0.0,0.62,0.34,0.61,0.19,144.31662156240608
5,1,3,1,0.16712328767123288,0.16712328767123288,160000.0,0.74,0.22,0.58,0.42,0.53,0.44,5047.05,0.0,5047.07,0.0,0.57,0.22,0.56,0.27,0.68,0.22,0.51,0.02,5047.06,0.0,0.44,0.28,0.41,0.07,5047.13,0.0,0.64,0.4,0.6,0.24,160.02192203377106
5,1,4,1,0.16712328767123288,0.16712328767123288,163000.0,0.78,0.25,0.51,0.43,0.52,0.57,3167.73,0.0,3167.74,0.0,0.63,0.17,0.61,0.15,0.7,0.2,0.52,0.03,3167.74,0.0,0.51,0.3,0.45,0.54,3167.78,0.0,0.66,0.41,0.65,0.28,166.28876041130877
5,1,5,1,0.16712328767123288,0.16712328767123288,164500.0,0.74,0.24,0.5,0.32,0.51,0.57,3202.71,0.0,3202.72,0.0,0.62,0.17,0.61,0.26,0.74,0.23,0.54,0.02,3202.72,0.0,0.53,0.18,0.44,0.54,3202.76,0.0,0.66,0.39,0.68,0.25,170.5361341455181
5,1,6,1,0.16712328767123288,0.16712328767123288,163000.0,0.77,0.24,0.59,0.3,0.57,0.61,3503.22,0.0,3503.23,0.0,0.63,0.21,0.61,0.32,0.68,0.28,0.54,0.02,3503.23,0.0,0.47,0.3,0.41,0.06,3503.27,0.0,0.68,0.37,0.69,0.23,162.7652723003028
5,1,7,1,0.16712328767123288,0.16712328767123288,166000.0,0.75,0.23,0.58,0.35,0.55,0.6,3930.39,0.0,3930.4,0.0,0.6,0.3,0.6,0.32,0.69,0.26,0.53,0.02,3930.39,0.0,0.47,0.28,0.39,0.54,3930.45,0.0,0.68,0.36,0.68,0.22,160.95686587324977
5,1,8,1,0.16712328767123288,0.16712328767123288,166000.0,0.74,0.21,0.57,0.3,0.56,0.62,4263.95,0.0,4263.96,0.0,0.55,0.31,0.54,0.33,0.69,0.29,0.53,0.02,4263.96,0.0,0.46,0.27,0.4,0.55,4264.02,0.0,0.66,0.34,0.65,0.28,159.23649197996286
5,2,1,1,0.16712328767123288,0.16712328767123288,163000.0,0.75,0.25,0.5,0.36,0.5,0.45,4034.04,0.04,4034.04,0.11,0.57,0.14,0.59,0.19,0.68,0.2,0.53,0.03,4034.04,0.09,0.51,0.19,0.45,0.08,4034.04,0.52,0.63,0.41,0.6,0.22,189.36039097238955
5,2,2,1,0.16712328767123288,0.16712328767123288,159895.0,0.74,0.17,0.64,0.34,0.59,0.45,5348.76,0.33,5348.76,0.02,0.53,0.23,0.51,0.24,0.74,0.2,0.62,0.48,5348.76,0.02,0.51,0.22,0.42,0.04,5348.77,0.52,0.62,0.34,0.61,0.19,144.3166215624061
5,2,3,1,0.16712328767123288,0.16712328767123288,155000.0,0.7,0.18,0.58,0.42,0.5,0.54,5832.89,0.31,5832.88,0.04,0.52,0.23,0.52,0.27,0.7,0.2,0.56,0.01,5832.88,0.03,0.47,0.26,0.4,0.07,5832.89,0.49,0.61,0.39,0.57,0.26,151.61989407971518
5,2,4,1,0.16712328767123288,0.16712328767123288,160000.0,0.76,0.24,0.47,0.34,0.51,0.47,2518.49,0.33,2518.5,0.11,0.65,0.17,0.66,0.19,0.74,0.23,0.53,0.03,2518.5,0.1,0.57,0.19,0.47,0.1,2518.5,0.51,0.64,0.43,0.64,0.27,177.15508426144726
5,2,5,1,0.16712328767123288,0.16712328767123288,157900.0,0.78,0.21,0.56,0.38,0.54,0.53,3494.7,0.33,3494.7,0.09,0.6,0.22,0.61,0.3,0.69,0.18,0.53,0.47,3494.7,0.08,0.48,0.28,0.43,0.07,3494.7,0.51,0.66,0.41,0.64,0.25,162.11779438200688
5,2,6,1,0.16712328767123288,0.16712328767123288,160200.0,0.79,0.2,0.55,0.34,0.51,0.54,3301.28,0.35,3301.28,0.09,0.67,0.15,0.63,0.21,0.68,0.19,0.54,0.46,3301.28,0.07,0.51,0.27,0.4,0.54,3301.28,0.54,0.65,0.41,0.63,0.24,162.89360242785705
5,2,7,1,0.16712328767123288,0.16712328767123288,163000.0,0.78,0.19,0.61,0.36,0.52,0.56,3721.15,0.35,3721.15,0.06,0.61,0.25,0.57,0.26,0.71,0.21,0.57,0.46,3721.15,0.05,0.55,0.25,0.37,0.53,3721.15,1.0,0.69,0.39,0.67,0.2,157.13558331866017
5,2,8,1,0.16712328767123288,0.16712328767123288,164000.0,0.78,0.19,0.61,0.38,0.52,0.61,4079.51,0.36,4079.51,0.05,0.63,0.26,0.6,0.22,0.71,0.2,0.58,0.46,4079.51,0.04,0.56,0.24,0.37,0.52,4079.51,1.0,0.7,0.37,0.67,0.19,152.67437413307366
5,3,1,1,0.16712328767123288,0.16712328767123288,163000.0,0.75,0.25,0.5,0.36,0.5,0.45,4034.06,0.04,4034.03,0.11,0.57,0.14,0.59,0.19,0.68,0.2,0.53,0.03,4034.07,0.09,0.51,0.19,0.45,0.08,4034.04,0.52,0.63,0.41,0.6,0.22,189.36039097238955
5,3,2,1,0.16712328767123288,0.16712328767123288,159895.0,0.74,0.17,0.64,0.34,0.59,0.45,5348.79,0.33,5348.74,0.02,0.53,0.23,0.51,0.24,0.74,0.2,0.62,0.48,5348.8,0.02,0.51,0.22,0.42,0.04,5348.76,0.52,0.62,0.34,0.61,0.19,144.3166215624061
5,3,3,1,0.16712328767123288,0.16712328767123288,154000.0,0.7,0.18,0.56,0.42,0.49,0.53,5890.6,0.31,5890.55,0.04,0.5,0.24,0.51,0.26,0.67,0.2,0.55,0.01,5890.62,0.03,0.43,0.27,0.41,0.07,5890.57,0.48,0.6,0.39,0.56,0.23,154.11603165233885
5,3,4,1,0.16712328767123288,0.16712328767123288,162000.0,0.76,0.24,0.48,0.41,0.5,0.5,2644.42,0.04,2644.4,0.1,0.64,0.18,0.64,0.17,0.74,0.23,0.54,0.03,2644.42,0.09,0.55,0.18,0.48,0.09,2644.4,0.5,0.65,0.17,0.63,0.28,175.6177318742344
5,3,5,1,0.16712328767123288,0.16712328767123288,157000.0,0.76,0.23,0.57,0.36,0.55,0.48,3367.52,0.32,3367.49,0.11,0.63,0.21,0.61,0.3,0.69,0.2,0.52,0.01,3367.53,0.08,0.49,0.27,0.42,0.06,3367.5,0.5,0.67,0.42,0.66,0.28,159.403688494547
5,3,6,1,0.16712328767123288,0.16712328767123288,160000.0,0.78,0.21,0.58,0.35,0.53,0.6,3272.77,0.34,3272.74,0.1,0.66,0.19,0.64,0.2,0.69,0.22,0.54,0.46,3272.78,0.07,0.51,0.26,0.41,0.54,3272.75,0.53,0.69,0.41,0.68,0.24,162.1533429280773
5,3,7,1,0.16712328767123288,0.16712328767123288,162000.0,0.77,0.19,0.59,0.34,0.51,0.56,3702.17,0.35,3702.14,0.06,0.63,0.28,0.59,0.28,0.7,0.27,0.56,0.47,3702.18,0.05,0.54,0.24,0.39,0.53,3702.15,1.0,0.68,0.37,0.67,0.21,157.56203854036085
5,3,8,1,0.16712328767123288,0.16712328767123288,163000.0,0.78,0.18,0.61,0.39,0.53,0.6,4171.17,0.35,4171.13,0.05,0.63,0.25,0.6,0.22,0.7,0.2,0.55,0.47,4171.17,0.04,0.54,0.24,0.38,0.54,4171.14,1.0,0.7,0.37,0.67,0.15,149.5770440812287
5,4,1,1,0.16712328767123288,0.16712328767123288,163000.0,0.75,0.25,0.5,0.36,0.5,0.45,4034.0,0.04,4034.01,0.11,0.57,0.14,0.59,0.19,0.68,0.2,0.53,0.03,4034.01,0.09,0.51,0.19,0.45,0.08,4034.01,0.52,0.63,0.41,0.6,0.22,189.36039097238955
5,4,2,1,0.16712328767123288,0.16712328767123288,159895.0,0.74,0.17,0.64,0.34,0.59,0.45,5348.71,0.33,5348.72,0.02,0.53,0.23,0.51,0.24,0.74,0.2,0.62,0.48,5348.72,0.02,0.51,0.22,0.42,0.04,5348.73,0.52,0.62,0.34,0.61,0.19,144.3166215624061
5,4,3,1,0.16712328767123288,0.16712328767123288,154000.0,0.7,0.18,0.56,0.45,0.49,0.51,5920.66,0.31,5920.67,0.04,0.5,0.24,0.51,0.26,0.67,0.24,0.55,0.01,5920.66,0.03,0.43,0.27,0.41,0.07,5920.68,0.48,0.6,0.39,0.56,0.25,154.10446522969193
5,4,4,1,0.16712328767123288,0.16712328767123288,163000.0,0.75,0.24,0.5,0.36,0.5,0.56,2905.88,0.03,2905.88,0.1,0.62,0.18,0.63,0.18,0.7,0.21,0.54,0.02,2905.88,0.08,0.51,0.17,0.47,0.09,2905.89,0.51,0.63,0.4,0.63,0.25,174.01035277227206
5,4,5,1,0.16712328767123288,0.16712328767123288,158000.0,0.77,0.22,0.57,0.35,0.53,0.52,3449.62,0.32,3449.62,0.1,0.61,0.21,0.59,0.26,0.68,0.19,0.51,0.01,3449.62,0.08,0.51,0.15,0.44,0.07,3449.63,0.49,0.69,0.4,0.66,0.24,157.334495314997
5,4,6,1,0.16712328767123288,0.16712328767123288,160000.0,0.77,0.22,0.6,0.39,0.54,0.42,3037.83,0.33,3037.83,0.12,0.64,0.16,0.6,0.25,0.69,0.16,0.55,0.46,3037.83,0.08,0.51,0.15,0.44,0.05,3037.84,0.52,0.67,0.4,0.65,0.24,166.89489037084462
5,4,7,1,0.16712328767123288,0.16712328767123288,163000.0,0.74,0.19,0.52,0.4,0.5,0.56,2932.28,0.32,2932.28,0.11,0.63,0.16,0.61,0.25,0.69,0.21,0.54,0.46,2932.28,0.07,0.53,0.14,0.39,0.5,2932.29,0.53,0.64,0.38,0.62,0.23,174.56831305837434
5,4,8,1,0.16712328767123288,0.16712328767123288,164500.0,0.75,0.19,0.54,0.38,0.52,0.59,3459.16,0.33,3459.16,0.09,0.64,0.14,0.59,0.23,0.67,0.21,0.51,0.45,3459.16,0.06,0.5,0.31,0.41,0.51,3459.17,0.53,0.62,0.33,0.6,0.19,164.73525243445744
5,5,1,1,0.16712328767123288,0.16712328767123288,163000.0,0.75,0.25,0.5,0.36,0.5,0.45,4034.0,0.04,4034.01,0.11,0.57,0.14,0.59,0.19,0.68,0.2,0.53,0.03,4034.01,0.09,0.51,0.19,0.45,0.08,4034.01,0.52,0.63,0.41,0.6,0.22,189.36039097238955
5,5,2,1,0.16712328767123288,0.16712328767123288,159895.0,0.74,0.17,0.64,0.34,0.59,0.45,5348.71,0.33,5348.72,0.02,0.53,0.23,0.51,0.24,0.74,0.2,0.62,0.48,5348.72,0.02,0.51,0.22,0.42,0.04,5348.73,0.52,0.62,0.34,0.61,0.19,144.31662156240614
5,5,3,1,0.16712328767123288,0.16712328767123288,155000.0,0.7,0.18,0.58,0.42,0.5,0.54,5832.83,0.31,5832.84,0.04,0.52,0.23,0.52,0.27,0.7,0.2,0.56,0.01,5832.84,0.03,0.47,0.26,0.4,0.07,5832.85,0.49,0.61,0.39,0.57,0.26,151.61989407971518
5,5,4,1,0.16712328767123288,0.16712328767123288,160000.0,0.75,0.24,0.51,0.36,0.49,0.54,2887.09,0.33,2887.09,0.1,0.59,0.19,0.59,0.22,0.71,0.23,0.54,0.02,2887.09,0.08,0.52,0.17,0.44,0.56,2887.09,0.51,0.63,0.41,0.61,0.27,176.68714308706652
5,5,5,1,0.16712328767123288,0.16712328767123288,157000.0,0.78,0.23,0.57,0.39,0.55,0.52,3304.43,0.31,3304.43,0.11,0.59,0.19,0.58,0.26,0.72,0.16,0.56,0.5,3304.43,0.08,0.54,0.27,0.43,0.07,3304.44,0.48,0.67,0.42,0.65,0.27,159.4910146281398
5,5,6,1,0.16712328767123288,0.16712328767123288,160000.0,0.78,0.22,0.6,0.34,0.52,0.41,3137.15,0.33,3137.15,0.11,0.64,0.18,0.59,0.21,0.71,0.18,0.55,0.48,3137.15,0.08,0.54,0.24,0.41,0.54,3137.16,0.52,0.68,0.41,0.66,0.2,166.94002652397842
5,5,7,1,0.16712328767123288,0.16712328767123288,159000.0,0.77,0.19,0.58,0.4,0.48,0.51,3086.78,0.33,3086.78,0.07,0.65,0.16,0.62,0.22,0.7,0.22,0.55,0.48,3086.78,0.06,0.55,0.26,0.41,0.54,3086.79,0.51,0.65,0.39,0.62,0.2,166.33936520872612
5,5,8,1,0.16712328767123288,0.16712328767123288,161750.0,0.77,0.2,0.59,0.41,0.49,0.59,3284.33,0.35,3284.33,0.06,0.65,0.15,0.63,0.21,0.72,0.18,0.56,0.47,3284.33,0.05,0.56,0.25,0.42,0.55,3284.34,0.53,0.66,0.39,0.63,0.19,160.5688259187301
6,1,1,1,0.17534246575342466,0.17534246575342466,163000.0,0.77,0.26,0.5,0.36,0.5,0.45,4033.93,0.0,4033.94,0.0,0.57,0.14,0.59,0.19,0.68,0.2,0.53,0.03,4033.93,0.0,0.51,0.19,0.45,0.08,4033.99,0.0,0.63,0.41,0.6,0.22,189.09653028090258
6,1,2,1,0.17534246575342466,0.17534246575342466,158000.0,0.76,0.27,0.65,0.38,0.57,0.49,5284.34,0.0,5284.36,0.0,0.54,0.19,0.51,0.23,0.73,0.21,0.63,0.48,5284.35,0.0,0.5,0.23,0.39,0.03,5284.43,0.0,0.63,0.36,0.61,0.17,144.94826842872368
6,1,3,1,0.17534246575342466,0.17534246575342466,160000.0,0.77,0.23,0.58,0.42,0.53,0.44,5047.05,0.0,5047.07,0.0,0.57,0.22,0.56,0.27,0.68,0.22,0.51,0.02,5047.06,0.0,0.44,0.28,0.41,0.07,5047.13,0.0,0.64,0.4,0.6,0.24,159.635784217753
6,1,4,1,0.17534246575342466,0.17534246575342466,163000.0,0.8,0.26,0.51,0.43,0.52,0.57,3167.73,0.0,3167.74,0.0,0.63,0.17,0.61,0.15,0.7,0.2,0.52,0.03,3167.74,0.0,0.51,0.3,0.45,0.54,3167.78,0.0,0.66,0.41,0.65,0.28,166.18993688490556
6,1,5,1,0.17534246575342466,0.17534246575342466,164500.0,0.77,0.25,0.5,0.32,0.51,0.57,3202.71,0.0,3202.72,0.0,0.62,0.17,0.61,0.26,0.74,0.23,0.54,0.02,3202.72,0.0,0.53,0.18,0.44,0.54,3202.76,0.0,0.66,0.39,0.68,0.25,170.48548238594063
6,1,6,1,0.17534246575342466,0.17534246575342466,163000.0,0.79,0.25,0.59,0.3,0.57,0.61,3503.22,0.0,3503.23,0.0,0.63,0.21,0.61,0.32,0.68,0.28,0.54,0.02,3503.23,0.0,0.47,0.3,0.41,0.06,3503.27,0.0,0.68,0.37,0.69,0.23,162.4542906918662
6,1,7,1,0.17534246575342466,0.17534246575342466,166000.0,0.78,0.23,0.58,0.35,0.55,0.6,3930.39,0.0,3930.4,0.0,0.6,0.3,0.6,0.32,0.69,0.26,0.53,0.02,3930.39,0.0,0.47,0.28,0.39,0.54,3930.45,0.0,0.68,0.36,0.68,0.22,160.46021372492424
6,1,8,1,0.17534246575342466,0.17534246575342466,166000.0,0.77,0.22,0.57,0.3,0.56,0.62,4263.95,0.0,4263.96,0.0,0.55,0.31,0.54,0.33,0.69,0.29,0.53,0.02,4263.96,0.0,0.46,0.27,0.4,0.55,4264.02,0.0,0.66,0.34,0.65,0.28,158.63072227651062
6,2,1,1,0.17534246575342466,0.17534246575342466,163000.0,0.77,0.26,0.5,0.36,0.5,0.45,4034.04,0.04,4034.04,0.11,0.57,0.14,0.59,0.19,0.68,0.2,0.53,0.03,4034.04,0.09,0.51,0.19,0.45,0.08,4034.04,0.52,0.63,0.41,0.6,0.22,189.09653028090256
6,2,2,1,0.17534246575342466,0.17534246575342466,158000.0,0.76,0.27,0.65,0.38,0.57,0.49,5284.5,0.34,5284.5,0.02,0.54,0.19,0.51,0.23,0.73,0.21,0.63,0.48,5284.5,0.01,0.5,0.23,0.39,0.03,5284.51,0.54,0.63,0.36,0.61,0.17,144.94826842872368
6,2,3,1,0.17534246575342466,0.17534246575342466,155000.0,0.73,0.29,0.58,0.42,0.5,0.54,5832.89,0.31,5832.88,0.04,0.52,0.23,0.52,0.27,0.7,0.2,0.56,0.01,5832.88,0.03,0.47,0.26,0.4,0.07,5832.89,0.49,0.61,0.39,0.57,0.26,151.33720993375556
6,2,4,1,0.17534246575342466,0.17534246575342466,162000.0,0.78,0.25,0.47,0.34,0.5,0.54,2552.13,0.33,2552.13,0.11,0.65,0.16,0.66,0.27,0.73,0.22,0.53,0.03,2552.13,0.1,0.56,0.18,0.47,0.1,2552.13,0.51,0.64,0.42,0.64,0.25,177.29937593527188
6,2,5,1,0.17534246575342466,0.17534246575342466,157900.0,0.79,0.24,0.54,0.33,0.52,0.48,3504.65,0.32,3504.65,0.09,0.61,0.2,0.62,0.26,0.68,0.16,0.52,0.47,3504.65,0.08,0.48,0.28,0.43,0.56,3504.65,0.5,0.66,0.41,0.64,0.26,162.26370837905299
6,2,6,1,0.17534246575342466,0.17534246575342466,160000.0,0.8,0.23,0.56,0.34,0.51,0.54,3214.23,0.34,3214.23,0.08,0.66,0.14,0.64,0.24,0.69,0.21,0.54,0.47,3214.23,0.07,0.51,0.27,0.41,0.54,3214.23,0.53,0.66,0.41,0.65,0.25,163.0355395540752
6,2,7,1,0.17534246575342466,0.17534246575342466,164000.0,0.79,0.21,0.61,0.33,0.52,0.56,3723.61,0.36,3723.61,0.06,0.61,0.27,0.57,0.25,0.7,0.23,0.57,0.46,3723.61,0.06,0.54,0.26,0.37,0.52,3723.62,1.0,0.7,0.39,0.68,0.2,158.39677821991882
6,2,8,1,0.17534246575342466,0.17534246575342466,163990.0,0.8,0.22,0.61,0.42,0.52,0.62,4089.85,0.35,4089.85,0.05,0.63,0.26,0.59,0.24,0.71,0.2,0.58,0.46,4089.85,0.04,0.55,0.24,0.37,0.53,4089.85,1.0,0.7,0.37,0.67,0.2,152.82208184346487
6,3,1,1,0.17534246575342466,0.17534246575342466,163000.0,0.77,0.26,0.5,0.36,0.5,0.45,4034.06,0.04,4034.03,0.11,0.57,0.14,0.59,0.19,0.68,0.2,0.53,0.03,4034.07,0.09,0.51,0.19,0.45,0.08,4034.04,0.52,0.63,0.41,0.6,0.22,189.09653028090256
6,3,2,1,0.17534246575342466,0.17534246575342466,158000.0,0.76,0.27,0.65,0.38,0.57,0.49,5284.53,0.34,5284.48,0.02,0.54,0.19,0.51,0.23,0.73,0.21,0.63,0.48,5284.54,0.01,0.5,0.23,0.39,0.03,5284.5,0.54,0.63,0.36,0.61,0.17,144.94826842872368
6,3,3,1,0.17534246575342466,0.17534246575342466,154000.0,0.73,0.29,0.56,0.42,0.49,0.53,5890.6,0.31,5890.55,0.04,0.5,0.24,0.51,0.26,0.67,0.2,0.55,0.01,5890.62,0.03,0.43,0.27,0.41,0.07,5890.57,0.48,0.6,0.39,0.56,0.23,153.62993005531925
6,3,4,1,0.17534246575342466,0.17534246575342466,162000.0,0.78,0.25,0.48,0.35,0.49,0.54,2647.95,0.34,2647.93,0.11,0.64,0.15,0.65,0.17,0.73,0.21,0.53,0.03,2647.95,0.09,0.55,0.19,0.48,0.09,2647.93,0.5,0.64,0.42,0.63,0.28,175.77481687916284
6,3,5,1,0.17534246575342466,0.17534246575342466,157000.0,0.79,0.24,0.56,0.4,0.55,0.45,3374.13,0.32,3374.1,0.11,0.62,0.18,0.62,0.26,0.69,0.21,0.53,0.01,3374.14,0.08,0.48,0.28,0.43,0.07,3374.11,0.5,0.67,0.42,0.66,0.22,160.000649400057
6,3,6,1,0.17534246575342466,0.17534246575342466,160000.0,0.79,0.25,0.58,0.36,0.52,0.56,3286.73,0.34,3286.7,0.1,0.66,0.18,0.64,0.22,0.7,0.22,0.53,0.47,3286.74,0.07,0.51,0.26,0.42,0.55,3286.71,0.53,0.69,0.4,0.68,0.23,162.24831541215536
6,3,7,1,0.17534246575342466,0.17534246575342466,162500.0,0.78,0.22,0.58,0.32,0.51,0.6,3751.78,0.35,3751.74,0.07,0.62,0.27,0.58,0.24,0.69,0.28,0.55,0.47,3751.78,0.05,0.53,0.25,0.39,0.54,3751.75,1.0,0.68,0.37,0.67,0.2,158.29511706886194
6,3,8,1,0.17534246575342466,0.17534246575342466,163990.0,0.8,0.21,0.61,0.39,0.53,0.53,4197.88,0.36,4197.85,0.05,0.63,0.27,0.59,0.27,0.7,0.24,0.55,0.47,4197.89,0.04,0.54,0.25,0.39,0.53,4197.86,1.0,0.7,0.37,0.67,0.16,150.5992248436003
6,4,1,1,0.17534246575342466,0.17534246575342466,163000.0,0.77,0.26,0.5,0.36,0.5,0.45,4034.0,0.04,4034.01,0.11,0.57,0.14,0.59,0.19,0.68,0.2,0.53,0.03,4034.01,0.09,0.51,0.19,0.45,0.08,4034.01,0.52,0.63,0.41,0.6,0.22,189.09653028090256
6,4,2,1,0.17534246575342466,0.17534246575342466,158000.0,0.76,0.27,0.65,0.38,0.57,0.49,5284.46,0.34,5284.46,0.02,0.54,0.19,0.51,0.23,0.73,0.21,0.63,0.48,5284.46,0.01,0.5,0.23,0.39,0.03,5284.47,0.54,0.63,0.36,0.61,0.17,144.94826842872362
6,4,3,1,0.17534246575342466,0.17534246575342466,154000.0,0.73,0.29,0.56,0.45,0.49,0.51,5920.66,0.31,5920.67,0.04,0.5,0.24,0.51,0.26,0.67,0.24,0.55,0.01,5920.66,0.03,0.43,0.27,0.41,0.07,5920.68,0.48,0.6,0.39,0.56,0.25,153.59627001393667
6,4,4,1,0.17534246575342466,0.17534246575342466,162000.0,0.77,0.25,0.49,0.36,0.49,0.5,2930.18,0.03,2930.18,0.1,0.62,0.19,0.62,0.27,0.7,0.22,0.54,0.02,2930.18,0.08,0.52,0.18,0.47,0.09,2930.18,0.51,0.63,0.4,0.63,0.24,174.07584343328608
6,4,5,1,0.17534246575342466,0.17534246575342466,158000.0,0.79,0.25,0.57,0.33,0.54,0.54,3562.96,0.32,3562.96,0.1,0.61,0.16,0.58,0.3,0.68,0.17,0.53,0.47,3562.96,0.07,0.51,0.15,0.43,0.07,3562.97,0.49,0.69,0.4,0.67,0.24,154.51024061460728
6,4,6,1,0.17534246575342466,0.17534246575342466,161750.0,0.79,0.25,0.6,0.38,0.55,0.46,3060.35,0.34,3060.35,0.12,0.63,0.15,0.59,0.25,0.69,0.16,0.54,0.45,3060.35,0.09,0.5,0.27,0.44,0.05,3060.36,0.53,0.68,0.4,0.65,0.24,167.8587397842852
6,4,7,1,0.17534246575342466,0.17534246575342466,163000.0,0.77,0.22,0.52,0.41,0.5,0.51,2916.39,0.32,2916.39,0.11,0.62,0.16,0.61,0.27,0.7,0.17,0.54,0.46,2916.39,0.07,0.53,0.14,0.4,0.51,2916.4,0.53,0.64,0.38,0.62,0.21,175.32035408836975
6,4,8,1,0.17534246575342466,0.17534246575342466,164500.0,0.77,0.21,0.54,0.4,0.52,0.57,3424.58,0.33,3424.58,0.09,0.63,0.14,0.6,0.21,0.66,0.23,0.51,0.44,3424.58,0.06,0.49,0.31,0.42,0.52,3424.59,0.53,0.6,0.33,0.58,0.19,166.2929295916648
6,5,1,1,0.17534246575342466,0.17534246575342466,163000.0,0.77,0.26,0.5,0.36,0.5,0.45,4034.0,0.04,4034.01,0.11,0.57,0.14,0.59,0.19,0.68,0.2,0.53,0.03,4034.01,0.09,0.51,0.19,0.45,0.08,4034.01,0.52,0.63,0.41,0.6,0.22,189.09653028090256
6,5,2,1,0.17534246575342466,0.17534246575342466,158000.0,0.76,0.27,0.65,0.38,0.57,0.49,5284.46,0.34,5284.46,0.02,0.54,0.19,0.51,0.23,0.73,0.21,0.63,0.48,5284.46,0.01,0.5,0.23,0.39,0.03,5284.47,0.54,0.63,0.36,0.61,0.17,144.94826842872368
6,5,3,1,0.17534246575342466,0.17534246575342466,155000.0,0.73,0.29,0.58,0.42,0.5,0.54,5832.83,0.31,5832.84,0.04,0.52,0.23,0.52,0.27,0.7,0.2,0.56,0.01,5832.84,0.03,0.47,0.26,0.4,0.07,5832.85,0.49,0.61,0.39,0.57,0.26,151.33720993375553
6,5,4,1,0.17534246575342466,0.17534246575342466,160000.0,0.77,0.25,0.51,0.32,0.49,0.47,2917.02,0.33,2917.02,0.1,0.6,0.16,0.59,0.24,0.71,0.2,0.55,0.02,2917.02,0.08,0.52,0.18,0.44,0.08,2917.02,0.51,0.63,0.41,0.62,0.25,175.47300368283547
6,5,5,1,0.17534246575342466,0.17534246575342466,157000.0,0.79,0.25,0.56,0.34,0.55,0.55,3484.16,0.31,3484.17,0.1,0.58,0.22,0.57,0.24,0.7,0.16,0.55,0.49,3484.17,0.08,0.53,0.27,0.42,0.06,3484.17,0.49,0.68,0.41,0.65,0.26,159.6586850287954
6,5,6,1,0.17534246575342466,0.17534246575342466,160000.0,0.79,0.24,0.6,0.41,0.52,0.42,3146.81,0.33,3146.81,0.12,0.62,0.18,0.58,0.24,0.71,0.18,0.55,0.48,3146.81,0.07,0.53,0.26,0.41,0.05,3146.81,0.51,0.67,0.41,0.65,0.19,167.84472218846665
6,5,7,1,0.17534246575342466,0.17534246575342466,160000.0,0.79,0.22,0.57,0.33,0.49,0.48,3086.37,0.34,3086.38,0.07,0.64,0.15,0.62,0.27,0.71,0.2,0.55,0.48,3086.37,0.06,0.56,0.26,0.42,0.54,3086.38,0.51,0.65,0.4,0.62,0.19,166.89759733739467
6,5,8,1,0.17534246575342466,0.17534246575342466,161000.0,0.79,0.23,0.59,0.41,0.49,0.55,3285.35,0.34,3285.35,0.06,0.65,0.16,0.62,0.23,0.72,0.18,0.56,0.47,3285.35,0.05,0.55,0.13,0.41,0.55,3285.36,0.52,0.67,0.39,0.64,0.21,161.63309753457608
7,1,1,1,0.17671232876712328,0.17671232876712328,163000.0,0.77,0.26,0.5,0.36,0.5,0.45,4033.93,0.0,4033.94,0.0,0.57,0.14,0.59,0.19,0.68,0.2,0.53,0.03,4033.93,0.0,0.51,0.19,0.45,0.08,4033.99,0.0,0.63,0.41,0.6,0.22,189.26120627687718
7,1,2,1,0.17671232876712328,0.17671232876712328,157000.0,0.77,0.31,0.66,0.34,0.56,0.49,5324.17,0.0,5324.19,0.0,0.54,0.24,0.5,0.25,0.73,0.24,0.63,0.49,5324.18,0.0,0.49,0.22,0.39,0.03,5324.26,0.0,0.63,0.37,0.62,0.19,144.28795482376685
7,1,3,1,0.17671232876712328,0.17671232876712328,160000.0,0.77,0.24,0.58,0.42,0.53,0.44,5047.05,0.0,5047.07,0.0,0.57,0.22,0.56,0.27,0.68,0.22,0.51,0.02,5047.06,0.0,0.44,0.28,0.41,0.07,5047.13,0.0,0.64,0.4,0.6,0.24,159.44221065566109
7,1,4,1,0.17671232876712328,0.17671232876712328,163000.0,0.8,0.3,0.51,0.43,0.52,0.57,3167.73,0.0,3167.74,0.0,0.63,0.17,0.61,0.15,0.7,0.2,0.52,0.03,3167.74,0.0,0.51,0.3,0.45,0.54,3167.78,0.0,0.66,0.41,0.65,0.28,166.0069514748073
7,1,5,1,0.17671232876712328,0.17671232876712328,164500.0,0.77,0.28,0.5,0.32,0.51,0.57,3202.71,0.0,3202.72,0.0,0.62,0.17,0.61,0.26,0.74,0.23,0.54,0.02,3202.72,0.0,0.53,0.18,0.44,0.54,3202.76,0.0,0.66,0.39,0.68,0.25,170.4650444075204
7,1,6,1,0.17671232876712328,0.17671232876712328,163000.0,0.79,0.26,0.59,0.3,0.57,0.61,3503.22,0.0,3503.23,0.0,0.63,0.21,0.61,0.32,0.68,0.28,0.54,0.02,3503.23,0.0,0.47,0.3,0.41,0.06,3503.27,0.0,0.68,0.37,0.69,0.23,162.20603491715508
7,1,7,1,0.17671232876712328,0.17671232876712328,166000.0,0.78,0.27,0.58,0.35,0.55,0.6,3930.39,0.0,3930.4,0.0,0.6,0.3,0.6,0.32,0.69,0.26,0.53,0.02,3930.39,0.0,0.47,0.28,0.39,0.54,3930.45,0.0,0.68,0.36,0.68,0.22,160.288423345436
7,1,8,1,0.17671232876712328,0.17671232876712328,166000.0,0.78,0.23,0.57,0.3,0.56,0.62,4263.95,0.0,4263.96,0.0,0.55,0.31,0.54,0.33,0.69,0.29,0.53,0.02,4263.96,0.0,0.46,0.27,0.4,0.55,4264.02,0.0,0.66,0.34,0.65,0.28,158.4688309831293
7,2,1,1,0.17671232876712328,0.17671232876712328,163000.0,0.77,0.26,0.5,0.36,0.5,0.45,4034.04,0.04,4034.04,0.11,0.57,0.14,0.59,0.19,0.68,0.2,0.53,0.03,4034.04,0.09,0.51,0.19,0.45,0.08,4034.04,0.52,0.63,0.41,0.6,0.22,189.26120627687715
7,2,2,1,0.17671232876712328,0.17671232876712328,157000.0,0.77,0.31,0.66,0.34,0.56,0.49,5324.33,0.34,5324.33,0.02,0.54,0.24,0.5,0.25,0.73,0.24,0.63,0.49,5324.33,0.01,0.49,0.22,0.39,0.03,5324.34,0.53,0.63,0.37,0.62,0.19,144.28795482376688
7,2,3,1,0.17671232876712328,0.17671232876712328,155000.0,0.73,0.32,0.58,0.42,0.5,0.54,5832.89,0.31,5832.88,0.04,0.52,0.23,0.52,0.27,0.7,0.2,0.56,0.01,5832.88,0.03,0.47,0.26,0.4,0.07,5832.89,0.49,0.61,0.39,0.57,0.26,151.20012256850146
7,2,4,1,0.17671232876712328,0.17671232876712328,162000.0,0.77,0.28,0.48,0.33,0.51,0.54,2543.64,0.34,2543.64,0.11,0.65,0.18,0.66,0.2,0.73,0.22,0.53,0.03,2543.64,0.1,0.56,0.18,0.47,0.1,2543.64,0.51,0.64,0.42,0.64,0.25,177.3633252298847
7,2,5,1,0.17671232876712328,0.17671232876712328,158000.0,0.79,0.26,0.54,0.38,0.52,0.42,3530.2,0.32,3530.2,0.09,0.6,0.2,0.61,0.27,0.68,0.18,0.52,0.47,3530.2,0.07,0.48,0.28,0.43,0.07,3530.2,0.51,0.66,0.41,0.64,0.25,161.54308126868992
7,2,6,1,0.17671232876712328,0.17671232876712328,160000.0,0.8,0.24,0.56,0.37,0.51,0.59,3220.0,0.34,3220.0,0.09,0.67,0.14,0.64,0.25,0.68,0.18,0.53,0.47,3220.0,0.07,0.51,0.27,0.41,0.54,3220.0,0.53,0.67,0.41,0.65,0.2,163.87038125327408
7,2,7,1,0.17671232876712328,0.17671232876712328,164000.0,0.78,0.25,0.6,0.36,0.52,0.6,3768.36,0.36,3768.36,0.06,0.6,0.22,0.56,0.25,0.69,0.3,0.56,0.45,3768.36,0.06,0.53,0.26,0.37,0.52,3768.36,1.0,0.69,0.38,0.68,0.19,159.08121074186968
7,2,8,1,0.17671232876712328,0.17671232876712328,163000.0,0.79,0.23,0.61,0.38,0.53,0.57,4158.14,0.35,4158.14,0.05,0.62,0.27,0.58,0.25,0.7,0.22,0.58,0.46,4158.14,0.04,0.55,0.25,0.37,0.53,4158.15,1.0,0.7,0.37,0.65,0.23,153.83223188603935
7,3,1,1,0.17671232876712328,0.17671232876712328,163000.0,0.77,0.26,0.5,0.36,0.5,0.45,4034.06,0.04,4034.03,0.11,0.57,0.14,0.59,0.19,0.68,0.2,0.53,0.03,4034.07,0.09,0.51,0.19,0.45,0.08,4034.04,0.52,0.63,0.41,0.6,0.22,189.26120627687715
7,3,2,1,0.17671232876712328,0.17671232876712328,157000.0,0.77,0.31,0.66,0.34,0.56,0.49,5324.37,0.34,5324.31,0.02,0.54,0.24,0.5,0.25,0.73,0.24,0.63,0.49,5324.37,0.01,0.49,0.22,0.39,0.03,5324.34,0.53,0.63,0.37,0.62,0.19,144.28795482376688
7,3,3,1,0.17671232876712328,0.17671232876712328,154000.0,0.73,0.32,0.56,0.42,0.49,0.53,5890.6,0.31,5890.55,0.04,0.5,0.24,0.51,0.26,0.67,0.2,0.55,0.01,5890.62,0.03,0.43,0.27,0.41,0.07,5890.57,0.48,0.6,0.39,0.56,0.23,153.45216142042395
7,3,4,1,0.17671232876712328,0.17671232876712328,162000.0,0.77,0.25,0.48,0.37,0.51,0.54,2595.56,0.34,2595.54,0.11,0.64,0.16,0.64,0.18,0.74,0.21,0.57,0.03,2595.56,0.1,0.56,0.19,0.46,0.09,2595.54,0.51,0.64,0.42,0.64,0.24,176.63132649801202
7,3,5,1,0.17671232876712328,0.17671232876712328,157900.0,0.78,0.28,0.56,0.34,0.54,0.53,3379.98,0.32,3379.96,0.11,0.62,0.19,0.62,0.24,0.69,0.21,0.53,0.01,3379.99,0.07,0.48,0.28,0.43,0.07,3379.97,0.51,0.67,0.42,0.66,0.28,159.73842653205267
7,3,6,1,0.17671232876712328,0.17671232876712328,160000.0,0.79,0.25,0.58,0.35,0.52,0.56,3287.08,0.34,3287.06,0.11,0.65,0.19,0.64,0.21,0.7,0.25,0.53,0.47,3287.09,0.07,0.52,0.26,0.41,0.55,3287.06,0.53,0.68,0.4,0.68,0.23,162.3677318179562
7,3,7,1,0.17671232876712328,0.17671232876712328,163000.0,0.77,0.23,0.59,0.33,0.52,0.58,3724.32,0.35,3724.29,0.06,0.62,0.28,0.58,0.3,0.69,0.3,0.55,0.47,3724.33,0.05,0.53,0.25,0.39,0.54,3724.3,1.0,0.68,0.37,0.67,0.2,157.9833186936383
7,3,8,1,0.17671232876712328,0.17671232876712328,163900.0,0.79,0.23,0.61,0.35,0.52,0.53,4218.1,0.35,4218.07,0.05,0.62,0.25,0.59,0.27,0.7,0.24,0.54,0.47,4218.11,0.04,0.54,0.25,0.39,0.54,4218.08,1.0,0.69,0.36,0.66,0.17,151.22561515406724
7,4,1,1,0.17671232876712328,0.17671232876712328,163000.0,0.77,0.26,0.5,0.36,0.5,0.45,4034.0,0.04,4034.01,0.11,0.57,0.14,0.59,0.19,0.68,0.2,0.53,0.03,4034.01,0.09,0.51,0.19,0.45,0.08,4034.01,0.52,0.63,0.41,0.6,0.22,189.26120627687715
7,4,2,1,0.17671232876712328,0.17671232876712328,157000.0,0.77,0.31,0.66,0.34,0.56,0.49,5324.29,0.34,5324.29,0.02,0.54,0.24,0.5,0.25,0.73,0.24,0.63,0.49,5324.29,0.01,0.49,0.22,0.39,0.03,5324.3,0.53,0.63,0.37,0.62,0.19,144.28795482376688
7,4,3,1,0.17671232876712328,0.17671232876712328,154000.0,0.73,0.32,0.56,0.45,0.49,0.51,5920.66,0.31,5920.67,0.04,0.5,0.24,0.51,0.26,0.67,0.24,0.55,0.01,5920.66,0.03,0.43,0.27,0.41,0.07,5920.68,0.48,0.6,0.39,0.56,0.25,153.4138265593663
7,4,4,1,0.17671232876712328,0.17671232876712328,162000.0,0.76,0.26,0.49,0.37,0.5,0.54,2896.16,0.03,2896.16,0.1,0.61,0.17,0.62,0.22,0.71,0.2,0.54,0.02,2896.16,0.08,0.53,0.18,0.47,0.09,2896.17,0.51,0.63,0.4,0.63,0.25,174.43654304359453
7,4,5,1,0.17671232876712328,0.17671232876712328,159434.0,0.79,0.26,0.57,0.34,0.53,0.55,3534.35,0.32,3534.36,0.1,0.61,0.17,0.58,0.29,0.68,0.18,0.53,0.47,3534.35,0.08,0.51,0.14,0.44,0.07,3534.36,0.49,0.68,0.4,0.66,0.28,156.4732727119321
7,4,6,1,0.17671232876712328,0.17671232876712328,162000.0,0.79,0.25,0.59,0.36,0.54,0.45,3061.24,0.34,3061.25,0.12,0.64,0.16,0.59,0.29,0.69,0.17,0.54,0.46,3061.24,0.09,0.5,0.27,0.44,0.05,3061.25,0.52,0.68,0.39,0.65,0.28,167.85771841839474
7,4,7,1,0.17671232876712328,0.17671232876712328,163000.0,0.76,0.23,0.52,0.4,0.5,0.52,2909.16,0.32,2909.17,0.11,0.62,0.16,0.61,0.2,0.7,0.18,0.54,0.46,2909.16,0.07,0.53,0.14,0.4,0.5,2909.17,0.53,0.64,0.38,0.62,0.21,175.48853161880638
7,4,8,1,0.17671232876712328,0.17671232876712328,164500.0,0.77,0.23,0.54,0.36,0.52,0.5,3431.58,0.33,3431.59,0.09,0.63,0.14,0.6,0.21,0.66,0.21,0.51,0.44,3431.59,0.06,0.5,0.31,0.42,0.52,3431.59,0.53,0.6,0.33,0.58,0.2,166.31668879957618
7,5,1,1,0.17671232876712328,0.17671232876712328,163000.0,0.77,0.26,0.5,0.36,0.5,0.45,4034.0,0.04,4034.01,0.11,0.57,0.14,0.59,0.19,0.68,0.2,0.53,0.03,4034.01,0.09,0.51,0.19,0.45,0.08,4034.01,0.52,0.63,0.41,0.6,0.22,189.26120627687715
7,5,2,1,0.17671232876712328,0.17671232876712328,157000.0,0.77,0.31,0.66,0.34,0.56,0.49,5324.29,0.34,5324.29,0.02,0.54,0.24,0.5,0.25,0.73,0.24,0.63,0.49,5324.29,0.01,0.49,0.22,0.39,0.03,5324.3,0.53,0.63,0.37,0.62,0.19,144.28795482376685
7,5,3,1,0.17671232876712328,0.17671232876712328,155000.0,0.73,0.32,0.58,0.42,0.5,0.54,5832.83,0.31,5832.84,0.04,0.52,0.23,0.52,0.27,0.7,0.2,0.56,0.01,5832.84,0.03,0.47,0.26,0.4,0.07,5832.85,0.49,0.61,0.39,0.57,0.26,151.20012256850146
7,5,4,1,0.17671232876712328,0.17671232876712328,160000.0,0.76,0.26,0.51,0.36,0.49,0.45,2935.38,0.34,2935.39,0.1,0.6,0.19,0.59,0.26,0.71,0.18,0.55,0.02,2935.39,0.08,0.52,0.18,0.43,0.08,2935.39,0.51,0.63,0.4,0.62,0.23,175.53111675138217
7,5,5,1,0.17671232876712328,0.17671232876712328,157000.0,0.79,0.24,0.56,0.38,0.55,0.52,3461.4,0.31,3461.4,0.1,0.58,0.21,0.57,0.24,0.7,0.16,0.55,0.49,3461.4,0.08,0.52,0.27,0.43,0.06,3461.41,0.48,0.67,0.41,0.65,0.25,159.50519584007944
7,5,6,1,0.17671232876712328,0.17671232876712328,160000.0,0.79,0.25,0.6,0.4,0.52,0.42,3152.63,0.33,3152.64,0.11,0.62,0.17,0.58,0.26,0.7,0.16,0.55,0.48,3152.64,0.07,0.52,0.25,0.41,0.05,3152.64,0.51,0.67,0.41,0.65,0.24,167.898140829949
7,5,7,1,0.17671232876712328,0.17671232876712328,160000.0,0.78,0.23,0.57,0.34,0.49,0.46,3110.1,0.34,3110.11,0.08,0.64,0.18,0.61,0.19,0.7,0.2,0.55,0.48,3110.11,0.06,0.55,0.13,0.42,0.53,3110.11,0.51,0.65,0.4,0.62,0.21,166.8355934473768
7,5,8,1,0.17671232876712328,0.17671232876712328,160200.0,0.78,0.24,0.59,0.35,0.49,0.57,3288.97,0.34,3288.98,0.06,0.65,0.14,0.62,0.21,0.72,0.22,0.56,0.47,3288.98,0.05,0.55,0.13,0.41,0.55,3288.98,0.52,0.67,0.39,0.64,0.21,161.2987575678154
8,1,1,1,0.17534246575342466,0.17534246575342466,163000.0,0.77,0.27,0.5,0.36,0.5,0.45,4033.93,0.0,4033.94,0.0,0.57,0.14,0.59,0.19,0.68,0.2,0.53,0.03,4033.93,0.0,0.51,0.19,0.45,0.08,4033.99,0.0,0.63,0.41,0.6,0.22,189.1667741622317
8,1,2,1,0.17534246575342466,0.17534246575342466,157000.0,0.77,0.32,0.66,0.4,0.58,0.52,5354.83,0.0,5354.84,0.0,0.54,0.21,0.5,0.24,0.73,0.21,0.62,0.49,5354.84,0.0,0.49,0.23,0.38,0.04,5354.92,0.0,0.63,0.36,0.61,0.2,144.4821505745506
8,1,3,1,0.17534246575342466,0.17534246575342466,160000.0,0.77,0.33,0.58,0.42,0.53,0.44,5047.05,0.0,5047.07,0.0,0.57,0.22,0.56,0.27,0.68,0.22,0.51,0.02,5047.06,0.0,0.44,0.28,0.41,0.07,5047.13,0.0,0.64,0.4,0.6,0.24,159.426656562904
8,1,4,1,0.17534246575342466,0.17534246575342466,163000.0,0.8,0.28,0.51,0.4,0.52,0.5,3164.84,0.0,3164.85,0.0,0.63,0.18,0.61,0.18,0.7,0.21,0.52,0.03,3164.85,0.0,0.51,0.3,0.45,0.54,3164.89,0.0,0.66,0.41,0.65,0.29,166.01955353046944
8,1,5,1,0.17534246575342466,0.17534246575342466,164500.0,0.77,0.27,0.5,0.32,0.51,0.57,3202.71,0.0,3202.72,0.0,0.62,0.17,0.61,0.26,0.74,0.23,0.54,0.02,3202.72,0.0,0.53,0.18,0.44,0.54,3202.76,0.0,0.66,0.39,0.68,0.25,170.4552649349096
8,1,6,1,0.17534246575342466,0.17534246575342466,163000.0,0.79,0.26,0.59,0.3,0.57,0.61,3503.22,0.0,3503.23,0.0,0.63,0.21,0.61,0.32,0.68,0.28,0.54,0.02,3503.23,0.0,0.47,0.3,0.41,0.06,3503.27,0.0,0.68,0.37,0.69,0.23,162.18696869084027
8,1,7,1,0.17534246575342466,0.17534246575342466,166000.0,0.78,0.24,0.58,0.35,0.55,0.6,3930.39,0.0,3930.4,0.0,0.6,0.3,0.6,0.32,0.69,0.26,0.53,0.02,3930.39,0.0,0.47,0.28,0.39,0.54,3930.45,0.0,0.68,0.36,0.68,0.22,160.2503364886804
8,1,8,1,0.17534246575342466,0.17534246575342466,166000.0,0.78,0.32,0.57,0.3,0.56,0.62,4263.95,0.0,4263.96,0.0,0.55,0.31,0.54,0.33,0.69,0.29,0.53,0.02,4263.96,0.0,0.46,0.27,0.4,0.55,4264.02,0.0,0.66,0.34,0.65,0.28,158.40455619163995
8,2,1,1,0.17534246575342466,0.17534246575342466,163000.0,0.77,0.27,0.5,0.36,0.5,0.45,4034.04,0.04,4034.04,0.11,0.57,0.14,0.59,0.19,0.68,0.2,0.53,0.03,4034.04,0.09,0.51,0.19,0.45,0.08,4034.04,0.52,0.63,0.41,0.6,0.22,189.1667741622317
8,2,2,1,0.17534246575342466,0.17534246575342466,157000.0,0.77,0.32,0.66,0.4,0.58,0.52,5354.99,0.34,5354.99,0.02,0.54,0.21,0.5,0.24,0.73,0.21,0.62,0.49,5354.99,0.02,0.49,0.23,0.38,0.04,5355.0,0.53,0.63,0.36,0.61,0.2,144.4821505745506
8,2,3,1,0.17534246575342466,0.17534246575342466,155000.0,0.73,0.32,0.58,0.42,0.5,0.54,5832.89,0.31,5832.88,0.04,0.52,0.23,0.52,0.27,0.7,0.2,0.56,0.01,5832.88,0.03,0.47,0.26,0.4,0.07,5832.89,0.49,0.61,0.39,0.57,0.26,151.25738127246245
8,2,4,1,0.17534246575342466,0.17534246575342466,162500.0,0.77,0.25,0.5,0.43,0.51,0.54,2626.79,0.03,2626.79,0.11,0.66,0.17,0.65,0.21,0.72,0.26,0.53,0.03,2626.79,0.09,0.55,0.18,0.46,0.1,2626.79,0.52,0.63,0.42,0.64,0.25,176.35114007480507
8,2,5,1,0.17534246575342466,0.17534246575342466,157900.0,0.79,0.27,0.54,0.36,0.53,0.44,3530.51,0.32,3530.51,0.09,0.6,0.23,0.61,0.27,0.67,0.19,0.52,0.47,3530.51,0.07,0.47,0.28,0.44,0.07,3530.51,0.5,0.67,0.42,0.64,0.23,161.423877511739
8,2,6,1,0.17534246575342466,0.17534246575342466,159895.0,0.8,0.27,0.57,0.32,0.52,0.61,3175.27,0.34,3175.27,0.09,0.67,0.13,0.64,0.25,0.69,0.19,0.53,0.47,3175.27,0.07,0.51,0.26,0.41,0.54,3175.27,0.53,0.67,0.41,0.65,0.22,163.08196162640112
8,2,7,1,0.17534246575342466,0.17534246575342466,163900.0,0.78,0.24,0.6,0.3,0.52,0.58,3721.31,0.36,3721.31,0.06,0.61,0.23,0.58,0.26,0.69,0.26,0.57,0.46,3721.31,0.06,0.53,0.25,0.37,0.52,3721.32,1.0,0.7,0.39,0.68,0.21,158.72510506435762
8,2,8,1,0.17534246575342466,0.17534246575342466,163000.0,0.79,0.24,0.61,0.33,0.53,0.6,4106.17,0.35,4106.17,0.05,0.62,0.26,0.59,0.24,0.71,0.23,0.57,0.46,4106.17,0.04,0.55,0.24,0.37,0.53,4106.17,0.55,0.7,0.37,0.66,0.21,153.23811421065997
8,3,1,1,0.17534246575342466,0.17534246575342466,163000.0,0.77,0.27,0.5,0.36,0.5,0.45,4034.06,0.04,4034.03,0.11,0.57,0.14,0.59,0.19,0.68,0.2,0.53,0.03,4034.07,0.09,0.51,0.19,0.45,0.08,4034.04,0.52,0.63,0.41,0.6,0.22,189.1667741622317
8,3,2,1,0.17534246575342466,0.17534246575342466,157000.0,0.77,0.32,0.66,0.4,0.58,0.52,5355.02,0.34,5354.97,0.02,0.54,0.21,0.5,0.24,0.73,0.21,0.62,0.49,5355.03,0.02,0.49,0.23,0.38,0.04,5354.99,0.53,0.63,0.36,0.61,0.2,144.4821505745506
8,3,3,1,0.17534246575342466,0.17534246575342466,154000.0,0.73,0.31,0.56,0.42,0.49,0.53,5890.6,0.31,5890.55,0.04,0.5,0.24,0.51,0.26,0.67,0.2,0.55,0.01,5890.62,0.03,0.43,0.27,0.41,0.07,5890.57,0.48,0.6,0.39,0.56,0.23,153.53268967660028
8,3,4,1,0.17534246575342466,0.17534246575342466,163000.0,0.77,0.25,0.47,0.36,0.5,0.53,2590.17,0.35,2590.15,0.11,0.64,0.17,0.64,0.17,0.74,0.23,0.57,0.03,2590.18,0.1,0.57,0.19,0.47,0.09,2590.16,0.52,0.64,0.42,0.64,0.27,177.92727118859992
8,3,5,1,0.17534246575342466,0.17534246575342466,157500.0,0.79,0.28,0.56,0.35,0.54,0.48,3404.05,0.32,3404.02,0.11,0.62,0.19,0.61,0.28,0.69,0.2,0.53,0.01,3404.06,0.07,0.48,0.28,0.43,0.06,3404.03,0.51,0.67,0.42,0.66,0.26,159.29378530914423
8,3,6,1,0.17534246575342466,0.17534246575342466,162000.0,0.79,0.28,0.58,0.37,0.52,0.62,3291.69,0.34,3291.66,0.1,0.65,0.2,0.64,0.23,0.7,0.27,0.53,0.46,3291.69,0.07,0.51,0.25,0.42,0.55,3291.67,0.53,0.68,0.4,0.68,0.23,162.42819786413904
8,3,7,1,0.17534246575342466,0.17534246575342466,162000.0,0.78,0.26,0.59,0.32,0.51,0.6,3710.99,0.35,3710.96,0.06,0.62,0.26,0.59,0.28,0.7,0.23,0.55,0.47,3711.0,0.05,0.53,0.25,0.39,0.54,3710.97,1.0,0.69,0.37,0.67,0.18,157.4854412193225
8,3,8,1,0.17534246575342466,0.17534246575342466,163900.0,0.79,0.23,0.61,0.37,0.52,0.62,4216.37,0.35,4216.34,0.05,0.62,0.29,0.59,0.27,0.7,0.22,0.54,0.47,4216.38,0.04,0.54,0.25,0.38,0.54,4216.35,1.0,0.69,0.36,0.66,0.2,151.25595170305652
8,4,1,1,0.17534246575342466,0.17534246575342466,163000.0,0.77,0.27,0.5,0.36,0.5,0.45,4034.0,0.04,4034.01,0.11,0.57,0.14,0.59,0.19,0.68,0.2,0.53,0.03,4034.01,0.09,0.51,0.19,0.45,0.08,4034.01,0.52,0.63,0.41,0.6,0.22,189.16677416223172
8,4,2,1,0.17534246575342466,0.17534246575342466,157000.0,0.77,0.32,0.66,0.4,0.58,0.52,5354.94,0.34,5354.95,0.02,0.54,0.21,0.5,0.24,0.73,0.21,0.62,0.49,5354.94,0.02,0.49,0.23,0.38,0.04,5354.96,0.53,0.63,0.36,0.61,0.2,144.48215057455064
8,4,3,1,0.17534246575342466,0.17534246575342466,154000.0,0.73,0.32,0.56,0.45,0.49,0.51,5920.66,0.31,5920.67,0.04,0.5,0.24,0.51,0.26,0.67,0.24,0.55,0.01,5920.66,0.03,0.43,0.27,0.41,0.07,5920.68,0.48,0.6,0.39,0.56,0.25,153.49750664883004
8,4,4,1,0.17534246575342466,0.17534246575342466,163000.0,0.77,0.24,0.49,0.41,0.48,0.52,2899.76,0.03,2899.77,0.1,0.62,0.16,0.62,0.25,0.71,0.22,0.54,0.02,2899.77,0.09,0.54,0.17,0.47,0.09,2899.77,0.52,0.64,0.4,0.64,0.24,174.2011705044473
8,4,5,1,0.17534246575342466,0.17534246575342466,160000.0,0.8,0.26,0.57,0.34,0.53,0.5,3499.61,0.32,3499.62,0.1,0.61,0.18,0.58,0.31,0.69,0.18,0.53,0.46,3499.62,0.08,0.52,0.15,0.43,0.07,3499.62,0.49,0.69,0.4,0.66,0.25,156.60351697141104
8,4,6,1,0.17534246575342466,0.17534246575342466,162000.0,0.79,0.25,0.6,0.39,0.55,0.53,3063.87,0.34,3063.87,0.12,0.63,0.15,0.59,0.26,0.69,0.19,0.54,0.45,3063.87,0.09,0.5,0.27,0.44,0.05,3063.88,0.52,0.68,0.4,0.65,0.25,167.5899212162779
8,4,7,1,0.17534246575342466,0.17534246575342466,163000.0,0.76,0.26,0.53,0.43,0.5,0.5,2920.22,0.32,2920.23,0.11,0.63,0.17,0.61,0.23,0.69,0.18,0.54,0.46,2920.23,0.07,0.52,0.14,0.4,0.5,2920.23,0.53,0.64,0.38,0.62,0.2,175.31378346480915
8,4,8,1,0.17534246575342466,0.17534246575342466,164990.0,0.77,0.23,0.54,0.35,0.52,0.48,3433.89,0.33,3433.9,0.09,0.63,0.14,0.6,0.18,0.66,0.25,0.51,0.44,3433.9,0.06,0.5,0.27,0.42,0.52,3433.9,0.53,0.6,0.33,0.58,0.18,166.30969042846806
8,5,1,1,0.17534246575342466,0.17534246575342466,163000.0,0.77,0.27,0.5,0.36,0.5,0.45,4034.0,0.04,4034.01,0.11,0.57,0.14,0.59,0.19,0.68,0.2,0.53,0.03,4034.01,0.09,0.51,0.19,0.45,0.08,4034.01,0.52,0.63,0.41,0.6,0.22,189.1667741622317
8,5,2,1,0.17534246575342466,0.17534246575342466,157000.0,0.77,0.32,0.66,0.4,0.58,0.52,5354.94,0.34,5354.95,0.02,0.54,0.21,0.5,0.24,0.73,0.21,0.62,0.49,5354.94,0.02,0.49,0.23,0.38,0.04,5354.96,0.53,0.63,0.36,0.61,0.2,144.48215057455056
8,5,3,1,0.17534246575342466,0.17534246575342466,155000.0,0.73,0.32,0.58,0.42,0.5,0.54,5832.83,0.31,5832.84,0.04,0.52,0.23,0.52,0.27,0.7,0.2,0.56,0.01,5832.84,0.03,0.47,0.26,0.4,0.07,5832.85,0.49,0.61,0.39,0.57,0.26,151.25738127246245
8,5,4,1,0.17534246575342466,0.17534246575342466,160000.0,0.77,0.28,0.51,0.33,0.49,0.47,3093.51,0.34,3093.51,0.1,0.6,0.17,0.59,0.22,0.71,0.2,0.54,0.02,3093.51,0.08,0.51,0.18,0.44,0.08,3093.52,0.51,0.63,0.4,0.61,0.27,171.8833278676283
8,5,5,1,0.17534246575342466,0.17534246575342466,157500.0,0.79,0.24,0.56,0.39,0.55,0.57,3428.04,0.31,3428.04,0.1,0.58,0.23,0.57,0.27,0.7,0.18,0.55,0.49,3428.04,0.08,0.52,0.27,0.43,0.06,3428.05,0.49,0.67,0.41,0.64,0.27,159.9143743489197
8,5,6,1,0.17534246575342466,0.17534246575342466,160000.0,0.79,0.26,0.59,0.37,0.53,0.45,3166.64,0.33,3166.64,0.11,0.62,0.17,0.58,0.22,0.7,0.16,0.55,0.48,3166.64,0.07,0.53,0.25,0.4,0.54,3166.65,0.51,0.68,0.41,0.65,0.23,167.58162512376944
8,5,7,1,0.17534246575342466,0.17534246575342466,160000.0,0.78,0.25,0.57,0.4,0.49,0.48,3104.11,0.34,3104.12,0.07,0.64,0.16,0.61,0.22,0.71,0.22,0.55,0.48,3104.11,0.06,0.56,0.26,0.42,0.54,3104.12,0.51,0.65,0.4,0.62,0.2,166.62683923114298
8,5,8,1,0.17534246575342466,0.17534246575342466,160200.0,0.78,0.23,0.59,0.43,0.49,0.62,3281.0,0.34,3281.01,0.06,0.65,0.18,0.62,0.23,0.72,0.21,0.56,0.47,3281.0,0.05,0.55,0.13,0.41,0.55,3281.01,0.52,0.67,0.39,0.64,0.23,162.02116004640752
9,1,1,1,0.17534246575342466,0.17534246575342466,163000.0,0.77,0.27,0.5,0.36,0.5,0.45,4033.93,0.0,4033.94,0.0,0.57,0.14,0.59,0.19,0.68,0.2,0.53,0.03,4033.93,0.0,0.51,0.19,0.45,0.08,4033.99,0.0,0.63,0.41,0.6,0.22,189.17842145948566
9,1,2,1,0.17534246575342466,0.17534246575342466,157900.0,0.77,0.32,0.66,0.36,0.59,0.51,5344.35,0.0,5344.36,0.0,0.55,0.22,0.51,0.23,0.72,0.22,0.62,0.48,5344.36,0.0,0.5,0.23,0.37,0.04,5344.44,0.0,0.63,0.37,0.61,0.18,144.30431632539623
9,1,3,1,0.17534246575342466,0.17534246575342466,160000.0,0.77,0.34,0.58,0.42,0.53,0.44,5047.05,0.0,5047.07,0.0,0.57,0.22,0.56,0.27,0.68,0.22,0.51,0.02,5047.06,0.0,0.44,0.28,0.41,0.07,5047.13,0.0,0.64,0.4,0.6,0.24,159.45187391200636
9,1,4,1,0.17534246575342466,0.17534246575342466,163000.0,0.8,0.29,0.51,0.4,0.52,0.5,3164.84,0.0,3164.85,0.0,0.63,0.18,0.61,0.18,0.7,0.21,0.52,0.03,3164.85,0.0,0.51,0.3,0.45,0.54,3164.89,0.0,0.66,0.41,0.65,0.29,166.02538839443577
9,1,5,1,0.17534246575342466,0.17534246575342466,164500.0,0.77,0.28,0.5,0.32,0.51,0.57,3202.71,0.0,3202.72,0.0,0.62,0.17,0.61,0.26,0.74,0.23,0.54,0.02,3202.72,0.0,0.53,0.18,0.44,0.54,3202.76,0.0,0.66,0.39,0.68,0.25,170.42295382386968
9,1,6,1,0.17534246575342466,0.17534246575342466,163000.0,0.79,0.27,0.59,0.3,0.57,0.61,3503.22,0.0,3503.23,0.0,0.63,0.21,0.61,0.32,0.68,0.28,0.54,0.02,3503.23,0.0,0.47,0.3,0.41,0.06,3503.27,0.0,0.68,0.37,0.69,0.23,162.23389835027078
9,1,7,1,0.17534246575342466,0.17534246575342466,166000.0,0.78,0.36,0.58,0.35,0.55,0.6,3930.39,0.0,3930.4,0.0,0.6,0.3,0.6,0.32,0.69,0.26,0.53,0.02,3930.39,0.0,0.47,0.28,0.39,0.54,3930.45,0.0,0.68,0.36,0.68,0.22,160.2791154416568
9,1,8,1,0.17534246575342466,0.17534246575342466,166000.0,0.78,0.35,0.57,0.3,0.56,0.62,4263.95,0.0,4263.96,0.0,0.55,0.31,0.54,0.33,0.69,0.29,0.53,0.02,4263.96,0.0,0.46,0.27,0.4,0.55,4264.02,0.0,0.66,0.34,0.65,0.28,158.43491216304554
9,2,1,1,0.17534246575342466,0.17534246575342466,163000.0,0.77,0.27,0.5,0.36,0.5,0.45,4034.04,0.04,4034.04,0.11,0.57,0.14,0.59,0.19,0.68,0.2,0.53,0.03,4034.04,0.09,0.51,0.19,0.45,0.08,4034.04,0.52,0.63,0.41,0.6,0.22,189.17842145948566
9,2,2,1,0.17534246575342466,0.17534246575342466,157900.0,0.77,0.32,0.66,0.36,0.59,0.51,5344.51,0.34,5344.51,0.02,0.55,0.22,0.51,0.23,0.72,0.22,0.62,0.48,5344.51,0.02,0.5,0.23,0.37,0.04,5344.52,0.53,0.63,0.37,0.61,0.18,144.30431632539623
9,2,3,1,0.17534246575342466,0.17534246575342466,155000.0,0.73,0.31,0.58,0.42,0.5,0.54,5832.89,0.31,5832.88,0.04,0.52,0.23,0.52,0.27,0.7,0.2,0.56,0.01,5832.88,0.03,0.47,0.26,0.4,0.07,5832.89,0.49,0.61,0.39,0.57,0.26,151.3011562970534
9,2,4,1,0.17534246575342466,0.17534246575342466,162500.0,0.77,0.26,0.47,0.36,0.5,0.49,2620.19,0.03,2620.19,0.1,0.64,0.17,0.64,0.18,0.73,0.23,0.55,0.03,2620.19,0.1,0.57,0.18,0.46,0.1,2620.19,0.52,0.63,0.42,0.63,0.23,176.93939572833656
9,2,5,1,0.17534246575342466,0.17534246575342466,158000.0,0.79,0.35,0.54,0.46,0.53,0.44,3479.98,0.32,3479.98,0.09,0.61,0.19,0.61,0.27,0.68,0.17,0.52,0.46,3479.98,0.08,0.48,0.28,0.44,0.55,3479.98,0.51,0.66,0.41,0.65,0.23,161.51762911266425
9,2,6,1,0.17534246575342466,0.17534246575342466,160000.0,0.8,0.26,0.56,0.34,0.52,0.54,3233.84,0.34,3233.84,0.09,0.67,0.14,0.64,0.24,0.68,0.22,0.53,0.47,3233.84,0.07,0.51,0.26,0.41,0.53,3233.84,0.53,0.66,0.41,0.65,0.23,163.6022771673223
9,2,7,1,0.17534246575342466,0.17534246575342466,163900.0,0.77,0.32,0.6,0.32,0.52,0.58,3752.11,0.36,3752.11,0.06,0.61,0.24,0.57,0.24,0.69,0.24,0.56,0.45,3752.11,0.06,0.53,0.25,0.37,0.52,3752.11,1.0,0.69,0.39,0.68,0.2,158.65467897924972
9,2,8,1,0.17534246575342466,0.17534246575342466,163000.0,0.79,0.32,0.61,0.37,0.52,0.61,4114.13,0.35,4114.13,0.05,0.62,0.24,0.59,0.27,0.7,0.23,0.57,0.46,4114.13,0.04,0.55,0.25,0.37,0.53,4114.13,1.0,0.7,0.37,0.66,0.19,153.40198392484692
9,3,1,1,0.17534246575342466,0.17534246575342466,163000.0,0.77,0.27,0.5,0.36,0.5,0.45,4034.06,0.04,4034.03,0.11,0.57,0.14,0.59,0.19,0.68,0.2,0.53,0.03,4034.07,0.09,0.51,0.19,0.45,0.08,4034.04,0.52,0.63,0.41,0.6,0.22,189.17842145948566
9,3,2,1,0.17534246575342466,0.17534246575342466,157900.0,0.77,0.32,0.66,0.36,0.59,0.51,5344.54,0.34,5344.49,0.02,0.55,0.22,0.51,0.23,0.72,0.22,0.62,0.48,5344.55,0.02,0.5,0.23,0.37,0.04,5344.51,0.53,0.63,0.37,0.61,0.18,144.30431632539623
9,3,3,1,0.17534246575342466,0.17534246575342466,154000.0,0.73,0.32,0.56,0.42,0.49,0.53,5890.6,0.31,5890.55,0.04,0.5,0.24,0.51,0.26,0.67,0.2,0.55,0.01,5890.62,0.03,0.43,0.27,0.41,0.07,5890.57,0.48,0.6,0.39,0.56,0.23,153.5729951291705
9,3,4,1,0.17534246575342466,0.17534246575342466,163000.0,0.76,0.27,0.47,0.34,0.5,0.49,2586.63,0.35,2586.61,0.11,0.64,0.17,0.64,0.19,0.73,0.2,0.57,0.03,2586.64,0.1,0.56,0.19,0.47,0.09,2586.62,0.52,0.64,0.42,0.64,0.28,177.65852676256932
9,3,5,1,0.17534246575342466,0.17534246575342466,158000.0,0.78,0.35,0.56,0.36,0.54,0.46,3366.36,0.32,3366.34,0.11,0.61,0.19,0.61,0.3,0.7,0.21,0.53,0.01,3366.37,0.07,0.49,0.28,0.43,0.55,3366.34,0.51,0.67,0.42,0.66,0.26,159.39543385399955
9,3,6,1,0.17534246575342466,0.17534246575342466,160000.0,0.79,0.27,0.58,0.34,0.53,0.56,3281.82,0.34,3281.79,0.1,0.65,0.19,0.63,0.19,0.7,0.27,0.54,0.47,3281.82,0.07,0.51,0.26,0.41,0.55,3281.8,0.53,0.68,0.4,0.68,0.25,162.49987771470543
9,3,7,1,0.17534246575342466,0.17534246575342466,162500.0,0.77,0.25,0.59,0.37,0.52,0.55,3731.68,0.35,3731.65,0.06,0.62,0.28,0.58,0.24,0.7,0.27,0.55,0.47,3731.69,0.05,0.54,0.25,0.38,0.54,3731.66,1.0,0.69,0.37,0.67,0.22,157.91733981976844
9,3,8,1,0.17534246575342466,0.17534246575342466,163000.0,0.78,0.3,0.61,0.41,0.52,0.6,4296.21,0.35,4296.17,0.05,0.61,0.25,0.57,0.29,0.69,0.21,0.54,0.47,4296.22,0.04,0.54,0.25,0.38,0.54,4296.19,1.0,0.69,0.36,0.65,0.19,151.29543046964133
9,4,1,1,0.17534246575342466,0.17534246575342466,163000.0,0.77,0.27,0.5,0.36,0.5,0.45,4034.0,0.04,4034.01,0.11,0.57,0.14,0.59,0.19,0.68,0.2,0.53,0.03,4034.01,0.09,0.51,0.19,0.45,0.08,4034.01,0.52,0.63,0.41,0.6,0.22,189.1784214594857
9,4,2,1,0.17534246575342466,0.17534246575342466,157900.0,0.77,0.32,0.66,0.36,0.59,0.51,5344.46,0.34,5344.47,0.02,0.55,0.22,0.51,0.23,0.72,0.22,0.62,0.48,5344.47,0.02,0.5,0.23,0.37,0.04,5344.48,0.53,0.63,0.37,0.61,0.18,144.30431632539623
9,4,3,1,0.17534246575342466,0.17534246575342466,154000.0,0.73,0.32,0.56,0.45,0.49,0.51,5920.66,0.31,5920.67,0.04,0.5,0.24,0.51,0.26,0.67,0.24,0.55,0.01,5920.66,0.03,0.43,0.27,0.41,0.07,5920.68,0.48,0.6,0.39,0.56,0.25,153.53809527699204
9,4,4,1,0.17534246575342466,0.17534246575342466,162500.0,0.77,0.27,0.49,0.38,0.49,0.48,2920.49,0.03,2920.49,0.1,0.62,0.21,0.62,0.31,0.71,0.18,0.54,0.02,2920.49,0.08,0.54,0.17,0.47,0.09,2920.49,0.52,0.64,0.4,0.63,0.27,173.71089213072122
9,4,5,1,0.17534246575342466,0.17534246575342466,160000.0,0.79,0.27,0.58,0.36,0.54,0.48,3499.26,0.33,3499.27,0.1,0.61,0.23,0.58,0.29,0.69,0.18,0.53,0.46,3499.26,0.08,0.52,0.15,0.43,0.07,3499.27,0.49,0.69,0.4,0.66,0.26,154.50448955898364
9,4,6,1,0.17534246575342466,0.17534246575342466,162000.0,0.79,0.27,0.59,0.34,0.54,0.53,3071.29,0.35,3071.3,0.12,0.64,0.16,0.59,0.27,0.69,0.17,0.54,0.45,3071.29,0.09,0.5,0.27,0.44,0.05,3071.3,0.53,0.68,0.39,0.65,0.24,167.62733855564784
9,4,7,1,0.17534246575342466,0.17534246575342466,163000.0,0.76,0.24,0.53,0.4,0.51,0.5,2933.8,0.32,2933.8,0.11,0.62,0.14,0.6,0.21,0.69,0.19,0.54,0.46,2933.8,0.07,0.53,0.14,0.39,0.5,2933.81,0.53,0.64,0.38,0.62,0.22,175.41807926727125
9,4,8,1,0.17534246575342466,0.17534246575342466,164500.0,0.77,0.25,0.54,0.35,0.52,0.52,3410.72,0.33,3410.72,0.09,0.63,0.14,0.6,0.14,0.67,0.24,0.51,0.44,3410.72,0.06,0.5,0.14,0.42,0.52,3410.73,0.53,0.6,0.33,0.58,0.2,166.33790765339924
9,5,1,1,0.17534246575342466,0.17534246575342466,163000.0,0.77,0.27,0.5,0.36,0.5,0.45,4034.0,0.04,4034.01,0.11,0.57,0.14,0.59,0.19,0.68,0.2,0.53,0.03,4034.01,0.09,0.51,0.19,0.45,0.08,4034.01,0.52,0.63,0.41,0.6,0.22,189.17842145948566
9,5,2,1,0.17534246575342466,0.17534246575342466,157900.0,0.77,0.32,0.66,0.36,0.59,0.51,5344.46,0.34,5344.47,0.02,0.55,0.22,0.51,0.23,0.72,0.22,0.62,0.48,5344.47,0.02,0.5,0.23,0.37,0.04,5344.48,0.53,0.63,0.37,0.61,0.18,144.30431632539623
9,5,3,1,0.17534246575342466,0.17534246575342466,155000.0,0.73,0.31,0.58,0.42,0.5,0.54,5832.83,0.31,5832.84,0.04,0.52,0.23,0.52,0.27,0.7,0.2,0.56,0.01,5832.84,0.03,0.47,0.26,0.4,0.07,5832.85,0.49,0.61,0.39,0.57,0.26,151.3011562970534
9,5,4,1,0.17534246575342466,0.17534246575342466,161000.0,0.76,0.27,0.51,0.36,0.48,0.49,2939.09,0.02,2939.09,0.1,0.61,0.2,0.59,0.28,0.71,0.21,0.55,0.02,2939.09,0.08,0.52,0.18,0.44,0.08,2939.1,0.51,0.63,0.41,0.62,0.25,175.42195773990466
9,5,5,1,0.17534246575342466,0.17534246575342466,157900.0,0.79,0.25,0.56,0.34,0.55,0.55,3386.96,0.31,3386.96,0.1,0.59,0.2,0.58,0.23,0.7,0.15,0.55,0.49,3386.96,0.09,0.52,0.27,0.43,0.06,3386.97,0.49,0.68,0.41,0.65,0.25,159.95648871224043
9,5,6,1,0.17534246575342466,0.17534246575342466,160000.0,0.78,0.26,0.59,0.43,0.53,0.47,3181.0,0.34,3181.0,0.11,0.62,0.17,0.58,0.25,0.7,0.23,0.55,0.48,3181.0,0.07,0.52,0.25,0.4,0.05,3181.01,0.51,0.68,0.41,0.65,0.2,167.61192878781318
9,5,7,1,0.17534246575342466,0.17534246575342466,160000.0,0.78,0.32,0.58,0.4,0.49,0.48,3097.02,0.34,3097.02,0.08,0.64,0.15,0.61,0.25,0.7,0.2,0.55,0.47,3097.02,0.06,0.55,0.13,0.42,0.53,3097.03,0.51,0.65,0.4,0.62,0.19,167.10985363583106
9,5,8,1,0.17534246575342466,0.17534246575342466,161000.0,0.78,0.25,0.59,0.4,0.49,0.59,3285.95,0.35,3285.95,0.06,0.65,0.16,0.62,0.23,0.72,0.21,0.56,0.47,3285.95,0.05,0.55,0.25,0.41,0.55,3285.96,0.52,0.67,0.38,0.64,0.2,162.00045670106542
